fb3eed83ad20c7dcf7b6fe8e6b19628fe5cf7f5a51a156d35c7e4f1e7f453573f788b852ce391020b6c1668a8188d12f4b54c852284075c4b816cbeeb75c1268d5451caacb96b4ef9b95a9ec2bf33fc29cf15d91544544abc95186cedb097160,d2883dc2cd2c4ffa6f5631b5f29a66eee62acc04
60b1abcd3db388198077e4ed9667ba1a0f9f44de5685c6c55409ac2dd128990df817e41752d9a8b094dd916aba092d09d494bea2d2d76be627e88b6dde621c4f866484b59d56804aa5ddcb89ebd5141eae9470fa2d489c6c602ae8141f805106,5a37a0fb63e057ebf6e0902fcee41b37a8039d6a
dd62124fa81a8f45fd8f00af6dafc64b77fa903d00c4ee80511fb18ccb15be0ff6169bd1ea8f8311f93e09ca6d6dcb623155f7ec94a83e9b3fc3ee6c331a9f68349eef722fb02d5158fda565045d84f5af3ba8efe312cb26271241843460c287,f5e343dd918426f6cfcb2f668a8663b1da5f7f7a
c4bfe3ce2653f946445799617796c1c47c0149a2a76af677b1c117298c7dfb5d6f8fce34dd4dbf2e144563722b48da65803fd2217f3e2736ba8e03fe8c9253911b1b141b903ccdeabe2be87d144abcf35565e60afc97dd86b2829859a562a7450d93df70a93ce9fc13fa984d573f6cf8b52734a04421809f69c7e27e2264e0c8888374d4344915e5ecb951e634c379fbbd50ec85931d69066ef31780da5ef1eb,1f91fd72681176060e6c9412596aa78c1fc78034
860cdfc4b6c84ea888b73d0f525abd8e3bfee349f9b240dbef0e2ab3743d2774d169921926a64be0199c8e639ea030733f1756650f69a48ba2e24ccdec650b435551cb8f22ffe3e418f2c4f8b2d82de0a28d3d5182a06e7bdb63301a6c5e8ada,45b22f9ebf8d66820815a907117ae0b2171ee348
9ea7d26136de1a53f04b2cd0be53353909b280091599cf3f0674e4bb521f6410f636a4fd332525f2b68d35d6798673a84807eb7d7ea2c5592578f486941e5500313b8f62b342bcf47e013dfb2a4b00a1cdf87bc0b6038da6941a7e46c60f8f13,7d42ac8b8072374fecd3761492e0fc590ebc1dfc
650b788d10cd798cde2bd2866925f420042709aa9158ef0286d7e681620048c729f6057a6d58c1fa579e5750fc060a1491fcf3d95a61c7d73be1f42e881563f8cec31ffa86f196a1c12bac11cdff69d9f8f3ab8d310c939ef5b63ed0e290df67,3b4d4e9d34403b6f668ecae838cd07008995633b
bb3cc4b8a3e9bd92a1227e4621723606ba7da0c3739990ea5f9dfaa91ba83f8ccf0137a61bbf6172047c49fafa05d782d7ffe5740696a430bcfedcd56419e14e696f67ad24d91917bbef3ed0cc4074b761cbe83c9255db1f01383947c98f6be4,2247c9cfb161df4b460c64cb0af20deefc20f6ba
23daffdb1f598104bb400b886c2fc18bd36f602ccfd5d611db4718832fb394b12c00714a2ff4dd137ae8b5a4ace374b54e80043aa357df31f6202357c957795263a74f7696527a5a692df0682c709e1aa247fb91082e575607838443353329f4,794dc6dc494cf30c71dc12e0c483ec4953947210
84eb4e05fe3aaef523e80987bd316eb6e71df5cca5aeb0368aaf564e6c93e2f01d3ef28e7a2beac6014b6bc5c5c2036e99bc0ea3fbc755c7a42a24d7fd513ae5fb30648cd8972de8875628e8b802f128b85aa091924184a98cdc50479a8b36d1,1fbbefc4123ac1257c4124a47d102b508495cefc
3d005b8aed8a34cd2156d8baf88df71e84325acd51fcc4b06bc378e44e76b99ebff184fea1a28167f22bea91873158a3b045da33eb8d76879bcaf8cfc686eabb30b7e35ec1a21782c8db265313eed51f68b62a2b84f090fcf8e49d594ff1cfb8,9e3cb3b1476b469af356b41cb4de4875bb9d3c2f
ed7ef448f17f6ada0479fecf86c00ac1f1fae0f9cacff257e001383f493d0ec6028232636aa70d656e8b245c04157c01acc083abe7c642b070d3ab5a6b7a42b54b0c66e2f7ec8500f9df0d1ec675ceb22910bb50ac54025a604cc379c2ef6fa7,73e21090fbaf577aafdb91460f22532987d9fac6
9e5e825d79ca276ac2e135d6d35979e6a7bf7fc80abee6d941c631249668980fb8a5bad5f44bd9734b8581d5d96e0c856a5b0bd42cf33b91cd4282cb552050c1f24dff6550a96fb669b1ca05afb4c5f267b0a809df370845e80973567c2c8a9e,b6ce46d3a54d3ad8115c46369426879c2e0be2aa
3d9da885bb1a6a1fb7d24d2eff3b95d1443ca8f8f9ea963442392347e89094cdfedca678497a08dbac7d132c892bf59f0bacb8442a986199fc8a239dbfa0f5824968271372ac1655f85d4c7ed0cbef124a89b11fd9dc254986dd2e1cb49a4b72,014df8b276c47e17efa67dea12bb383c6d034810
390bde7ff4990ffca7e626d4571d1f98b79fedd3e44bdfa8196c9228d031d5b7cef6120dfada7eb216868a22b526b44099b030797ef689caa13f27cb638ac7a55302dccd564e8d96f99529ddcfa038eecde7f31e3352308eeec415ce44c0545a,27325f7911e5c7c7f6b10dcc0dcc26b37dd604c5
2e4ff1f3fde3988deab35acb088aac7bad8f7f18a607ae8c67e415158d046a86ce650e43fc5627ddfb3df60c8d9b9d25cee9386a9672d8906a431f05238c32d69d66a3d1bbe0cf52325bba350b58a6706a996d0cfdd282fc8f5d354c330b7249,c77b75d1821f3a5c08979c3265912510bb2fdea0
41c26258175f3a2cd802a4a0df575e6e927366a91fd09df6cb80717c2b7dc2596c6d33be5ac2d440c1eea589c6ad3b684f8fb07864c1c810b8bb42e05ed6e6220ceb77905c25392c7d445635aced6c31f191af1077718f1b9af25a22e1598227,6122fc539eb5cbfcc327feb1c503ba949976f808
e50259f3c553647326ed90ee0327986e68a3cd021faed731bf64bf36f4f30608088b49fa77ac6ad3096dce82b9ad5b3e17afc659a53fa30aeda83854663840f5ccdc2f7cb9dfe82a4836887ab89c32dc2b3fe25dfb11d704232a42224ce8cccd,cda38d83a505b4fbe9341ef15f940d70221f08dd
5954ea07217aeb80f865558218354d7a4924f497d7381829318b6c3cbcd18ed32a708d6e4f5b0a019730ce27db6f17c67195c12c2c061d092007708d48e6fa34558afe1ae3bcfa4c34e9225c0798580f33093213db0010b21df8fe301a8d1595,9253380b4e5ebf75b74bb5b8f669d69408ea552a
0d03bb8c4e1082886d972028f0e6c6f77374ca74e1592301aad81e46f463951efaea91a3643af818c37f137695432fa6a05019773292da2ba571148365af6e785cccc8f4007458010b2ba118e4c0b2f66e7519667d831533859ad9765559ba16e51dfd61992d1cde0d14effe0bf73622e6ff613a6c9eb3b718ec61aa51fc97f989c4b22726752a1025ee5d5b2b7688a8444975f7b5f6b694b25c4fdb07565ab2,546f8bbf829d543240578a94783f1054291d1ccd
fd9852d37b29cc0dd20b81fe4088118113bb337e1b77ebf13f10fa6184b96621407ec9455a262994b8306a6022ae285a9586065b83bea9156032ed6ff166edfcc96ed19638520d3254d468f60504cc01f9a3d8a7b2f6c85f468136802682120b,aa2c91b5497a71858c63d36a139eacdf3a96857a
1ecde35eef64126857c754986b10bffc40335a5f5349b48df257d50cb183e1b0309c8c488defa2881bc2b3d24be29c1e606c7ceb7cfa258ceba60850d7a7ee0f9331e4092439e063aaf5aa5215bb51e2335947c8b2d28dc1a554d26c03e8f316,c839ff794b803ef42d1ecbde2b1516b8da9491fd
72a6b6909adeaf3f04d9f37d7160b237b1fdb669ee62bb8a7910189d3dd02890ebb87e8e74e1c99f5c98e1a99a4c479d30277e0a6582f6abdb1eb30d993fd168a1de8025ee9a8634378af094134fe0830241762fe84debbf10258dac099e9ede,2133b7acdd6e2fb43d7bc7d545191ad695bec3c2
9a197f3885d10f78b8e9b5267de4897d8a78f58b82cb20e98646701b03a824f4f8600029837f42aa9dd5e56f746fc16086854ea8b8a448fa3ab4d66623fbdf9658c0cacd789b0a3b938a53fd105b169a00af4aff9efeb774cedc01f5bd4dc757,5b35e1c0cc8c90d6e0bd03d8ed2a78a0add52448
349cbfb5177fa39b55ba6deb1e456ba8ce4104cc1375f036c9cffe0c40e88bf9eaf0f7dabaeddbf6043346adc5e8a4d87f8d845f95c8e9ae82d4ed0fcee5a815e1e1f4872c67e9ab2157350246f1195ca61b8d99b93c44058b66227e67d1ec9a,2e36808e55956144f36903a91d4d4b4ce20bc49f
70811401dd7b1704650bc791ac5d7c9e31db1351c80fda087a8505b11f2c5822f13db4a4bdaee32e770c6c6a3f8c27c328a578b1206cb08bd691e0768483582070a437435a52db644a55ed31f169486a4aa58f160c5627a0924382376dacd58b,a3b9d46514cad94326dd608f90c95122dc42bfcf
03895f26aba66035f14a052d27cf2865d624ccfcad17a027a715799f0baeb863980cf4c6a1b27bfc93b8dd28fe45a0e8fd03cc861ffd29888483a1e6a4fea53fd23a66143b7a977c913a359e131c9685a5e840019db0e53b64c9cb3874748b2b,775c467f98e0508c1515052befd44fd59f0cb45b
ca0438eea50c9820fa4a7ade250bd663132ad046df3796bcdb480fcbd6ef25c99f0d07b64b47f41c274cf7981f4093a11699a4f46650d0a1b148f136067a3582a4a9c4db980d542087b147e7113556d87ca888144c0123da9c35cdb424778c98,0ddd4af166374d4688c97c19aeb0c7e36cee92f8
ac02d53a5ad1d264fb8f99c91da6cd06de8f725388ef62fcb73305f34b778691375c245f881194ea665683d47ffb30e5a5b101ca55047aeb58299aec0cecd7d91bbe6737e69df9c612aa2936e2006dac8f891624716aa67834356b981311cf0a,79e940fae4e03b1c3d89a3ba851d8aef88b9a61d
842b2755c8fd74374adf63ff6c44fa07ebe3ab1c6b57c77a56ed627a4298a07b2bf0b4ff9fb19bea3d9a32e75e7386cd03d5e633e26cddab92cff05c7f302a44c65a695141df255d213b8e64ed3a5e47ca44ade51c0c1e9274a3cc04a426f37f,feeb930850a9bbd6da8bce84f141e4d60e62d287
2503072980b7194e031da7a36b71e97ba324a5ed7e2c32142fde66551b1e50556f9b31232750f4363ce1c7038521cc678c9a120cd36a74af6c5dd717d88276b5320d20e0103f36f781eb3dc2ce2f899efc4b083be49b7e9ee586df49f492e02c,f1dc88dbe0d02dc78a3acb21e85941cb56d34a20
3211f8a7ec3e5085590833d2b1428c6a39486adcea6f87e73df30ce1a3c9980ee173cbb98ed55de5ccf40be4bc8a3bbe6985151695e5aed11a4412a559d4d67a5eed9c4a2d27672146c62911f4c8bdeb912b150fe20cf94120bfef9716aea7cf,44fd8b26ded7fea40c66510d49628a8a84b8081b
211cfbaa1068b550544d872f3280a0f2d7015d1bdb5860410c6906cea2422bb19f6649586f95bb6e77ca20b628d89e64f1adaea18b451e930e5fc96fe26b631a3400d9a4742ee40d938c803b389b68f8ffe9afbe1ae2109549c21d7cf3148e69,6c678ed2e0846ea47d3148804d781d65eea1d48d
722f69b3b849720877b4851b26db4535362ee7883450f9e30dd62ba9a089701cc4a782a5726879c2a0cd683c141c10f88b7c96a7b89ebf3ed7f524ab56b701c7cb2f310404903070a3f9d40620ee9943c1eb4b8f069946d94d4337e20312a00849702c46ae9f528cf894fb851f7e33606e06c406c788451fe625f21a1d3b89d7eb4ca578b5bf09dc07427edb10b4ba7187fc5f0d31e3032835242350e8c19581,5d5b4090766f5c831c878e78166e6ed40da6ca45
9d3ad33d947ee849d2a3efd909e818f76adcfea3bec7cef3d23c6bcceaa9d60c17da294805eafe826910c0429c597a699cdb44213fbaa44ef6629b770724cdb100d8e988bc081f81ca40cae10791a0a474c5b0336c61f4edfff98d783b06a010,085dc33bb8139cc40bfeea11124450ee347b618b
c5c2246966b55a8cdef4f50b8c37a638c7f2c0084dc03d41c3ad882c6d207e3b1f7dd02638c07355dc512af3a98501b8eabd89a78af3b799cd79312afab7306bd4a7eb8937bcfcd36a643ec69777384bd3b6bfa1270e4870abd90124b54d9c74,edb1f67f720c72a23ace08d2c4c44a5a91500a01
7bf516942d93e7bc8118e1bc46f57c061a564991e7a3568bc7bbb113ca7218ed06ef423f18106f4e98094b3647e217dd791474eaa3a7b7d178e037754d5b37a99bc2272eeaf295fb5faca35227997945a2549c958790b82633fdc1d7f6cd74d1,a47ad3e9af40082f04df4caf73287f3e685390cb
04505afe0bd9b4059964a934c39d7dc29274a4dfe0e9e04ebc2af6a43975f03adf9e5b72d383d79ec0427ce50ab8db2b12f3a6b7754021c4f8a75ee3d0defd3725dd013d33c8ed5f1e90bb4ebb90bf18faa18264e548c16aefa32896f5041899,7ccaa23f8126a98bee5423a8753284ca04f622a2
1aaf433260e645af8855c93c5a8228c92e51ff2436d1eb6041c123dbe06444bb38a6c7fcd4993b6f4c050480462ff5f2069b2dfb4be9b5e4fd6df5063d6a63c5b14f30e9974eb8a6d4d4454213731b4c71506f0edc6a2680435f3709cc056f3e,a3c71adf32879686bfa002f9ad160808bb39d149
348026899a2be96eeb83d79ec20b40960ec2ec0023f4fc2b941e406bb43f953af0dc247fc079e4ed286c6d74a263460cf1fa34e4a3f510b03deca1e6fb8b5235f362ca7a0966e03c9338b640a7d5944b9947dcfafef5be2c585a1c90876cc231,1b9578c4ff39122e60ad6673d7df05ed99ca4685
7d6787efd742d3ce8742b587440b69f21277b66ed458ed982bac2ee3c92ccddbdbe2d5e18534464f9d6c4d16207b031497afd4b1933fa2b87137d70e003a513a09d7a0a9780aca5c385c84febadcc6addcb4870d2cdfef32628fa47c8557e3a4,00d6430f8f99b3c7907aa0ac5ace3620e147dfaf
8fa4240a192950fae4868e0d5664f5ea8dcb53c53405a80a2c66888a2ae8e32561fac5e9cc71ebdfd9b5b64334a05eac06aaa219a98d734ed16260ecbc5ff9ba5cadc3b94ff21c4b6889d964919b60d2b779a1bad4ffa4b6f54f861dbb51d7fc,aab12596c084ccf87149b518cac2f28e04c818c0
c34c254dd785b69ea16b3ce00d8dd1109daf2d7f09c236c29d91292bc84c0fe61417bbe61b1422b7dcafa98122581a67ee3ac904412d259cbc0eae2c8eac556ad4f2110bdc5833758843308e1021e4c96591a81a0506f676c241046f8661bc5e,5463f93c534b12f6c21ad3439c53b7c5a73bc12e
60affe4be599a6c9d0e35e47760ef7792ba4cf4751cc05002307fe18f5dbc9f8bd2b9f9a2e8597b28baaf314443fb7ec8947e0d36f1c9bdaa1b347e1eda0944142c95d22f9803a27076a7250265ac130c8c4d5ce497940c5c612d4e28bbd68c0,bb067ac7889904ef1c20ca5372f07a3456690d1f
8010be3de9c3ae69bef30b180b7f08dd08a52bdded921ae650f5213135bc21d0d7d09316e50f51816d2f8e6efcfa1522832961b0211bad9972100cb29da825ee1371e7c901d0d2c717263d551dd7ad587490e631c92787f443c2e7f990c19ae4,d004add44ba10155e5ea7cbe5d8f5fdf11756e76
3b2811cefa082b51a95641311b00bb07b097d9ba7535a263eb8944e9b068da23efd3b39412d8d939fcdc8f3c45978b4b996b30eb7801548dd20eb4795e777d4ff9c4e0e29f64ca4790d1d90405bfce00faaa92b7389c0edbbc9358ec9bfa42bf,4e156d732057539f4207e6c27b6968d017054680
5ba7fe646c4b48b7b65c8636147484bf2292de01390d0ff9402265f6ff8577a321cbb58c9dac3a291924145ed56bdcf80fb09ecbe3b66eb9e520f6bad3e0f885f377cdd5380e7eeaaad3219239531fb862a1c340dc1ed983bbaa9f550e5e7efc,8358784c5432d7e0dc0bdeec3162446d9126f008
427ecd9e1a2a3e3ddc259fe5a1cffc29d89b42ab2a36520fbbd0a1f0869d29582903b19e52241896fe82bcbab057c161aafe621f5531423511cd13230cc91b5a614afa46d20566ad34a1562c017e3bf72665dfbd3926aede4cc920604580ff8f,5dc6a432934b4faa1af6275b293f3613a98a0804
e556c149778c195b8df17396c256407c767135db3e0799cb4d5132ac0d5e007bd19a769f7933fceaaced0561c1d8465cd19f1cc13b2e54254e04b1fcc5094916b102be69d9c096e775e39c07e51587e95221dff74def07f5f6c3ed9015dcbba5,15b249774f97e2e3499904941096178d9267781f
d8d0ffb2c503a7b8545cb33ca3cc3df1aed7fd9fea346a14ba3323cfbd59c95a82770c516a56a0e763244b35c326170c5a71e0e470bcac04569febf3a37631fb0858dfdf40c5b6f2f03a5a26b52a45b2afa5a6e31d9310eed94417f5dd7c8c83,19982389eaada7c59f57af6aec24dcb4fa66ca84
d391aea234f674779762ccab7a0788549bf4aea59f9a97f644d8c2aff7810af63f9a5cef3f425f43495f3e0ab29e620e1355ced342a6057833b8576afaeeb18814d04e0db1894982a38cee26855a1bfce932c4f991a08902edc148a8d6c4888f,214e6a1ebb6fcec35a574328e9d2c974eb9b66af
3d0c779121a394eb7ea35415157dd3548bd68e2d6b55633085ee97627b972601a0e5889d147b12be35a33469c522d3b69abc649c47d7a67acf972d5945dd46809106dc2221516df2f2d5b0b412d27bb5e155ac35ab7ccb1b6dc6e8e22ce38b88,edb0ff5fe686d6d48f49b4fcb6da30971cb8c27d
d1e75984d2a4a5a3ed39c4b64e168cba802b18dc734c00a248ac377aac1f7099192fa01d0f8ae96894d9613f4fb6a236ab2e179dd31dbf4950df9f5382cb2dd838ff188599b14c1805f452ca73d6d75798a9c45d15858842008b3b710b746bbd,3ce647ae746a3e0577d5ae3fbcaebf31446cf897
8eda3b9e756044b433f34f9b329b98090059fa82cb8457ba5ad90c1a4fec136edcfca6198c97113aa5c1309efd87b9457fed37f3868850e05d7ff12963166639c528cc35ae233d63b99e07661854c4634a21da5d3ffd34cfdd828bed8c47708b,b912b539a0cf7ee454cc5bd043199152e24fa0d4
4664e41a1a43344eb6b819cc1147dfca147e896a823f55d22549967da0f22f82d2ca9699e0adbb701c21d965e0de1b6081316ca222c3c860e34f9d50e943d0a2e237e824fffa030e157c52650d10c90b786dab0319e5e090babaf57ca924712d,9a967030fdf9af635fb796e5917de6941ebda3d1
159fb68889f6911bd7b50c35f3a1feca1e1c75f760e2c26129c2dae44bb3916bfa3747db1deca49651f0f8b4ef5bef0d234a0948e151db0723e7969a39c82e91dae8c5fbddc07180408202c08304ef767a8b2f745bf6174e3f6cc799339bd2a9,712e7c9dd35af9319333bb43f3b4dae45e79f516
4d94096efa9ccf6ed59d0a5a6dc58bdb3fd295dc685dbf26f1bc95513b79b5292f56fa67592669e7fdee3f5a882f082d8bfb053f2486b06e9127f16dcba766e768316b57c83c1ff5519e5a1ddff498e0b01c4c6120757c43faed73d49a4c8561,f1070695ad65a9c12b8033e2df9d2be0efd4aa4a
1d385df6ae00e151bfcdf60f7facbf8d2414c940d1e47364c4392dfceabac12d3fa7dd08a7ce1a99c807c5d62fab4612979beaa540dc8b1043875abe19dad641d16c91dd5a5d338e44f114dc3fb9b9df1b55e530586e88c2bd1cce74a7bf4e57,31505a0efe085bf42961c7bb8ae3a990673b3391
81335baaf6c9e50134331de9b65ed59b9856079a7ccb3099584fafdbde8fb181e26b17a48662a6e9c6d44f11c2dafd3fdde8ff8be089f3badf586bd1fb126df44eab7067e147afc7341ae13b5aedbd6b6ac48016b7f023743286999265f4bb1a,917a5475a2f0427cbc79a122b7a392f3a03f17b2
9230c8c73ac7af576183ca14516c60933604c01b8852f54e9cd092a5de99c97763f89ff48bbaf59655dd67820c63be0e5062200bbe8125ac6a68914a6c2ee9cb748da9ce5672c9d754df5bdfe44130fcc49d16a6be1b856990b6e97e984453cc,ca40e31a53a0ef63d6f1a58e9324d663e9259f48
96f987b9c82f3cfffa59870f858a24bbba063a961dde8bbc631eacf99d1c88361239c4f2cf97a4fa6af7b3d8b7c92968e1093a9487d6f40664be76a03e67b7d7fe0b8cfab9cd844fb92e4caf43df2f4563d4821613b94f65b2aeb6b092d37438,dfda80c762320f86291dc8bb0b0424e21d9dae29
c1703c718028da3fff8c5b6f56117d58e0c37c2d909803d3ed4d71d40e5cb1e31046c5db75b916be4c75914bd2d92455ba8eec9fede04e49c903bd8d76f1cd48fc04df21e8acb2fb2f1536ccdec4dafd580e4ef2fcc6e08edb03d3439ecd74c1,0d883c23e4c28c61e465fe00256d71826be9e571
66c3dce8d1ab6f8de2e680bc73169736aaef3fd971cdc2f028c2e77ac5e7c44b99fc602f3f312d93b56b73215aaa6b5c208f442d885613429576bb93b53163deb2bf5a3b353d94164d6230edad3c2a512a47d3e9767b3f3f5debf82932623e4b,a6878fba8afc4455e77b3bd7252620f18e2aad44
507b384ade856a50703d4a171290fc558b78809c92e9d728667f937d3fb8b849abdc6b39cd65466ce07525692be1ba00762c25fb549f1c54e935cbd40aa1f2955524a567db1f7d1dac1fb1cbeec82e80b6805b6653503131cd9a469b514a788b,8e7f24f28120a60b38e26014508c0665c035762f
2e77c54574e033a4eb0d89cc81601f70cc61bf8a29be13eac5b891ec20b3fd4281138656434a56c0ee577ad23928848be8f6a165f44552787d26121fe36959d2603751a81bc77025711fbceff4460cf4c2eb93768a9b67374c6ad386250ae834,4c0e52394b1928945502ab420867a002f5f79a61
fc29e32d396a599d0ab3f1c3781fccd97ef029571bcd9fadcb4435b2835b28555d6218c5c9100c2463702a4620f261c8934ce1d93af40486c1cb08bcdff4d98657521a3de59931e7eac9a92ddb020bbfdf6786ad4057bf7c4b8ac5effc2eeca8,b61bdf97da0380fac0ccbe35d9ec9d4646844db7
7e547b76144e58402b491d864d7dc719bdfb2b4efb6cd8f77e3faff777ec8f1e7dc0d6902b82b1b340c9a03b07fe7e01b0e577122ac4683d91cdf538f3e386aca2702f5a4044f252694f5e5df4e79da318077b3f12fc26320f63a4478d293711,7c54b8b150de1b380238e894247d3253303d76c0
5d677dd880d68326b866d8ca1e338a809d2c49c4d42c51a3396fe79f94b977288361e92c85d9179b7f7e167370b4604af6828a8a022ce61280b22599054840557d82dcb32d9cda5d95dfa0453f72eea6a561beecca2fcb16bc4f888e9d9b96fb,a8627d2af2c51773591963724d9b50c87f00da13
5e2f5e9b6e92216cdba67b067c64e93f8933ee1081b070e36d5dcbbbb113ecf161afb1a26cfe6c49f281e0e7f4c7b4f70ba6cb91d3f9fa51edfc02a6437fc59bca6dcf15a04de633c1ab8cd079bb9ca11f823ade224ef6c88031f0b04fb559bb,dc51b632dbedfd6f2e001b834b09d49061f8debf
7a870bd89309e3b679010f183dfab2efaa8443fa66fc5c8bd733e19310f18f65358578ba795c4c28a05d4824b6324b1c9f3096d42ca6d2803698dfbf8e409611c7671acf9774f7aea5f42ac00e0e1ceb22ddf425f58316bbd58bce4210dce331,3fd918e314f8fe72adcbcc20970d92a4d9d58115
191e2caff7f33f03198cf9513064f5f269fcd9b00d5796fa51af46f9fa69c2cc57b301741e2e1a7372c53aa024fe08007e564cf75988e1848e7004d678dcbe1f9e008c0cdae0b6d8330494ad693d449eaf58f7fa3a170d7605679c5c5d358a7b,7efa42545cde0d8caceeb6ad7a229996e9224072
33bd375aff18507bf66c8bd3e16a6c8e62a0ce3f5cfaa59102ef3bec15376499f9a617f32d58938ddc98b177310cc83997522a587b4a1a63508199b8e7d74637338003353f35fe350959ae99b23d213a3d06c4612d19a538e9820bdf04efafd1,239125bed8da7999677be0934d628dc3ce1a44c6
723dc8d850365eb66c7e59740a504e62e6ad0ad0e0998bbaaee46403805275d5c0615b2fe3d1ecb1df36a769dc6bfc3925cd1e16e60df509ed3c198c544436240d2c4cefa207d4071b7000a6bbc3199be5bdffc7389baaf316d5ecf6c0fc8bdd,66e85fd662c7eb06b93012faa666feaac3f32447
ae0601be3bf0c2e33205e3c3418b52cb01f679cd12c94a82e7594c25781b57133a6eecf75abc715672fc59b32d2b5b707c762073b903d65065883d6ed954ad89fef0be9b7f0de129ec535386da6a927ef6bbc3b0a80b848a5d3568e8f8c4fc4b,b0f1ee127c86daebf2ff74196ab1a8b3e340da32
3fd7fe2a99e465548218609621709106b411658836ee55472d67e4ed4df83d414a3a50eef6ca532e5a6fc33fec240da123a7243dca3bae990198bbd6f2bd0daa172538d063ea7b713e227dff3a68e7bb45aa6a82848ad08555973e2c3905cb7a,cddd8be6c90d7ba7eae9c62fd5815091a8d9856e
339a575c6bb2ce53ae2f65b7c3e136dbbccb3ce75d078e7d1d64e23d06db2b3b1f76a185d6db9adf3469a33537eb24b7e659cc2c03982f802bffac587fcd4177cbb3aab6caf2aa9cf2b015a8e663a175025ebe96225f49cce77dcb91c4c44121,2e78d7a8824e2acd63fadfbfc7a5aa20085117a6
f3808c1bf2b956dc91c8ec8589356a0d25e615bd4160064073df22494001935c13b7ed44c898dc8c6a549aea162aaa30673f178f3ba02132384c632c74fceec5247dc8af2932669ee080da9806fa0b5004c0886d6e2faaa683c29bad85c65cf8,4a8078afa73ff83336c03c0a3375e579aa0d7713
ce469bd2c58370d69da7045fef82cca972310c8402169e85f471714ef3fddc59b882053956ff630a6fc035a6e775494200d2e6fe0668ec09be764038611f835d02e32f6c29d97ffbdbd5077720b42ff07c842d2113c8a91862f3204d0b1f0b97,abe2a192a61eb99e35e4f6d393f0cdaaa22055a4
7d0290c6ad8e71b31813c5af2787d1fe324b2734fc42731bb89fb379cd5139e8e4636b3501c8d97a509f698a4d99a99d499d34e2052b333fe08fb736bd4f12aceadddc13c844d21b50f1f4da096a285dde1ba54d22f9e2dfa9a15b8659ddd895,47fbcdfdd9beb1308f1c1e5172582cd4ba75c7c9
0fd5e8531ac133c00e5ff8e080f4d2336009743b7b9c1cb397b26bbf0844808953af5068b0b1976cb7b222fc8d6a9eadd4b848d61fac33f747bfa726dcbf20b94bc40edd3fb963bd09668a37e9ae0a267fbceda874f634c227f9e55f10492645,3c45addfd90ed9c62e647bcc85c3d0e0ae7312f7
20e167a5760c693590bf7b0bf7fa5a49fdade040929ef9253e0e71467db8d630f02b015bbe9677914350fdcf14e90542cb49ca51e8e0b267017305e734ee7f0eb31d53afedec22e34f902cde3c455575581615544c28a19cfb843be344e5749d,2bc3dcd355b7fa051b7bfc495c95de9037a5f958
7f26ac658e99aad1b7133478517b2cb5b3c6c2c4e342a5e4c626b81e5ae1d177341cf73d27a1ef929ea5d634236faa89b737f2e621b4b03558004873a619b4f5c75830a519a7964c37ab14bd9f76f2c0e5ea4bc86cc1efd30b58ab2c1e8ea5e339a479f033ea21b883e2426a8e0fb45d98c788f40be9b38ed54125b58368731ce90a1b9063fc3b3893f8e1a8cb28db43cba0fb034e063a874a946c91c967a732,e3af37d1bd02b937e9087208eaaeecbec0208a1d
a7c9649147bdd5da402b2be8a435536618ef764820add7c6af95bd7caa5411fdeeb80c38d0b98f0d174ab0a35040ef35903f11b10be653ba07d95f68a44e4d2eef40ba9595b0edaab8fad0587538ba35b73bfa4fefbf35136718e6aeecaaa1c3,b1f8d56ed9a15d56bbcabc0b8322362fd799d332
86e10123e518d00f1a865333e9eb5f2feb6eb9a1c0a6475ef744db83e2b669337f86988d99ad55b736edc17684cd9afca9ed21595f4d7c718d568c039dc7d388d8ecda32a93a68b530dc3332eff8c3120f61fc9381a3b372beb7949904d166b3,a967d351c120569f5ee6f1a77941929633e7959b
7164d65704747259f3d3ee522c5ca654f6dc610b9d5a4780b15cf0f796f28a6a59d4d913b25ba87115b90f7b3cee2450b8a99e3278f74ae56cf3a5a6f43242b0a2f228cc00eb31828924d4e14dd1f89fdfc62d9667031e20307d76a4c9cfdeef,7a63789541ef6ad4429d53cc6ad2a27d6f97895a
5307d47b441ad4dd0b5573d3e2acf0b861a2bb23bcf1df483ae81b1fa6fc1b5e2792b22325f5a92b1d8550a128e61621e81c22c96e0fa467866326316f3ccff75b8cbc4d80dceeee90e37f493f2f547abe4caa99bf24fbc2bb34bf01835d571b1fd1b7e5bc36fcb37e5b8c053c650a2a98d5c1f9163c60cf417ce0fefc182a3c41d417ecad3d8ded9b6d89eb605328d70b283a42400120722ef3c221f9331ec4,4998178cf6fe7d48cbf08e5406d615dc565f9b2b
45b28b229748f508497ae2890f8a90a74096956057e90631105d5c0f931b4dc2db2fa6bdf44edef4a16977f1bc95c2f568c756ef2344fb844c12d386a1377447b14e66b8418a42129e0bb66227ac17da4675fcfaa8caa862aeabc48c9d46dfe6,303e7c78915f5ec06540b3713e1e1a248a357e1d
4941a6c187058d3c7bb479290f22e8c28e544a2bd86ba95eee1e7f080001e052e8f709c184767cbe40b628db58db80e286ea6b7ef6d763eb9b2745fafa68916cf52facb786c6181a4b045980b198984ea2703ccff8707dfd59b9d4d79ed5dece,3ecca777ccbbf9b60c693de04c721b40b5e36f11
a459b57638a7efb1a416c7f64c0bbb5b07874d1aa309024ca0a3fe1edd850c07b0ea2d416835ae34fade4ba8be642bbe7d0cab9d6c54bae112bd50b8f2d5ff56f0e5c48ae794f889949034b79f8d89fc377e363d6860b32e9739afbb129d9371,3ebc70e12e386c85576a1b177410670d210a47cd
0105bd5f043ae461027eda9636784391f0bf38dfce6a63787ce69752904ba3cab31b76b5a2511614583e595f8fc571b03e12a9c421884c4b560d4884b4741463280fdf93fe58844237a26478a1783d3dff4b27e47fd56cfb000067b69dc4e79a,1f66722f8ed7badecf908f182c1b5bbf64ae23af
296b0313bc4a811da6b87e0b66fbe5639538bbf8abc2f0351d67b12273a9749c23d8d5bfdf31559eca4004c0b5e957a4ca7ec125792b1f398d49abf8578768250719b93b39172294719527e3b3d3c1f7e3d297a7cede608938b5fb67f6234c31,c167b1d8f7bedb85b13aebde54c323c958005b48
f971b10f00487e80df69c6d9b2c4e2a54641a8ed5c86834816fc239c8281c6af0daf4394fcbc7bfdf2f1f6608c60fd869ab433367292c0421ad07ab34963dcf433ba18daac1a5c3f1ee4def281b5a2648b58960773ebba1ef5fefb272e75a85f,fe363adc5179c73a2c08185a28b774d8c3c1a3c7
52a65b538cbcfb867821acf38ebada81ecd29dfc6688c691ea73a2b20ec739da02217cbf6f9a909d1412ab852e61d746aecaf69df2fb6c9bf97fe0e0cd0990438ddcb699d6db711f8d2ab975795e79c0985e2b659bc8e5c42d77125ff8983ad0,5c0391caba97a146a4ab0337e975b56ac922caa6
440d22ccac9d95d58ab3cc7aea1e64f25273ec9205f59d8e1c40c4be501d1bc4ca84d84240d12563f4b937f9d26bd8c2026c33ef03fc8ebc4b0c609c5e96e5bcfc1b14794343d8ebee96b42d4eeddbdadfce1c43c075c5cd498fb681d8c9a232,8d0e7c4a5711cdd2b1c336d3d35ff618322cfd5d
f88b15b9873691be317c50a60ce44a72fac3d9a0ed04bc41ded7fa4a45eeb8110dc9f176d81ccf97aa08726057afe22c61d3b21eaf89398fec2071398139597a40a7bd5c1af0e01dd87d3f61518f749ef72166481215c4220f821804a67d9858,132fa77ac9783acfe5aca3909df94c10a2002b5e
2889da2ceadb4e4a3dab2e5417320f7915a5c60f4cefa34f924d7060ba84611f9979217a3ccc0955c573c635f299df02e03b2823182b8bffb0df8312648f7398302c0a98640401f7dae6aa532971a93fa7856fec0e580a3dacd6b14475de8320,88010d4058e5501caa4e6f9c1d6c1eaaeb165ae3
141fb93511c0d57badf76f054fdd093994a865bbc1f76964b60d8280c72439bd3da002d893247fb3cb74c4d7f95c47783d96d7350df423a2f201c3f7d9a5ee143467acbed59575d9880967da53410befff3bf289b2f2b7c9bc00902a064fa241,d75511626dc059e78f25dfadc6802047945a402d
a7ef577a6f4f10e88cb8ef2ebb361d36c4cdcb71b8f8db41f25b9a3eb937ac072187e768cd5d3da3c046c5e57410316bbd75e4554c8d863e48dfa2b836d07af6fa0ae92c7cd89b25d06ddb1dcb96ce24be87032021cb9c794705a745e662f152,ea1d605ffc6af30b0fb85eb9388ed2bd78149e88
5252aecebca1296078c03e291d25742428699b60f609103523fb4202c7e3adb1a08b7cc135d3f1dd89c3293929df396c9a6a764a94015f0c22f32bc795125addd6ec53b296a39f54c6bf93972289b59d3f020bfb6e32fb2282007b6da6ba2931,ff0a5d751ef3b10ce34b18a1e1420cd43b6ad6e7
15bae6971ef288e4997127b0beeb49415fd4ffdccad1f19ffc1f38e550df8eb4a3f5946a09a6febb3a9e47229497f4b53f09de1f9d221264532a08065290a00e009c413797f2a875b5e5e8db87a38b3ae0bdd87729d1387ab0e3ba0357741aa84a946302d462ec03b99dd9987dac6977cbb82c28bff96d907bf8a96dab00f99f26987c848e163daae04eec46502911e9239f956130384cce46b8dd732b75da8d,30d038cc6789a95df52a4fd94d7ebce0d5b920a7
3b6317f0314864ff7a972db0c0f18013c440940045aed35657498b7db124959a38c773fcf97cb1790db45c93fc31d42ce53c167c8153b5907685f23389bdf7637d42c96991326c1849ee20c9630235eaf4ec45cb1052feb6c9d4d7327dde5e60,c04310ae8bc10b68ca55c830535a9d8467378e1a
627bfa98cdec2cde413698931c9fb855796bc1617993a0a9fbad8e78c1eaa738ffbd97c1cd9f2bbe422b1d550df1d316bf549f28045918c3bc2a4fa345396d08c66bb3b873248e9295629db320d2b63412565bab5a8b6ea5d7c19d68b4b40248,51287c5897e1cf5bcef3cd18343907650b23bd4e
94827ad5f269189ef4b71bd167dce24810228dae76efdf2363d2ac20ce1d2cc1f9ea99aedd1b81d5a531f28061237a059878022aede2aa438a0adea273b20e3005679241018204a9e21e9d633df4d78a83dd78a9db23ffb119bdab8d519e083d,7f97d1a6009a778b629e70b5dd64278142a0e397
c5327aff550233427e14c8445dcce729a7fdc292900217d06ce0a7e6db78d7e8e3da960b7915a079cea430559f1107d8a59526413d9ed6ce50822829bf1968e3e34dd4072c4b535df41df4dc33a2daacdba794babbd00dab9a8fcbae05ca5488,dce68d201166522aa393abd68844aed1af66a511
ea1a859f8a20c827ddeb738906d2d91cfb10f0a8d60b7b4e7db894bf369f7c385fb8b77ff1275fe0febc5b03c3c94dd3edb50fd12a89901c910bc0b34604c17a7d6c787c5bc17c232d20d09cd6385f4b3e7f5cf2d2b9c97270e962f92ec55c0d,e26c823c45f15efd9688fda58a5a9c1e04a5dacd
71a8f43559a476caf18cd8190e72d96de0fbe5e361d8c36ca4ef30cf18c733c42d7afa090f6ac69b43ee73a28d2e784aeb4100b5ed263c2214e0f3ec1f72fc6689601680859d800cd4d4717fbca1cec42cf0162b66cf34732cdb1837c22bf167,d1ca333858af636fcef9411c773f9722e2c8e929
7249405236c4ae014bc4efddaabf659ee4eeaaf18ac6ffdc50b21ea5bd4ad5358cc2f08587dda9eb34e96bd1ec98eb3c684b4963bd1d630f306aca7c14ab508673d01ed1f3cbae9e88a7b49b6ac5d8298399c893ddb8b14b91f57896e293b7fb,362f95b1d72679d148257a30a0990dd0bb0d62b9
351dbe580f56b4eb91b5b94e03ea49e72cae142909a1dbdc8518eb649d5dde92a0cb3743384b2a930a1a14125aa280430b9bb98adae5fb2d94d47aff2df79f369885f5035504ea9cc1c3020e5dfee23a247d5f3415c3e721d34e781c7d8c3d6f,80d3c7d15c0052498e045714864aa17579c14c1f
ef99014bbea00fce11b359a4b1655d3c5b323532e4ca7101c1df285487c75ef8a446305ea8c1dca2e0af5d6ad74c1eb327f66516a2dd0029f53aec2b6d5d5f85d63e0cf6c705040891cdd893e51d974e5e47601abf1c6c87361925b65e3c4a34,8cebf06f47ce67425537473cee2694742292b37c
d19272afe36ef1e52c4df7a9535ebebf213876a136a2cf7dc9d3804b498e39701ac5fa567a765dbbf98cd632d0ff4e5940c351ff990f129c8eb75b81e44bd629d083cd6e9e46af8e093acd8c5dd0baae6ff992b6976b420ce813c7cc840880b2b49769edd456344b496cdb5bee71769e91860188d472553be9c8069dd28436f4835a4872a2197036a6ca55189ed8b8583f3c5c56d15b59c0e61ba45db5fb73d6,ea21590f6a246b7cfe9f934393fd9926e6706cc4
51d0d9ba2669b21489041100768b7db67d134bc9b69c1a6fc7e3c3424368aec0c9712dceebaf8e204018eeb753b5cd3e4fd08d5db5ba2db222e9224cc53db3a184211ac64f7f2710b6913877f5f9aedf815241801746f9746c9335c5b8d4eafc,26eac99576555429e34921e0b17a0b4ccdf78a2a
85d853ea3a58a04b5683051dc4904e64613c7088afc05b7020a0b88b976843805a630514113694a0cecc09f424a2cdae01b8240416cd3c36fac1a2af9d0cb619ccdd33eaddc2bea70a09778866b57f5f663f380f63cd5ada1ae62cf114a506395642987ced0a5bd1da10901f3571471bc6baee84133c755bee0fb6c82291baa75059db5732aac9ebfa6a915e3dfcc2bd26271d7cacc86ade3859493419a6be1d,e8ee56f70804a49415f69eee4f0702476bddc2e2
f6edb48d2d8152130803b9fe13b99ddeacb06f23f88180b5ebf1203d2a3cde9385af09cabcdaf4bb1349504626313e200eb328e630d3e1f687a3c716ede552d3c08e825afb5bbfc923fc094fe2e77f58aa6235a6d60b68c7be3058f0e12a2002,47f738ba27a4be30b871c40d80e8e34b159b82b0
a73976d16201b2fb0f1eb451fb8cb8b980dda17fdf1f492a329199afb89cf2138f4c0691c8b7f5085d5c508447a95c50918a92c80afad34aa215e7e38a8694ed1c3606460351635acdf3385e28c934c88b0355d0e95920629904db4604c9034a,33116b2b47d6b48ca46d1d32c61cc5538f655799
7a291ea90c6970bee7128b03ee7d765ae6fbe23110db7d564df6f90af09037bb9a3797afad5a8b01860635b7a08271c5ab3dad3cf1308e2d45c41600d90149da7abe054356f2c50334f89973f3c114b341c2e6002d5dbf32a3036e6498d1e240,a210d596494c48d499d0f06ff2919133b98d135d
9c09d846f1b5109f2859f7b0c8ef499a0aa11006532b8a175304fe823cdf879cb38d34e768127d9a1db853b905c611deed54ae3f170c2052a030727859159cd878ecde8a738c959f0ca8caa6838602e246133fc6d8e89ea337799758e0c6e1c7,c9afdbb8bc353e1f56a8e715335b97d5a1eb6241
885ae7889c5aa1e2f239e9de90b3b86fcd0bacbadb76cacabe408ee50e36834f73cce5828d7e0c29759425c9b472231066eea255e24c1c29ba5043db67428896e218fb74f4b2588e79e2f4477d83b5dc222168319d7a63006604897fecb63fb6,17b409ce21bd3d8124fad91a16f71fdd8b87d482
55066c15b607b34c07ee292d9df5c0863941b1367028d027b68085b927b54f2a008134eb73ec9bfd9c363b88009d568b1da10375de1989ba8eda2b2dd2716a0553db8662afdd2f28512b1dc24f93aa015986606bfa05057f51324fcf7c1540a39d2c8e54d866c434940a75878637a3d1247ea167abd524d57d642d1d9a8b91871a1772ea803ab86d05160ef2ee55c542e63d7ae705ecdfb00d27b0c56200ef79,91e417d324a20cd3e348fc12b21d996aaff7873c
325fa1145ed264209a778dee70fc8967060dcfd6efcfb45d95e2f5a76f13c8e836d4c804273af7c0f2f30004716e9ab7a83ac6818719acd927fe910d5dd50ae35c1ba066788fc784d3321882ebe36f0c49d241a2a81c0a15b96cef4bbb8d6a3d,b8d46fddccc4c35c7e959bbca8a254437f103332
bd25de6d4157a2e0f699eda976ab72ec61e1dceb659e2e31b402e413904a8b32b1a066396122e0a87eadd873d12f31994ba1f2e175b646620241a83edc7fb45b7ad75daf9496d7b85ed635ce291a3c8aa507fa44555f5c9d32242000107cee74,a8ba7be35ad0d6ebb437741750ca87bcb6877ec9
8ebb8f4ece6da66dc40756aad612349415462b6026f8f5886651145b66e5fcedbd075e1054d70a9a8ef1efd8e3e15eb0729f4ce8844087c1d7727ae5f72b6f37ca7ff11c4f2dcce2964d59f6abfbc72579aac1cde8d54ec38eb0c8e15af16620,3832e665a1f4593258c37286701351706c39c9c1
cd770436b87b524a24687d3f9e704ec1758093103ac76fe1a6368e7db67d4b5da9722654c8ddf834acf0b9d2a6bbc4d5ae2b6e2c9df2155a2a5f2a77459ec306818b596db0758dee5ed5093960f8fcd2bddc65159ebfd18c1a0e97be06d8a0b9,2da900d6aeb8df6b908eaf2c90a5574ea8c43970
b6f10f88b5d00f596ac50531ce044a03d8d0c3a0be3bbb4a78d4cdc0ff8f2786e66ddbffaa2aa3eb25a5eeb9ae7b2e33d19380ba97c1aa8091d5c57cdb72717b3075a3d076b3b0f2f63210f89e1647b2af84f96a2e80c76c687a997b5ccabdd0,f0d8044346e0f5622f77e25ec1cbf045f2f65b11
9f69ea9aaa3adb000a716a45bd32b07304c97fd50cbfb00fe7d266e0afc88b6ec99e838afac6e7639f87fac8015a68cdc21df875f6f93e6d786d8dcda8523e018f50bc876ba20faa573087c2f6def09c22a0bdb167a4c3f1818f24985d98b7cc,aa103a37668a4a4580bc0f66fa36b3de726d35f6
754a903ce562635b34630ce7d165ab516bcb807064b14567b1735a9a167e3f3a55a11044693732adc366c525fb01623f7a0c361b5ecafbc671871da968995ab4f7d19fb538e31e9c6c4123fed0034820c1395bf4d6c88b3f924bcc3dbe7479fb,2af70de6976fb44debb7a3caa435edc69a154f80
cec426c2017f6261a0d4e51d8a93b1fb323d9cb1c6d26d52beb26923a676a3b3d95555509fcf88e7d44cac5e85dab730bf17408c988d9cb8485bf1b6a99a60b1b618573c10a18237c034a8fb118b753bc51904de77ab4883f1db782565bcff2a,554961347a31cde140a0c0ac0524fd2aec861784
d73a00e5a6f77b7615af60919ac75cc91b5f314e882bb9bd7cd81b110efdc490215dd4d9c43041804d3958528ba3dfcbf29e9bda7e333d0dab9004aa1a268bd609ef4cfebc6b6d27954f082664121eab793de5fd0ae0e315749ec18cea04f2c2,db6514a3863d03e6f7c8bd51198f8657220d8791
8808f41cf2dfad86868bb7d8c9b3bfbe5e5ffeaee882d67e5454aa3f74d02935162116606c36a0705b49acafab503955ad31fe01920db72bb25d5ee7c1da5871ef964bf218aea95aa77ed6a8262fc9d96d5e5506253f8e820cbed3c89f8364c4,cc03ef1d4734fd2ffbf19f675c39a24acbcec98e
4b6623ffdd0750f5800b3efebb0d3a2f6a1caebec19755b36a5e558035b774d23d1e41c1788c14ace5a137f574554796d62c274226b2acbb4321ed7d010710fd70c28e4f00582a085910d8ac4367510c11c2a2ebf252f98ef572acf29e7dddbb,b5d44eab642232c4b6fd8c043608bcd420289a8b
5e708cffa6af93f54b4fca68dc4971dd3c5a7fc67d7ce98a931541b8354904ea702640fb1adebafabf7cc7286471f228a917e841e4e995834d501f108296a1683ac077e903bd1bde4720d2b3d00451919cb8fbcf5d78c850f53545b04ba05378,e57a4600500f5d7a36e5392c3e8ade349dfb1814
787926c5fe8ca29881496d28b1c1366266dca29ff9dedf7e2d7b1d59165d3ee96dfbaac53e3a9b4bfd1f5393774c30232b196e74442e5c9e26c7ed98e13e261d91cc1d0ba38085392fbb9101654a3c44318175d0d41b523e447d6422d3a62e73,164d05795c4da330001f9c5c57e461eff78afb74
59c18ca7e4acf84d3a5dd698b652399230e44aaeaff6a9306ed1dab64068ef9c74f17c7ce0f86a95d370bf83b7f7093b1ae495fcb338d493299fe212877d14e1b02e41c0bd48e41d66845295db354ce40d8a211c12309e9a801a5ec64beb1011,77354cdf8254288cfdc6fda758f8f52cfc9ebe8e
0ca773b3bfff45ccb912b6ff6687832da136b1c4a0cbc7104c92c01b2b458d4cb4e613d1ba22910e636d3260581975777a303cbc647e1efd43d23d4a48424fce405e0269a31345c2884de8d6bed858d1c0a18b649b98f841acf9b013800488fc,10e724057b38d43ca6a65fbc4bd92cd9f57199a5
9c06c1fadd0f8fe8f0ed4167a1ea0c64ae24474358f75d66b40508506b677e4b32495c803e2af7f53adf04651da956b5140d6afb76eec709c9aba4ec85acc771e0027d3885cdc3c145762bad32492845c180ac0e6c505a24e13bd023cf21c647,6645e38bff1ceba55c0f1c2d37c8e666fbacc370
4a66794a1333b2b0a878a66970072597d95bb475e0dcd88a7e79159b260492ea3af59f78611741f0f65af830b007cd9193d7f446b65c26775a710e27d1367f72f022d29f21249e4d0f4e948151e6890bee0611ebc59a2e5cc75378c25f251cf3,e99967cfb83902a4230dfeedfa1d1619e3f260aa
b1f1b59369eec29ce001c721c86917295f3198106cfca98278a0a53a73e1ec8e0a3097ad15be807c6b6729745726baff65964eb3962909169b1dc26db8ac2c250eeedfbb6b2776fd9fdaacf02925b1d4615e78265838f313c3afdc65a4034b85,8cf7f78c1e47e68813e0c3dd07fdae4b84c6e5ec
f033e5b5b4597c058d26d435c87a69f9241fa035de452d82d2a5338ee10724b45c319101f580425da62acaa739103acc9dbfe268c73a10d45a7a5e439bae1f27272dcf7597ae0123f75abec9d0d1eb2c342c232e47ad11c039031d2dff878e3d,8ef3951db076bcd1a60f16d2f4dc6f2ab1eeb9c5
19552c8e4da7bbbd6cc515cd92ebc10e347e87ef7acb346ba29d8155216a92c5c7f78717478e13ad521f82b9a2a37422f4b3d772ebcd29b91b0f10eb4cbadcf472e77d1f0ce3c8b2fa001f2543d275455e13554883ff671bed46dc86636cca4f,6d4b74d7e428e0a65b46ef726132a965581590ec
c91d70fe31862e76784c87b73d8d858f4b50844d97b77e4e30419330f776ccaf98382e63b0c862f7c3c2bcf8400a7c28916fb397649f821094c90fa977a46566ec5366c4fc3ae335f725191017e540475daab2678b7884c1699c4c2f73f1e845,8da261541e54223b4df82d900c1e0d926c4ffc8b
08ac51be488d585d54f5a08dd8fdd328746bb3fe429851b75834a114b776396e6959ed63f03e07194e4b2747d8435f9208fdbd9a80734c464e3dbd82a5e93321c8187d61a1a74e2b4b2f2c47c8bf6baec7aab81704fb79d745de40ccfebf936b,e812faf6831e407977d722d2948cb62b6e491ed0
2cde4ae7c8b28ccde4793d0468562e836a1700e9afebc84a4dec69acadb4ece5db5d58ed137a3bd869d38dcd93e211f4ecb771a8b91add7483859b6f7edb8ec11b925ba0502ff255272a7141887bd3bc7cbae3a7b5c02f0af192fe591cafec3e,e35d7c59d36e33b607c74dfce1236f7105a2ea87
3b75896805f54f099a3f41bcc82f0197b5da5819cc2f231bf05c7ec4741a034861e51a42667d22d8b4c880af7976d1ad7e0e690c8e75dea46ddd637ebe811ae8aaf419b285851acb1a406b6846c17d3ce43d1ee0967f4b7b7cd9323333a57243,81883439e79f253aa17e6aaf02cfb49085602aa4
091c2a0eae20cc281aafa88ccbcc1488fd3f3ebe4dc306f3a906708aa528c8eadcd63f461accb704dcf64a2c9f7727eafe7e09ec7bb30771081f4de695a797f9961dae6bc3456772f54d912c89210d7dc5b57b273b84c9f2929354d2f46f6ff8,9c72578df78692b53d8062c761cb60ce641cab2d
81318f9cef93a23bb8703573225a46f990ab72a9787bba074dbd68d67619aed665b45f6e993de7f656905abb3335bfb00de7faed247ff7341f6c75a47d5ce6c0bc6aaeb1e49b674f5974fd2e5d13df61e56d30c7a0bc41ea4ff33fe9f3d977e9,4b994983d77a194d502d09954d22d136ff9fe9b7
d72626548babc1e04b6a84b05f0858914f8933f3359314db35799e183d02326e816b2c34b41afa5669d206c69a9fae567c8fe11d992908d1bc1207691b566a96e0aedf5241c8322ffa8780ac620ef4081a0349b1754dc77078baf5c4c17c92e1,cddc21bd1ebd0d54e18957f1cb015e0cae2ac64c
a0959634a6241104509e479a1d7398cafc288ba4de20e5bd8837fbde5b6d5e14d617dbddaf42099a668b677848b3c1d3532e6e0d4523ebc05be642181181b78a98c69392d9d8a2fd54cba7c109e105efce32260d0e613bbb0d193ac92d670046,2aa88f336d98d180c500b10772d2895ab54575df
0585cf2728c612c09eae28e3e41205bc63e4e1f978077e9a21e9a43ed2d3d1becd384cc9171a852b3c11f796331612e60c84957bb2110e018cb20abce1c6eda067429176c88b141aa926b7b40500be6b1cb29392adb54f823263d53a1ac9ef2c06d407ed98c1fd8753cd9732633d2aa821aec720d48adb2d905b6827b5877996768c3177128c16d4222c1510cac6357227ee86ad1ab90a8d983dcced9ef62004,c694af7a4b94f5918ccfb2cf1fc946b47d6c131d
0c58a157787b45f9b55ce8ca96cf8b3cb03bbd344fe17db8c1df14a0c5be043c12a60c9604968593765bd74fdc2c8d53a7522518d8355496fed32308044a3f77a5aaf235144a33232a5c6ea6f18581bd1da433d95d298339efd9bf1ee8642565,08660d6d6243ca75c1467ea8ad5e13d7c7850473
bfbddb697cd376bf3eae2eba24bb59216431f588c01b753daba1d58b5f7a24cda97c2668053bc3670844cb29d28d3d525c006988bb034ee0c7ccbe0e9ca13048756ea57f4b9acbabc353b1a0da19613c4c01fe8264f70b57cb3c5a875dd95374,7f1adec14d9aadaf3893444f779df004b837c26c
1db9eca4b187ced951d4a4594fa76ac807a214378829a86201b2381d37ea9b18e0bb9cfcd2f6d0742ce87be3296580a2a1cc67bb0bb95d8ce909c09a7dabcec4209377f859fde2f0af302191f20aeef6737906ccb79adc54f88f97d418524347,da90e04752f79c5d109abc9cd17e8803248707a2
b3bad64325d53a8f728bdd5346dd19cb8e65ed64ae8ca9dffff8589933eea716a4e6dbccde79126f2bbda2ab02a9dcf54f628ee2296e672b01b9dd46a181186358e8a8ab2a37acc21217d4856106636a4f77cb434e107a323f93cc9fd59c3f7a,18815108b0cfa1be39a2c80a5e65971580eef7b6
256eefed5229b9fc8a6bd2c5f090c23403606b4016e4f49ef8c0d4c0bc9b2bec75b7243d989ae9da4ffa1c06ac03a79ec51bd00261678bf9dbff683fb529076cfaef7b74ca9e50cce912edd2b563c44ca79f0fa2d57547f192d780efd95fde01,da5e9e1437a8c072f50dc1bca05f9bdf0dabb6db
261fc6ce5bbab84aa637e920ae82d6a1106d843eeb96f21ea40569ccf12c42a6291d5dbd0d7fd044c2e532b4da0e760c3843dd61a4062c56b575db342985a074b93af56080c5f3f3357da29c9d0ddd9f036a6188aabbbe8f6db05aa37365299c,140bc017ad89dc3ed9d14f07a9fee2ed255b4680
09333b290901367e0cb769b3af08ae10ab2252d072ed4b06bb8e517da2f2e9f911ffc50d3b301bbd57619c82d85f6fd74ac40934cbb4056bc7b1dd6406f096b36da266147508fb6f57fc9bdc189ba8b0b531ea4b252e807f0775da11b8367ac0,d000b46421d5143c551a5e2d6f0586ac879f2e4f
34cebd9722a4782f3c631da5df541c56198646412688f15c2d295d7dafd8cf9fe6ea5a351335c9fda2dc0b27c5b0a2f17ddfbba4a9af3e368d41d469695d3a5131a615aa9acd311fc1873b8990e475773a6f0761865aea8ad58968dc7c5df13a,03fb4c484acc22e8ad2ad6201eefcc9bf8269740
bcf1df8b9b15affc90212f7003702023ae0bd0864cfb2bbcd65c5932923c7e787467379ee1cd23ad385fd38982392ba7da8425bc404b8d88fd610684596848468a3b250ae9e7c5ca3cef129ae6f8783856610ea7489c08144d24efdb4e26500b,a77b9e63b31e2913309e8c95c1a50880b818ac05
901a4c7f953c19e1d1212b2460a62e53e3afdb4c9116d31f0459abd3847ca6315b87ec9d120ca9f9c5d7b8b8ce09e2314229f0fab78707d26a548ed1f8fcb636c302bd5cae936bdbc5ecbcccceb4935ac07aecbdd5c8fa6607afe1ae40065225c33b0c2cfa7ebc5fe2130a5707514bb87f3a079a2d62584018eb3a212ae1b09cd496f03cef2a725ee192702dfb04507b13a72814b7ddf356481eb7cbec949d2f,745a9750edde90e71e8769a25daf8eef4632a895
d5dd35c1ae65111fea332a03cb3530ab744ef2a7ba2fff281782d953c61890dabb0e931e689f691a4f676ed26fe54f96298cf99b423dd5f82c3c93fe25b54872e3bd05a320786bdab29db58b1af14ef71776128232fc0d4b687438ba74493b8b,1295e31e41ae041cc5880c8dbc0f795f3b93bc52
486d5f7d2e9d15e1ba646963e93a180739cd6effff5192b085be7b63978842c8f8aedf97a517445b0f260c9c308d5750da35be9ed7d5d8d9557adee8e9283d0e1f62de95efe16dbb4f3f500cff0f2ede8d668ccc101c0a4484af718f98fd569c,e0aefafa6ad0f39a63fb2ff4b1a4fc4fcacb48af
1c38590bae4ac6d2dd0134cd6740754aa68d114423e62e90eff9a4ebe0fea95b20883361ada1071929e8473c816bc17fe9a06ab23851e60ec29e7be648388c136ccc383b44bfa97be8bc2bf3a8b17b4138983cae1331c4e1dcf4045079d771c274b33377f6559a6ceeb90da20f3b068e5f7dcd95a3ab4fc21df85dac0c69afe6232725441ba34c76b517114dfc0e97e206b420feda06a81e0e4486c59d87599e,30b0cc2d99ba4acd470a7605d45c911164ddce55
65618cc73d453499b92fb91e21c733b54755eb6bb962a1244fa88f4f939ed7d411fd7587313d48f09eb10a08481c901e6c4620376fbb09ae6836d730a3c05119d219e32218944ce4005b07ee5b73d8b5e8784125f35e4b969ad1ff7b67b85341,3032dcab9e131911259f8426d7159c4604942686
1b4f2cafd6c1a313203a7e6b3b033df7d480058a5b866c44e5d919b3a3d8ae33fccd3587bada883ba18d0db608515a9ba705e57635f30a253891ce1ed21d64b8c184055303cfdbb9392bdb0704109aa4962c0982f250f59cc5a6b3ab0b44c5a4,23310caececbcbd1220f6a11554b7a026d8732d2
0d767e0c59f62b84077f14f84f681a96078a8d2e35bd6a242711be04126f4f9f2fbe1a252fa45a935ea1c16a9b3a8579f7f5841a12dcaad1aa8fa0d57b32d44da5811d97754065082ecd03cb8efb27cd3cecc8c27e65ae5bfcab1a88b64e0d63,56f719f23b0d689ddce59c53b5b839f06534d46f
438b7d866be94de9143daceba12e36cf63dd4d106d6904a9f3c72d92cd94668243d9b84e9a1b00f764d1f2c7ccd75aa9efdbb318d93f3f922626504f6057d4ae4f77233d0fe50de0703640d90033a77b5f22b626eae33aeca8d5a8611196bfd0,281849800f571b8ead13fc65b7d80682418ee03c
8d9036adf5a5717c66cb975ce102ab8e385dddceb79157dfdb8715876fde0b416f5d7811cd8a078cc2f7da2e5ef522fde2e288a3dd5d78aee98a77b272df25cda9be9e7c9745d9942322826552afceb8c13ef97309c3a00b46912f1e41748feb,f4467b9f6fb880b7430a7b8a5f85a6fb12047180
dc8dfedf2747eb453a3ef15dd1b784384ba9cbe34e40b19ab83c0d1a9eae1b3ab700d1ae3224bdf791cef3a7d155c1f0a39b86c273b6e4f53de026914b2f91a28320e22e010621d3585270eb8fe357cf458afbbe58172e5601ffcdaaadd41216,7beb4d80975e05771e19440a1c3835ccdc7ce9d1
59ee6be7bef5dd72aaf3e4fd54eba6fe17d6b3ec4613b9c2741043b3800c14ff87d6c5e30ffce27a7174e635868e622fce75e8eb4630c96f17eb6a71ffe51ff3e717405e89295d03def54eef2b37b9ada6e7e4e798ca2d935c3a939e61564015,1efd52552b04b6854e9992caf38207eb3ed404a0
9408d101f29384c60d45d593cbc223c7f446fd5a81e4784f466b67035be349835bb7240ab4f6d362291dc397835dd8049d04e8b566a125423972ce1766367bad2056fd5dc94d496001bcf823245acee30360c37bbcbaa1ddd59d31f28b68705e,f7d5ddea0c00143b168bc5752c9fa9d0a039e1b6
9d5803a56d910d52f3c535e03c59dba672c9288a9a39fb2d047c306b4c503b2c8501ece6911fa430841a0a248bf14fbe0e6078d629df594299ae90bd5daf27fe466ad2037989c2d5c411784babd8238046a6954929c70caeab153667be78d2a9,f25f679893f7fb7296802bf70323b1c68992d800
d04adcc2db82521f6a120179b4b95e78efd12855df4381e862e3ad7b79d7ac90617862c5a3ea0d94ab95b62ba4a39873c9805c2837268610cea83bb24900eb7c319f1c7ffad2044e831c81c28658c7a194727e952200edbb961c53f784e37394,dfb865cedbd2e6cac731a82611af362caa2ec8ac
8b4ba8b35e3c7b53d123b42876398d4161100a11bef98e9fd46d1f5ed49a6ffd1dd8c204ee780a4056bb88033015be222b04411e9037141d349fd037c327d3e362429eff2c1a30b477fce7ca359019a83a08c9c0c95cdb7d3daf4c642e2f807f,972458fa4242d9a811ee0c994cb19f4137e531e8
336dc091055aa7f06469226cc31d849854ae743bbe19f671d12aa505e2718f3252fc78c1ab9a650d5e15ba28b55e0534d9c5465bb31a4c27f739ba1eed646c0becf78e93bc37d984b47ff3bb9f7da2e63d116c6faa2601ed14898096eb0144f0,0c417eb4a60837974e6382441db8a7b60b6e37e4
060ff3dc2c226d85d380049fce3495deac2e1680b65a7ea9242ddb827b23c4bb1a11594e2a2880e2ca992f078fc4ee1f6551b81716608759c625ff3dff082b760ebc108e013a0fb33c53c56723deaafe6b2a99c4193d749d61483a670f49f22d1c8277b033996e1db5d38b6f11b72a8c1d810d54a7a354a5f8835f267bd76efd24b1d7175fa28144e3e1cf86174749ac52201d91bf7a701a562dcad80d8b8445,500f561a98db0e0b8edd51f92620113048e0a7c7
a4207b55913e690017f8ea690755b0430538dcee0ac90b2a7a449b4c343812836243c7b0ecf360e4c0c41e37d5958d5046dc5bc2d259150d26aebcc20e9286bc14fa4fb9b64ba4ca59d86d8515e2b2b6d7d181328e527cf2b72fbb1da5015680,4e50e3523021942d45b030dc8d66f7dffe64e586
46fab29e81c48ab4d0805c5b5464c9e75dd7334f39c6de34caa4b3fc8d06e37beeb7b42ce4b30d3928a9cd9ba038bd6fad2b6e4bdc4bb584f396a3a7dad6b1aa9a84198b6b41bce0099873e2d26f2501994e727d31d3ed3a449c5ec05758477c,cc0f9f691cc0fefd2fffefeaa57688e63087ee46
ec379c93cabe7d414386dfa7e6ac6ee92d82a9bf6c34fc41795bb596bf6e5247ef20c50a14a2492443a7e8cb8adbecf23381f71e08f78dc50d6d4b24cf67251f094c825243480825877dffb972ac0e49096ebfc5f08368a45b19826cca8073bc,b1734f0fcdef5c2e981863886ea6dbc9d79d04c2
fa71bdb106ec46f75dbec0071989cba3ee9af1781911774c2f495d797a2553702056d06c383dc8c467a289019719b448f158963f08b756e05664601bcb11005825556711877c1606df579017148d13723e09bd5d764eb6109b2251799136a9ed,0a492da88cf5a57afba24f6af031c2b42e32db74
30c2a196c664af38c2c2af7bc57cad60f1ec421b89fcb31e61610253966419cf36eee86244bcbb5ab98ee43d20c3260c3fe63fd35ec64c93cc277fd9028fca3e50ba36b633f59b4fca0a8033e92b9f561b76202d90a1797133978f37c8793390,ff44ca656b865986792aadc918c638fe9a3237a8
2dd59e08550eb2e7738264402d4a4fc0c0c2211d997bc73449bcb126483c55aafcdd85fc3f29653954dfe4f01b7800d5b7a71a7210358efba76ce3822e325d5f8990b1745f208383430203cbf624a6e76f5f706003a131a4f95b959c0f447822,e22037b0591d32af8ba0ffc7bf937167ecf4a8ec
65b8704b723e1cb6fc826f6cdd1d63ab5d9cd510e45b903dc664b779626c34a09faccb61e1b185d0a1bb22b4116f3e9408dbfbf9da0d84ea5d1aaf8983e2872a9b781525527009fe0be9bd5fabed825a6d4dd2e3cd497838dee6de9a0cdf4a4f,35ccbd8c16465955a585e90e5a88f07c1a9a1dea
daa26f95bd15e94ab8dcec0f2eebc399530f04225620284d7c67ff7ec13ea540ae3bfecdc1c14016d7d3ed36297351b0ce86ad865e6f714613eaf276a5cd80e4331e68b9fde6d9593d9ccd1cb38832fda1bca30ad0594a33d9f254e7c462c024,795b3abca1aaf59d8deca3a783f1f98ff7178f56
a0c3dc19d2089724723c890ab2cfdeb0c9e301e25686c261d62179f4b47832f202fa617d196bd68c52a86233e604affc86db8a94a32c910452b77135c223b76ef0eee0b3c2116f454ae306ad3f888cc999e7a882e1d2cc5a180354c5ec773226,a9e4f3f4d027e344933c6c8783c62dc18c11b132
02c3589e9b8d3ece910236d66f48447b8a497025c44b50836dec9112bf8d48af6aeeddc850839b62c87c26ba4df5ddc071aa2d6656ff1ea9187c483dece0c597bb2b522f44f652760cb76d83c136180904bef573b104e822b250d08febeb6f13,7b38a9909dd800e73410a46cf91ca16fbdeba2f8
f76af18cffd824958bf614c1641b162f52e42ea1e5578e9047cd190b42ddcf2562a8b6f4b4409dfa0d72c9cf8d231cf4d4a1b1a782e5e549d1eeb2c26644314dc1e24bbfea95c8f2c5fb5ca771946e776dbec06ec88740e31f0e3335fe18c30d,d00810e512852b48c53494363a14f2c060f497a8
af876bb71f9a0a88d99e00fec00c4dd92aafa15e7dfbe29ac010381669a0edda06a8bfba66db0b97acd8e746208e94df1c4932ea1a60051ece4679a3c697c293b9326cb8f4cc6c244cc0e0cb6d28f716731fa9a1acdc32a23f9a161536d4a530,cc1bd6ada6086a7ad2af65d852bbf024595bcb34
278bd587428b37875002cb8f5a068f936f7b3573cc047df4c12b4ba51db4d97ae29b04b1ff4fdee7c3ad5181603dd5d2b54a2f743c1be56ad265c02bc5cfb369b130c9b5fa755e7da055d3ecb9807140836b2d75ef3723175d557d2ef9c0a52a,e2360b25a01fb0b2b26e7ff081b8d5cd1365f1dd
7a9571e3fedb85e604e0018b038a61d81b7dc30bf3ea7cde0d521c6a5af4e7e3c10eae0357b961e1771585f73b21967dd809b69e04a95e2042f7c447b06754e985cc09425302c04ee13a4e83eed15a1104562df23c2eba2eb3326bf76629c936,92352897a52ce7a0ffcd04788757fa01295b02bf
bc5f49c195a76887f92f7f9f739439b99c44d2e787ae8dfb45fc84800abf7cfa3aba377d11664656606cbc097d1cdada9e54b8f8dc8744dbc1385d60203b10ea8b8e0a59718bf751279f6df8f576f57420f4f2a2bc0ecb060aa4ea6dd37c42c9,1be81daddcb2b238ca7f02107004996be51cc5cc
c23d6548afc73406d354b229e6981eb11e18ebd35e3ce329dadd36b8d4732a343f93af169ed87ec71d52bf4d157d113b4f1ff5677e3bbdbdbf2949a68082ddea0cb332c2afcfa0c6e1c0a4c282880659362534aa52c355c7ebba13b59ecc0492,b6e30ab19f121a1d3dd3fdf12ea76579a42b469c
67a4ea842a3a14db47849b9cd3c76906d8d0b7dc8b32561dcabf8ee2fd545bd458987567ecfdb3e2928479cc4043c82f98abb98f5bd79f730aa457dae20d32aa142342a199eb60bd40f20bdbd0b411ce4164e41b9b68178e62c3f954baf1ca28,4bb8f55e09ca51aba2d4820266acfa1adacd159e
f4201736d49aa351c8202171c6d11cb3c78143a40ee1cccd8439725fc0aa09949001d3bcf16a299726bde3a71c33d0122941c93de38eed5fb01f54b5bcf366bf7541568c63d396e9b600537c2ad07ddb679855afef8fd1b3542c94ccb4c22629,0e385f818685c648e426fbfaf4dccef559d44576
8a575920fa579bad027bd57cb1d59ed5eae3ab66bf61271f21e3eab6150ea18eef0bcbde67629e9a1863ef72f5b0d13314430b5f1a4bf4c8473889d1e724e5c4b39bdf9b1ee4b1c410bee69bb37ec91257bd0740f9336234ed2c20b78cb5b902,7d8ca83cb40c6843cfbdbc1fe9c476a68b7a5e45
5e0f9005492779b77ee354d868f5bb848ff2dc037a289e839cb5a06b3e18053fc97734f1e5640f4c45e8e7e9c40e42c8adf6d11f3db6b934b2609454071bce216306ccd9dcc4981f3c5c18d0169a836f5907899a17f5f4a20c12d44ba8e6089d,182c8a7b1739c5a38f3bb6b93eb612162cdc6107
5e23311824e8474a58c1581c24c8158737661ec4af657ef7f8c7164ba24f05e40cc9a3c5b5cc51bf975d3092730a713a2ba15c1801fb65325605c0eeb4109f71835a79abcb76f868f21f816c7ca13835bbb5747dcd124d2449dcc3bd42299262,d3329022530803a0ff615bf783dd36ffcaafb676
f462a2ebe6cda08f941ec32fe7a0cf46d1e51e4cfb817eadb971bc74dff09845d136d1bd64e47a968929ec05c9f12ddd9feba449fb5e5dbc077e9720c1e4c7fa1e149b59233d88b145a9de4f7a270ffc7167c831c8ad690fb6c97907fdbc8edd,c3c579d5b53da2a454bfb9d1cd205fcacbea748b
30d37aa265d0c84eedafd1afeeb5de8aa5910e56b04f5781600f14605faefeeebbd44bfa16a33a9be923a53a2f23963df687a1701a273088a25cf21cb56cdf11f53b852d759728e71334c2a5c87a44e99b89556ad2984dd3047f927f86facdba,64e65f75686f5ddea41c283c0b120dc3d2d023ec
53f49154cada4253fc8bb9f79dab8877c1eeb085ecb84b608bf6921a23df4b0901a961496ad6410d713e26fed319417d1887379bbf7ef9766f625952645c5e8a253997fd50c65f905c8515b2a85230288727f2c597dbc83395784c56343072ce,abf2f26bdb5a9bc26daf6ba5d117b980042b7378
f1964b70b5431ce11970bcbedf6cc71f318d5205d9729d3da146d40116da744f32c2838f8f29575d31de2e3e1a44ac7d19426cf7fec04d25c0be763964a85dfd7565ce7d792b221684109bc50563ff9198e040fed3a45bf984ba77a75a11f301,80295bf3c37d76031d0adb29e33a405ca1bcf69b
1b1e2bbed9e413ca95c86cbde42f0250932011b931664d33e699cb3b67523ad50cf5d98fd41d11fea0ecffc2db784b7bb63db50a7b882cf0c5d2e4e5cd5c98f532b4f2f625113ccfa7b277d0b7ef96d7e1a620fcff2dcb2c7c8134978d7f7bd8,e9e928782000ffba8a4575d8038dfe30906c18b7
5793257baa5480e5115fe4b550ba98aa2f35830330ffce14105b5ba38f833150d1e6750a8e5a759518855bd59992b88e2610fa456bf1708007a391249a0491b11a08f731c0a0e5ba86574c01406b9afc6899fcb1e09005b79138ddd91d11520d,195b5dd652baf5052096939de4243b5c8b4edb83
87fa06e155972370d72c7cf2df2d16953bf1ceb75a81d82b203fdf0da69bc7e94fee452087cbadd169186398fed8b2d4a3796420a686ddfa9fe7b1d50230d01ddab45f9bce2f47b115565c3ad80a8564f8d37b3b697c84bab02b6b6791de4b92,bd2d65e7eb070c954eb4e5518b13f3af414e1670
fa45aa1862f751d9a764a602c86c2fcdcb0bb9a7ca775211d2d069a90e8cc0336395319dbbf9df404b03dee99ba301bbeb6f0319b4b9810143048bc98653f492dfe24029d3a52d59588247ce0ad7eaa4064328dbbe70278e8a652164308f56f9,a7ad4d134cadf6736a767ecafdf904cd6d255bdc
a3ea76b9fc83b8297c5ac9af4ae653556ac9ed53299721ebb0913eecdb18be8b5ef1d9746ab1e792d168c2ab9465b72e12a07658087223c54f6ffaa86139278c19461b86acb944c86475c9996b31009f315ed286347439241abde8ccbe05281e,8bc7166df67de5834cb52ef89d39b1fbce9a10fd
738d684053155c858d64eda3c36205e73794c256c5adeff25e3edf13550a4e092b03b1afcd80d0989180be8589abec4934eb885164abaef5af39e2bff5dc31fdf51f4ca221675a178ad775763c8c5109d448876a86bb8e6a4b575960c2ee86c3,003967da916e5797119d58f4f4b62c50b3483ab9
11dd9e4afd1b96c08d904fd7d805bf22926115229c3858412e3013a74e2d4ac0e26ae9f3a133d9d1c12fed21a58aa852a76ff1cbb869ebcd932449bed88c769fcb63a940bd47b94d1b398b8e90bd51de200046241636253c085f0a246f159c12,8227205b38eec1686c2fad4ad9a0a16dd2a8b07f
71eb18985dac5e4766d0d61f8387521ec7c53a3e8fd46d95652bb664bfc3a451a368bee62377e6a93434c6c398cf4151e7bfd7d7c565168639e0254b845bab9748999903076f90a2f28cde8b86f5cec9a31ad7fa2b5b0b040250ffe55960e2fa,4040e377bf5af7f369f782dc0af085cc7990b300
55505ab5fd1c3148d1b17ef77d305ab459f63aafb2ff30791a6ce529f5a540a14c3b1c5c67ef49c401e737c950fd368708cc12c838457a011cc237eb8331926a5bde3e254729dcde9737514330e41b6d67d0efea761e987f0ff802cb8c699e3f,6deee113ea2a3bfd09797b3aed1e5aee8fe660d5
1a1d51d6d1fd5795c74c52221446c7711a03d8942ccbc0a62946372c2a13604179b465d1fb965a1e71b71630de94a4727d22787445c10196cdc1a12bfd472ca9a9073033ed5fafab6bd1c73514d09d74185455218b20f9e53451c5e4cf02000a,c675a3c7a35e075bfe17248d337a478f0d2f7d30
438e5e3870308c8ee552e6974de57997b5a2790e5e9bf795841c72b0f4039170f8c0cae40fd9bfe1754e42bd30361a9a8394ba88ec600ae07424834bdc992dc31ec90dd53431b602c7de72fffa6e09d74910919742b6403bf6bce95643d58560,0a4031f12d6479939d1ed5d3e367338b75b24015
de0523955c1cd7260aa614f5ec34da9e52e0b0f706aefe6a52c549422a231ef1117ec78034181f46ac4fa721e2925efe358aeecced8df520595f8f2b2596edcdc67382a2c694f16bb5443cfc0ee45560c1663416f6832ab02a673dcc297ddb3039c2a1d8bf122c1b5a42da1f1fd7f9060149a1c8659edb4a5f7b9d84d0a51625dfafbb3e8ad733496ad2d0f5863617b58c92bacfde78682d3d66da343611092e,4b8aef6b7875d1731ded7c87d53a0cce6d1011a5
aa1282b9197b28a5d57917de16c49900be20f4a5a1b44a2a4c45608e037e246007dd7b0c635ea1236576e359c06987f182c47740aa69daf78bde85c5e4194c40083456fa6d857e7ade6a49e45018525a45645bee57bb4acd0a2e636db3b77623,f6e8cbc92a2eaabee631f3c7574f9f2855ac7471
0d85ef5f9a3153057170073c77c154f47adc0fc559a6a297a406c77d37b72e3cb840c7b3c9f35f22740be76bc18c0042e2f9d00d63da4de9b0753144161a6ceab5f89eb1f1e8ec5f87ae834e2f1eb79fd18365f93eb4bc84776d1c8495dab5af,803e32c1d074ff59a9b58b71b5f6907cea7a85f7
74aed4e7b810aaea8c67a77eae6a2b9304f1a14134844e4bbac7eb299e2cd2f5775174d00e663907723595f9441510948ca906be793a01d17d0bc3862bf4bef6e5e831ea2c87c418c1f1d8615e2f8e42d0486b247f01fed1549d84b48470f1a8,361d1ab16a8d3caaca71bd98ee4a19f1c418f724
d2da4e0d505a9d90cdee434f807071fa88dc71a195b3950bc7125024299c36ba1a61621e444bc15a0e9c707bbb3697b2eb7cb85ce0727a989df65ba3c6160807a715726ccccdac4de675103ac82192e4ae646a75607de2cef36740bdc5d7ae23,2061275ec95bb66edfd8aa7b7d691820c6cc252d
474aea9712a81c0f849eaef1064ecb59509f2415f76402c6447f0bb2e34c1bf8ec46a95e3bb2a217e254121b911136e4f60ac57466295ef1b13cefc3defdb9962840c59c692de2d5cd2ea5f36be55838d7c331aad491f5a4059af6bab86847f6,ff142030b027a6f4b000a6157b8f7074dbe2f4d8
664e63073f6a1c7d3d5f79f15c66e773c60bc6ee254756a993fce14d9fce2a358c5975ce86657e25db28f69cda8946221df42adec2b11684b0898fb27e50f3cebc9eb4e27702dfcd2cff954fa563e802b450b4526a8cf53f22384bfad59ad9a8,7d470221ec48030a09b6e809ce659551dcf50830
c9f9601aabd8e91f456694e7ab9541fe82d66728e060d0448b1a78245031c2a06030412420f55812e2514606a714a811dc0234c0a479c563ec9bf5d94671857a001f026eb282d016a18000953f642844041cc50a91e7f2db434beddab8436af9,0b542fc2be9aea8da71d0e0b07a7a739adaca3a3
970878d39d4d740ce860ae2daa05c8a5323b2535d2412e1ed63eeac2eff760a5008a25a084787684e307ec71936173c97d7fd7312efbff23fc9ec3633cadf1b43576d6676b6db314aac890cab092b08903015434868a1c3d0df58994cd3bb92d,3f9def4f90a07adaa3e75f2cea274771e06886bc
a533db44cbcd4b672cbd511fef7a1713c55f9ca1cf118dac3a08b02d138e202df26274163551b46105b30f445ca042e4c65d9e4056d7fdc8caee9f97551a0dcae34c43a2784a273a03c241ec8fa5f1a3eb228435d949704b893a5c3e2d3dc7f7,c2395e914b6fed787f877e902df6fc7cbec1084d
0bc92a516ffa5a321e538661186e53c19a36c7dc2c348c1f7e48d9a32153a8f120186d0d6807e78b6627abf12e3f9b48998b697b2c873b4b95430436def94ec52b97921f938042f33842ba3a2ce0d115ed9f963defdae9d24a71c646cf6dceb0,9bb9a0ff64a027df2ea106e7d6c0de0d2072ad9e
8bed985ec1dfe3e11d535c1280fbbbcbe00869c5f9d2caf86d51ff265ba6961a24e4d20ed7055bb2e213ee760e77fe1aff6d15daadcb3792545f431c53199f67a6b9dc8e55d48fd7d9cfb05bf03fbffd019b916e382c83b72c988ee49ccfa02d,f68124bc0dc8544a172dc25479ec8224bf5a0bc3
f52188570e0d2198ae377fb65cb5783e6e4995e870f37b3b7ec382526d19f327c85797101235a9f3a336d0a1c0b7db2dc1084c37a6d45acabb27ceea6502c132b79663810f2acbf62aff47bdfb6c32e06cc5ec4d5b4a4ad82de2c3dbbc390925,181f1c27dea56250f5fe6447e8bd033ab07c85c6
8487e3d82eb047375a3ca2bc3110f42e9d0ee842be661fc109a486aa8937482721be99fdaea06e923a92811a4f2b6acd47df1be45096c11c4f8f5e9c0ed27c667cb3ad6a90629b87a9c4f4643c5cb7ae052a8b0cfa1f3b4bc4d2f04ecf641a33,1bdcc2161f3f3b6e96218004db1ea9ff0bb51f5a
4578ee5fb06bff5a549c4efb957ef4c4a5d3dd269b87a854358aeb421ee200d555d0bd7d963b392d458fb4ba34530c9f6cf9828162d5d2d3870c006fe81ace268559a66321a68cc3a57d68ddfd0ad338839015043da302b2c510a874282382ba,66a7a8f7667eea70ff7835dda88bcd17aab3e2eb
acaa9aa2994e6408f4b745c0302f55dc7f3f5eb3fdb96dc3790808927628ba2c49fa73aeaa73bee5d1e725c649f31ccdd0122abbef2cc003068951dec2510078dc456bc163324507ee3158c1c9831205113ad9217f174785f6642c72a64fea8a,28aee8ae56544dcc0e3a72ce426e7824840e6e95
88f3b681b0eb6ddca6e4a43fd18576ff59ea6c917009d95995d3b9f90636573b4e4c0b8febbb9e7a69b0bcc0191eca7589818a6c335037c934f28d3d7a1efcae797d44d0e088aecdf7e6796ad70147374a6876b4d036df92a60b57fc417411ff,fb92baad4eca6f390a590b1f3adce4fefa5cfa6a
1c17e92e62b315997c2d4e7610d226beb417d04fbd5c78ce9317e91646f5f3e17c9479d9b107cc9407a8053971ef218252a800ab6b1428ee686034568eecb7bb7c47a947a92b7ff0841f8f676c05c626b500133c7bd90fc69fc267ab7199ab9f,6869ffdd15fb97d4017a545b76367c09ba24e023
a03908ec3f2f0545b8feda782274d1b32ed2fb7b086be4ecef669626615b8cac61a1cf801819eb0f90f111a0c06fd3889da3a23805886ab486723b904c7406a75e93e20ac6b463ba5fa54e4755bcae7a1450aa5f622ccef890c0df2361c2c7a0,8ef4993787daf455348b2b52da9455aedaa6f3d7
3e0a163efd700566bb35dba9d263c8c63589424bfd8b8e7e487c0b29ae8116fbfa9a8afd0c62fa8aabeb328069661ad629023e37ee2bd9559af5e42347ae953fe700f63a0ae77e9e27d38463fd7cea24173683d6830f4936b8bd3d98674125c3,a18e4ebfef85868dcd958aa5d4bd16dc6357778a
6a2c0aafa85d38212e521a9bd4db7fb7724eef04b14f3536c91a5f8ef9ed0bfee0f35f4b9b6191b8bd6f30900398ed1253aea58d46b4ca482aee3b48c0f88ff071c15034f5fcd3410399104f35fb74683a8501ce39b8f6a12d669c8a5e62c47f,00cd643bd2b67a489b496d12537ce035f0495097
15639d876bffed62249cb9d24b1fb3c645779ea7100e17920af600db6cdc96d4ca9676d2afc6a54d6c9cd64d95528ff8b2601bfaa08da76e286c542a19ec6736dfe9c4d491233468cd81640d3e192126000aea7fdbe3f406814b20fd7f6b1992,da5cc3f240109a34d939cd6743a11d15fb856cc3
9fffd3107af21b83ea7a84b08f4e053d3fd11f37090842cff316a6f1731120c3a6228ad29a39bcc087c23df23f876e558aba015c7801d227fdd1f5a97a27f3c36e6fc397080b8c7375f536e37deb012f6cffe7be4baee4d3121d5284143cc082,3a5703457f3981569d959d9f53d7b2ef9fefb74c
b230151d2de80dc5037ff9b398f1f8d0f7c482187b8de7834c97d46196233523aa03281d96402d8dc73f378666f002bc98ee2f4ea83d53c6da103d1e33273ebacc9837bac7db9c18f94064b59719cdaa010e2205b8f7f946b5b73e888f05fa49,e4ac182442775a77300d4b8ae30221b30d3c6e91
27ab436cd80efbed1ff538a87b78f14428dd4253296f8bf68a149399f7fa3af2571a07d1af0d29c2b70779c34fda67eca6ca11a58542dbf7decb1a41ab6c613c182da02a674d7a31678a158614ffbe6d0aeac74a577f2d32a306150cdb1c8da8,1bbd7067b9a8ca3ea0c3eb57341b01c02b7ef748
0a96499e95905a7b844c04842f5123cc6418c6ca3d292a1389c6a32f6e7fff43afd132096c3b88a24268f297c966df13c94462f552a28a2e3ccfb97853b9e8ec05c8a1e1deadf8e65d5a138150bde7f063dfdf06f13dffd329b30bc38a1ae5b7,4fc0a4c62decaa846c619d08ee26383df118101c
619d40490c20c1697b66dd81e572430a75cbedbe4bfa61250cd329d01be428a469f2d797ed29ff9ee420ba830dda6757677687d3ca74a65e854defd86749fc4223f1744ef1b0ef3ba97234404d95140cc180e9524dafc6fd01cb0d57d93a5ca5,6fd6c4691ca437dab97525ca292d1923989ae2ac
80f1c7b7a947eb33aad2cb4e842a07f040888268898992293c02ea3cb286c878ac0fcd599798c7edd2101d7aae5e05f9215029095f482033cb38bb969a70de51e711b3cbe5dff2316c1f9feb3d91487adc2f075db0a5de84c954f2ce688d62db,028eee85f331b227151e12f18c8877af08a99631
3d1f2f4eec52473253391a63eec4bb66cc66237a2325210da9480ebb09014ba62ba78ea1c1d2a33543705d2f8d48a840c9d37ef474147b54ff9921f157d769235be8c3aa044da504764dee6fba276fb59cac7ea0a610aec8b1549127f9552854,fefcc296803393993290da3e95d8dae03ef98704
f1e0e07026a6a1462cc68ac9ad43040ae99141e0e36de7efb5e64306135bbecb763ea751d2cef6aa81967fcc3e960214de16096d67a19dad73918f23c334533b568ae9cf2d5a0fd42c3bc983cb19a2788e6f07adcc3982fb98ed1a7f8b1609d7,fab8ffdd9b6c7458d21609fdad9e6666b7d236c3
24850bd490843a942ef42985f86e7b6f4d6e49946fa00af7951c628df9bb996c0ecd5134e860a7f67e3c87315f784df8c350a0e4533d41ebe8ce96dc1b76dcc314057108571ea8a4d4e68305ebc9f6a5932d9b90581698bcdb88cf491f403fc4,93f7eec6e3c97014d641cfffbfb65d56993c7b75
f7142f6a7e7c576509913b9090d81764a340312605b77c76e17f1404a75b03f0c086b011ff7b4f6ce3d85fcd52fdbf0173e851fb9de203d0f09b9454696e247d85a0de5a35383cc6560d3c0fa7150d0309800eab98eb22cf879f4ecc448f2a28,72f098aead58160571077eb8901967489ba2d236
79dffc2c2d997e58ff3a7b27b706da53988780d392191c98bf2eb3a2e3a9b36172876907e1910313940c3c92f4369ef1afc88a417d08bdd7dfb4812073b818048dda65a6d6e89ea8171cec357fc68f0c9f145fb7ba335b9b8e3ccb9c54d5d2d1,f0dc5c4c3249a29a9da94358396681cd400c6c5d
9fb8cc24393f4eb5f143d4b184183f33a1678b6649525bfa0fe148fb54b6945789ecc385fe79c3c7e30a023ebb5f71beae98caeb4f9dd22bea36871e4164d9faa9dd99ea75af3a36081dc804809b12491d80aab451e612a1bd71d018d4eb90cf,4abe6b5001c6d460d003294b91e01cf6216b02f4
2dc9669d1fff5eadc26e16655be373a50237fc67457ce8ca1e113df70cf36141c31cf0953f2f6f6b73516d5ed29916b1c87a6f7567c94b57c4bb0e5c2877418e7240ba32967312d74e44244f835b190964e41ca62d8b20a36189a5f0c9f98871,ed8c63e6a8e29093f43912c0b31cf54446fad59a
50954a831ce4c815a95b0a16b599b4444d4abda5f386cecffe181d5d8c598c7bdbf3209027ffe25739272cdb50aff28782c4877e528b914700cf3650441b66250799d18ca8f6355e25ad18233db9f74a8cd6e41d2a512e018d6c6662e53d1317,4e2019860dc54fb3500ea2f4d58838a91c4d6fdb
b710d84e59d68ab203c126235720a67898817a99bf3a19e83213ea342b6cbfda82b1380509d351e0889fc256a75e94e14ec5222865e3e0b73a588dbacbaf542cea6600e6daef504de9b53d5ddac6e664260a007a3f5413665eea4109708c5c04,17e8efc4abe810c8b4518d472e0fd86e5c48b734
ecac53a89cb8ceee42a2991594aead852487a7ad265f947358ac684fe504e548a1539f9e865214445456d17cc82123ee7df7eb56b44a6df168c89195fc07703b6e28cf1d8b170c0d57bc425a1a917db244da5ad931a09443abde0de7ea41c2ae,453a559cb2bed3f4dba59c5563bf9f5d7c5f53b3
525d034e696b9c58479fd936c860b44eb7fa660cf7a3bbd795c27e5ae4f85d90110036b6893469be262a677a2d1bb284af03e48e7c44f76758eb3fd908be0fac8a8c5dbd7ee85c972a09ae0770feb0f8b9379d703aa39c5fac53dd1e47524642,7d8bbb296469fa191e51d8aca723215ce17a1810
c338fd89fd7bfe3fc30ba0b96850dd83f262aa09e332092f12813e9dbf4036cf7c0a770d985bbfa6bc9344280a824083fa1061620c45db83d6d57cc7c954431730b110e31d2273815f18a1a437fee5f503f21bdf4519af38b90f69d678626793,8188433671027704dd66c53dd4b49764974b0364
ede99a2b1dad62621535b8e3dfa2da1bf00b22a619664cd60a9729cef47a006018f89b42f16e69a459d20c1d5b8c562fd6935cf020087229686af8d58e5989d16adf5205069dd5fbf70f15d037518e3f284f567cea447996818a8063e002b1a7,0ec79daa8f7dbec07669423922daca862811865c
1a64d9d7f44a662e697f32370bdb82961456e67b7d4d4c1dab70f356180d9cb1105b56641c59f0ac2fd581c1340224696b50f4a8546aa6ebe3ffcbb4805b71b0e4fc0230116bc3d9309b0663514167f9924eaf7e154c08b4b4b4cb9dc53c0f7d,b2f43d3875b7899c75f65da46a6261d5d3a8fa41
ab5e5844d89d27d08c5451710426f85d4d2f53a6e98d3c88623164c0cf744bada582eff2db4302940c38e110398c6eca7b432770f76ac4664f5fd947e9a3f19f7724c496ea325d0d45cbf8d038a416a90eb4ea5e0eae28db5ea9507fad978360,eb0602e7f3f8ee27e49fd75720a9e19c88231fac
2a33a8668a977415d9f112e4dcee4a9c0f7cae7397b30cab9b8cc2bbcf10745a8af0489d6dd4eeb44a7ca291fa2a641209d2178778fe6831b15ebc27e795f9de2b1a16aab2b05670b1c83022723c509445de7a7f0f7ad750fc925f19759cb36f,129eb58f00b4cc3044a5daede73735db69b68ed6
905d4fc9e8df3d447e5590cc94293d847c79d7494d934f64d5881ea077b26de2fb23667abf13e10896392c85377b6eaa53cfa6d9d217b24b20adb65513efa0179e35fe70e27c2ffe6a0ddf6395b0384aa7bc426abe06703ea6349263fe522d85,ca41b55a8987c9626a6cc2c3c0f8342c85efd668
15344b98c816430c3ecd46ce4eb63f20aa0813cfcbcc8f8e1791e71184ab7235c8fc293f0f6523ffa1f50d80989f167e4000611f8bf33462b61688c89512fffcf56784b18defdfca73419e1f28cbce3ee17d897bb390b1c7e71aa07919e4ac25,2349e66642e824a49726d6f357f2bc814c1d7802
b2eefe99c6d217398480a2ff99902e34b3192057ad219123b9d372b197b77a69d2b676279f8cec9d82cd391b9ddc1340d99999c7ad22e116a828a316f7e51613a4c8239029307ae12603b5e1718b2efdedea74846c1625cd2832a276f7501aa1e639f6af8da2bb09dc19d25962e85ca26067d01fcd712da415732900c34cffb6dbae44bcc58937ee6c416a841c7edf68f4f3b402c9396a3d3ec5e59d57776584,2bb809d844db2c94f1fa827727ae9b8e0eb3b16e
7162845de867533f6fd760e4f3b36abc6a96aa4e70e0ba821e8b6e7ba67adbb5c7b6feaf713b531febfec8370e83de7b27fa20fd032acc7882696783e7b1636cd90defefee8f8c893a3678fa914a3fdb7ee1b1aebda6dd7f4b0936d8cfa23712,1c3162856cf71e13f799e27cf6e4863b27f10730
c195d475fa9a0c3340a08c168d73bf85e261697df2e9f70ac984b34ebb960e44e0471f30fb23207f11d9a2e9a34a96b7da93e58474264e63882302e4f5cf853cd24a19a94b9ff0aa74b3b2d145ec568422c958f760e284829cadaa4d1c63e58d,a56a40f03b459c339588ea1c932ff00ac94f9d22
6d8909ae31369b6fd5e927aaddd87fd38b252bbf83442a4c22b2988a10fe2d05dfdaf23bb684e1a1affcc5bd9304a38dc26de44af298c52c672a167f43e489559477a858c8932c66371a3a766191ecb33cd8dc2fd3fd0fa797fb136e6939233d,a9a532a7d51f12764f7c97bafe90b777e596e187
f8ceb5f556d64f2c34761e1d1ec3163e72b9c90d0dfcd2fe820555021857a82bd958360400b03563110e6a89fba6e0f04b72af5886dce26d02ea17ff3bfbbc22505329b8bff10cb6623669cd84835de29c3603787a441ed11f6c2e9d216f4167,e311386ff49523d2fe0cee807dc82762ecfd82cd
25836960d024d38f5b0dd74f592614ccf6ca4a505504029bc2db4311fdbd96e06d4861f1d7de6cf6844b327f6612590b41949749246fa2bddbf656f1ec545eeb3e512e0bb8a8779300bcb5cdbff91561e09335eb6cc3c71f06f514c6b1ed3d69,28fdb6dc686d95c300498b001fa875dbacf78c48
8142cd4d0645fd130b23e93528a555163b793c5835e7e30a76caefa8b4cacb16f723d0672314dea5c9e63e5e3123e644cb4324961d4d3f0f4cc2f5cc92bbfbb035afb31a0487d55c2d05a5c2e986147eac137ea827d8049aaa0e706f15bffcdd,5134146ea9dd334cbb0ec8b3295ad965a804e00c
6685b9f58268441c539a178629604d836b1e19c6ed17569fc041cddd237fb675713e4ddacbf46a2fa007a5e3f48f2d978f5fe82f2ef6fd9d18d9d5a9152026e3bfb1561123eb0264631169be04b55f044f5267efd398ad02056d90d648c859a9,f4590dc83b712e6e13129895504e3f0d2dddd087
13b0f987a7582eff0b2a74cc7bf8b8d67000f41348c78e03242205dbf69946563a18fcd3e6d8cb2b750b00d74005c6f96ead937511d59f50573720b01692379726e542772c31ff8e43a383d7d073e095c27954cf9600b3c574ec6d5b26c717d7,276290b6a48ee20a541652d2f7caab2887357974
1ba926285ee475f1897300ace0fcc187f2dd44af3190c3d633e1cffe05741d45e1995f86b63052724665e2a193072d3def17f202bb1af4c9b04696e2b54c5b64ed26e6247ebfe8fd98c8ea9e96acf1a0aa91920b1b69a8b6b99d013188dc8957,d951ce0976ddaf3b1d102086d9213a28e73a048d
0371d0b93ee41cd29babb20aa3c0944c5e71228296dc394a3153dd435e5f5fd99aa0543ee8470278500e4fd41012fdf85e9d670dd545cd1557f5f4d86443ae33b72a243614304519c5a0a84b6fef701005caddf8dcc1b78a02a4b8c8f190f41a,7c67d2be61cd90696f08a1005251110f8f873515
6d2471f95412a7da0938672a9bc2377c3bd9699e322a0fd1d14c6907c02273aa4668329d73db55ced8b14469f20d349aa7b574057830851000777cc69c2cc72ec5990eb963da5c90afda89c3ed8bf916a969b2b166c8eff0de70bb9461388d76,1fed791b5d381b80d015cfb9bd7b689eca9d34d7
63471c5a021afa108fa10aecaf5697bc5a27e54f6032cfab04f8e7332e01e2b88daecaeffff22b5d0f42869c9b64f66a8e601e15ae8f336242d3e510826b42f337556ff2f33b30f243b9aeb884ca22103c3b67ccbb049e2e88076197e8c7b06e,21fa029ee1a646b36847fe9e9c934d820707fa17
7f3dd20b8f756a194dddec502244eaa7c60ba4332cebd46132bd9689bf63ad88d7cc546bdd68890fe54c73b98d19f7b68581837a42189ba13f0e3c5c8baae6e663a2f102fdfc41daa20182c5626ffe86403d5499c16234aa97adce66d92b6ca8,63e12536e444ab0e009f1f94cd13a37429a990c5
5fca3431c033656a59d7155ee46eae9c7203c431fde5fc7a1e38181c0b9486479c6222bebc2a95923b2842fedbe4490e1957b56c425db5a2fdadf6018d8208b86dd52952ec0b86782c303128da570cff61a4b2e8e0470e6c93a0a697c88bf0c2,523286887639708ae3fe677e68bfb22677a640da
e0097b3ec1ba81b4b66927b5a937b9dd7829d4deaba673c22be95be5bc4e9cba7f0e7cd3ce3ad649311e0dad5d2d9cb0cc52d96bf3a6534b1c0972094ca651a46ab80fe87fac259dc58ac4934cb941af899da7e2d413d76734fc965f0d7c13a9,0959540dc8a3cbb5b3c0170a89abe354594d9892
f2a621c4ea7ce3b3cbcc4173aec897a50bb93ce090b1372fa4c0949b24488ae5da6cdc01979f8608de2fe101459c6c9801c8259c131d410c655ee7cee3ba070d53076a92e89d5f6bd4edda8145305597939530d47b90763ff5b05f0aa6d013e4,d10555dd25cecb37922f8c068fad7130a2a6e5a4
d811c84938ed8575d21fd11f08ff9250c0ddb2a4d34eac7db2a29bda72f52eb17c95f623afa99acab5f82f71f0b4ab4ce540ca4fcf285a726ec2fc114ffd53ebe1ca6d0b272f20033ffefb20a45167c9efdbeea33bad30fd8b0552977a627122,d0477ec6a0417013763ecfc9a3845b096e05c99d
de8d93c5ad10f0bf4b6588551390d597c5af928123f0884bbd4fddf09dd6f63e30d17ccc050f019314295c9a09968a82c0a4c7f3ec72c91d48242d85f2f05208093ac98e59e8d5af7cade984ca10ed3a230eb8dfaaa60b75eea1f4525511f3f0,52b0dd732fc788d515888a7bba8a367b600929b4
741405b808b1a8ce1a61e2c365af7aafa9ddf25817053eddc3d1eba3ae83e437e0dfce7f3337371e2db4dde5f49ede664bd5c472b00e377970e67bc71f7d98f87bb67de671f8c7c44dc1ced93f1fb0659659a07bc796eaebc1c5c058737fdfd1,490df78471a9be1721b4aa64a0c4404b3e8bdec4
64c040e2477e1629f484806404fd57abee3f35297ce617e990e47f451ffcc8387fad6d2824624d38850f5d74e203338c74d263831c88bbd3b3daf496b29ef5a41fa5e317a2dd93bfc8dc4036511c68d5c9ce535d06bdca3bd0e52af2b4c2c242,7ddb1e544b816c3b37587162b2ee8f08d344dfaf
523c990a917aeba5a47ee0bac5cfdc8bc43fd0f684e03c94e9e916c935118e44d41800410d04be9f1f931effccb7e016eff012d7b5f8714bf3d25927ec976967593b53c17239ec49ec4bf409fec4cefdc2d88b177fbccff23a5dc50aa171a4da,ef4aed6fa98c55e009c29bb47136c500c2e20c90
5c3bdaee796e69b71b2c93e6e3f954850754ffb64a64dd26d3ebbf15cf4d283406b0dc6f0d18e598c9f91ec8415b423ee362c6466a1cf672f019931071f07a89b23479fe3d237a3461804324fe6d7e65965ab8c666388c52a10a3d348e5545ac,0a4925b70d41bf0819232a9499dd88063241b956
a3c4ccd8aba0ff000ab48a92372149409d421713ab9baa7426fa0496accbe496b3ed7f40122b781c4d2e6718fa3d74cdbf0389d23ff675deeb6329407d62e74addaef379159cd28ab0e53035ad2132657434fc3200911979f2677b0a74097133,915caa1464075d432b16df71da7c073300771505
b27d6a2e916f33593cf21d49a3e1950a52735e3cbb242219410458135e65a570000ea0a03198d35a3b1fc63e9ceb45369f6fbc8dc458eb18c816d4bc4b08c0f18ce2395fac1bc7beff053ffe9f7fea3bcd7d9fa2747fd33cd4be9610c79fa040,b4c0919bb5bc3f3851b8b4c7ceab8fb6bdc60765
4d9c023ddc7bb5ab77d3eb3f5035d0079c532bf9563d1bd99d003c11fdb3e3f29791bed58ffab7d29d5a46452361a7070478d1d1051d4fdf4e3d8d61437fec4ee8da81af32d21856b4043c0106f0c6155aaa2293873ef95a50fbe779a572cff0,6fdf62eefda20bd5cbfb51e2800da2f815b0f47d
034ff72d2d16bf1880b794d812fb672f3290dad5c70984f06aa2ea95f97d7c2191c685777f95cc9b26d952820cb0bb353005efbf425a3961ffa61a7b6189d35b7435d5a87308eebf45517192cc7e7af9b3a3db1397943a6586106b18e79ebf79,4f33b793148950deaab2e57fb35f5140dd369cb1
817356fc7e075697b0b5b0825c297e4eb3445727c61e95d382c34de9003b37ad77c3309725020d3c6965b31dbacf046c3303914450027c60071b9e2da80ad8b76e44980d31d35035233d86d96ef160df663a9727062284f2d771d5102d5cfd62,0af21cff1ab2fae6a9abf0bbd1fb1f1e2a1b16d8
b4e931f0a5892ce71cd9b9faddaf8cf8d1c4cdc5db965757f625f462b2b3f7e16c1d06002df47940428cb33b7c99cbf1998226e02f7aecd244e40674f8e19f307160404bc54158d7876861fe997f3f6a7c02cdeba2e9bbbdfc66f3030b9eb372,e741cfb69d4bd1336ce2795ce219553d392f650a
6de4b1309ebb910ac682ad33070e17bde168980cece887991932b7bcb70e0349656c8ed3cf3b566c34f9ae80f85d8125c368ec8d902221ce9de2c452aa947e58421c4a6f2c74b994da42d295d6b4514bf02df5654a931673fff602965841da85,c517bb4bbffc7a9940dada6eeab1ddb4a7c2c07d
fb81cc411c77148387fd6a59dc1e4564621a1e851684420331a2008a70e652521a91f83e418cf1520362cba4618dd9fcf421de645e5ada60833b7358ccb827c10a214e8bd775b7fe9cec6c19e5635c048104ee02a5a5385d6a7aa2ee01505727,d2ee3353969d2a31dc20d2be5d4358067f6fc4bc
9a86bc6b2217c86e7a6bb1b12d1e97154e48890f295a534913c1fd766ae634131e36547e9c72e2b9fd2ae4dbd88bf6b17bd9d68fff2a085f00d83d5deef2d31c8bfc29b8cb831948453f316a2b45689c1e1d4f7e7c100bbf1291758a8e939c2c,6daf8f968a89d1d60c2ad54186b2899af780f0b9
60d032efbade47d146a1ee38a35d8b8a441ec3a125f09b78b41eaf68fa477b2572e5016f79c9c8efea9d1286cee96d171282b3d59545cf10dd753530bc5708ce3490d77cc89601fd19077bf83120a601d640313915eee8336188903d1523aee8,6e0a12524c7b5acc5d370f2a878995e64038ab48
002b7328ac2eb33e3ddb0954dd16827fcacae508ce9704f3b8440d4be4a9861500bf60087af27cea78b39db9a3bf6a899541e907c942e7ec44ce460179b50f63b18aa01c40d00c4304129922000e9fa214421168e593b0f12a4d9b7d1e8cff10,9756faf369f101b7e7b06fe10e27cbcdf5b1c88d
dc6c96ad8019507f0ca4ac0879992d24b68818273c890b9d64cb10f5b3483f6c67dad6d212bee7e2068d5f4040d0ff08f2df299160d121bc5f65741a8192ef6d368964c06f42cfc0ea6fc8283a06bc269fcf92079f8628947b467993e1151c2f,ec31381250c5ca47302dac09c5976ea1acc88836
c3f9b5a91772fae26ccdd8f1f86d44b2b7ae2f8dfcab16c26b0a13e779b983dd9e8901a7fe7d4f1b4e0b0c7ee06f4c85562b942352a62ca8008b43a77af241b05b930822ceaf3f9146647fc943dca9a2dd2fd860a6786a4bb60d3152bbf85daf,f0b02bccf4e3c032be9191b8860b4ce9c10708b2
2ee4fe2494824040801b98cbb1f904f221ebbd1429d3e648471bc9d3a6b922d7c6bc8d7917b09830bc6dbacb3d4180b2ac958cdc1a668d271ebbc0c47aca7ee7a7adbb8f5a2beebe520f107da804913b0ed2122ae636c65e14b475fcd0d76c3e,153d826030678e92d147b501bdbe51244e122b2a
6e3f3b07f18b342aeee89fe830e9cf7ac2db284467fbb1f4647760ed9672a6033fb9ce335f73924001baec13e3d5ad382b8c70b2ba2753263661237ccb0b55e0fa41308d58dab7e3380bab4e92fcdbb4eb2be58dc47c9557bc76897a2c4ff60a,7a1050156c09c282bf1ee952fa4b9669b056a0d0
a03f31638d803102dca5dee93ad4b49b99b650d2970fe6ae439eac61946d2abbc9c71b233e3c447101b6e11712625301727c7dcc61daaa13f76073e384b77ff8c6b62db13855e48c185b2e05a35482c95c913d73826dd207483a11a5c051b6c1,4929c62cc6601b102f78f49791ee4dee631fd8cb
9053dfd7d09fcd4f5accef485584c2e4badab18773bc03dcab657ce9186e3e7e7e5f70b11674e1dc1e602b42735f06c988a5ba8b5cf390b7e08a5c32647fa7c1646364a0379cc6cb8066794200ce41f1bfae9e67106cf7fe1f6706067ec8cd1c,75336473d417c547a7e382ce41f4c272fac32fa4
e354dbfd207b81d0f9d0d27ebbeb87be21f3ac28aa73e6680622efec4383ee6e8777f1dc6c27480ffe93d3463ce1f186a32a3696804935e2d2fd35847f5ee974db287193fd13a2e58370404a3aef464c989f1e752999b86383b8b71f70f1e766,153ca0a68a4c961bf48d2d788d5963fac59d6281
63335658484864b0d606f0e3146049c9dde02b53a5968d2f5d0f16767df0deb933941d1fe36bb3b2423afd9a18199caae236dbb18e5a5985bb0a36024517b7cc0cd4db9feeccd2720d5e4f89f7e894911746c9e27599c56be5da975923e3735e,e168f1196ac1ed9b4b4d4473011d2cbb74dc8e4e
c97e256d7f3fa6c0c89f0f40917a6dadbeec4a29c13216690541696b0c949e14871d615207031385369acd947b8541f545f36b68e6e5b5f142bd6ac32899cf884d2cf21f9c0a45465256052dc7f4d708120bc5d5266290e532af93b9ba1fcf46,7a4bd82badf418d6b8e160401e2f35e9cccddeae
516bdf6732019999f4e898d56128924674a53fa680926c4ee05ed9e2f409385fa53df0bc260d1d8516527840c2d5fd1e71c1e49c7cc531565dd5ca1e1966ad22417da9f3ecdc5e232562ff167569481af8177d8805a952650d31e52de9ed0fcd,12826a7aa303392992da278ed9289c369d106ca2
ac2fa391ff7c159139d060923b2b02f23dc922da1bf63347a41ffa2208c3c6c6f928d2ffb7e967e3e78c870518fb958d286dd2ecdcda0bfdd431c888b94ec5cffef90e1bfecd0f344497f2d528be899818fbe5a85bb669a0bc2552ac86258fc3,0a49ebb8976839a48d438353f1deb24882aca34d
