f26f006a72d95b11e8764463f09f34c1de51e9c1d0f33708fea4a10a6b4066dd863872ec57aa292ad2421cfab2093c7b279188d41f4378a8b6c282249494bf4446b6e02c9f0552cb0b0593dfc8d63b7602ac10386b7a8155fa5ff6e54f8e9f8b,e4d595122667b3997bd0a2e0639879f81a1832c5
f758c21aa70f39179bbb4949d833a9be13635862fe349d240a217975aa529c20520759854a31b5cf2abac4657c8210a6e63e660f8a6cb19bf10c9a5b68ac6aa2477b982b70c1c0175654f7e65e89a9f08f2b02ed30b33286d951042cb5bf3fa9,96fe245a740b3e3ae54429c0f01a391f1ae541b3
43df2c6097ca2e45fb5ecd5dcadbdce3cb944e5630b9ead9e8b70e2dbb85a3d212c4ba3c6fea3be5648e593526c2e59c02214e02f19911c96e0d8127d7ec53cb19f548eaddf6007cc52dffb41e47f91e97f2d6d9925fd92c4c05342ec0b62388,22ab205c1f835785483dac518ac3963404940d8f
abaeb59169e00c6cc02d7d8ad743b6a7fd9058eb34b72f23de343c9dd4b3e375dfe9370572a7be57d937960ea5001c23738ade0cf3123c372da15a2573e64863e5cdf38b27920af6a55116114141fa99a170ec5439e8dfc4d15a2b316f361bf2,ad6f47470b3ae1ea909272feb1fb123713d3b292
09d9dfe7086bdac02fd15d42d182d1814cdf397190a6e1206d178d02193ef58d1834fd84c897e5ed8d271557332d274d067b305588fb380cdabb4cea1dafb79dd2c42e8a1744661d27ea37e338eda7a60ad59a18e69e642b4aa87ef7b132435c,960e80c526cfa9c581f3669a102d466f3e805b03
28b2cf7d003bd559d6ee6fef09bf24b6019a08f9c4d1e72332129d2f9da48870c74819c4aa5144bcbd46328640e5a41055f2864c7ebeb964f75f18d2ecc578f5dea260c1291be52505cc800dbe91ed7f2ccbc98e5454ba13269d30d667ac955a,c8711f861a9efa106f83058e796be2153f38e0ce
a17000f6af03e0e15d036632a835d1b088a43d8b29504a555b070625c5ac5acd98ceaca83feeacca087d1ea9838e9a605e9b1abd6b6c674c3e89fef292f83b5aeb107b44476b1d6ef0e923d96e9991c2516e8dc9de2386626a0db68101ea7c9b,f291857e388cb90efb34dc06080f85fd07a9396f
868f2f2eb68b63749dd05e9050947f569120a2ffe4781308a294e5c56c8344c4f82edf153c8a3ab6cabc2e60ef4651875f06695bd4dbc6ca457f5a67fc856194f4609a33c90fb9ad924b9eb353d5fb923b6a3e7c538ced307df7ecc4f6543803,1952f3f242a938f2173072acefe6175fc9cb3c1f
21c9ceaba06b6353f2b5abb1f19caa93e29c707f4314526e862de6ed0200099fb2ba172a0d2346985c2e8f8848da8a11a4cdbdf5bb8b99d1c192d5ad68e44078025a196c70feb267dfd0836fa97df5a66f31ecf61463112fe970efa4b710d58f,832b12b9d9719d058e4a68271223993220c4045e
2b6a8bb12bf3d9f32e73d93b6bfc50bfac61fbd4f364c547fb687221d4b1a479ee4bb1822bc695988e4c9b0aa9a69ea0919ff57dd1abf9259c5b61eebb367bc8ce0573f99024c565e99d96cf1f029e70781d6d97988a0a6117380844fafe6706,7cfd4d073a45cd8d49e079ee45451be70826e6b5
91baa7898f2d00b2362405b1bdf6caef87913fdef3f818e346720ee1eef8d73dbee602b5ef616f74ec3e2ee2638a77775c2a1c1f4f3e01fb0d4420f74db3e660d243cf68dcdaa718646e28ab62644154599f47686c22278c8855708f41f54826,60f5d7754d82a48a29afc01067db072d19dcd95a
51183dd724f3ac607108736a08eef4f120d9196a189cd8215a678d67442ae5e08be781adc71d81fa059c033fd40dc6e10ef09d06ce08d1a2025f9d10f1568d52572f1a7282d68563299728761da2391957d82ed92cb29e248b359a14d928ebee,e7c05e5871cf13df22562a78284fca5b547e48fc
de33a9b70f40abc7313ecd6ec02263c294cb8933b5b65fbe349900e1b3d8aa73970ec427d61d81ac229754a0a5aa4eaa86fcc058d8e91b2efcef16de8b37d645c4fb0f8285f6fb88742cbbb02554bdd85dfcbb7985f5e12339f63194fb85a63b,0e5d871c79b693a9dccb76ef7882f43038cd9cfc
e06857ff77ed6c981ecac295ed8de9b20e0bae14392c1223d7bf34f2b3f2fd947654bad206cf12b6f72780b10bc0346bfbdfbe0deb80a6b3cfb9b2a84c01557cdab6454d976567cf35b50f7691309bc4f4179039eaf2ea554e0a4da9e8a1c14e,081a7db0b642289c70ab1fe35f01a239ca7b3fe6
fdd2e2d2947af591103c97b8583df3d2c3e513bd8df3f211d76734164fd19223f359a26a33ac5836955c8446ca5c0421218e4b40c3401316d0614ee6fbe89ef318dd3ab9fa8800c4030ba20b2139ebe654ce25ce98efdfe794d049c416e1750a,b88ec909ddf6d10b34c7e765003e5260746a44dd
44fb46508c1340962019a5ff5ca555122c7ddd7a5264aecd1429bdaf029f3749dc8ce8024a65d02589829b0d5ba760b4ba8477bf3e72a7d87608fc65ced0a9d0f41fa4de82c1efa4180988a885584ed8b391b7b9f06da61b9108f71fcbcd5654,a05dc2f246b484e42134f51e662dddc47b398bff
08924ae1c357d20acf41899508cc95bbc85324c3ed8a127727bbcbef9a22f97064b33ae7ab26c7469eaabd2281073571aa63eb1d22f6781863d90c1b5a4b063e55bdc2d853fe3343dad678e7e9554bd72405da282b6ba0fd62ba052ec640f86b,4258b63b65645537a777d9d14a50ba5a7a2a38af
e0b803005ccfc8fa074705228190c91982f7ce6656af33cd3d4a4c8337a837b35902493d2d860fd702a1261419c62d64a971795c8ce27bcf37fda652b583a6ed0de4d3ecd47bc19e1251170cba0708973a4e85c6510f1713dcf1116739f2021ba0bb85bed2203d1f3d5c55420df04104058169f711de89a70fc7235ee52d62ab7c680f00995b21b3ded6f7ecb10ce2fc228e03d3d2f465827142564092ec42b8,cb27214fa16d796e391e9e9ca34b4e6dd84df0ca
6c3ffb514d51a9b83d77d60f2160eda5fbea8d23c52c3540399bc3fdf7ca6fe4515adaff26e7ad808f4415e44a732581b5c81929e21107f8c0e4da2b2d00c2e7d208e2051eeb01b4fd9239e9c809d7114b54bf03da929377cea377a3c233e586,14bc49d8bc0e7a7da5536e0965608d3b7ac2307d
898592ba63b0ac5ecd79643c2803c0111fe75b45f75ab9a691648c0d9b87c4e2d0278602f7d6582114e8cda48b915ebca2091ffc97dffaaffc59623d18e46ab24796cbbfb7dcb7da25d38a34cfb9117dde66a14c7a13abab57e0ed9b930fcbb3,7d9f75d9114576dc8b8e1be1f188a395478f7d56
fc55f4229f55b225b3a98f152d775dd83ba0c7c1b709baa6ee918e531e516a8d18c2de642c22f2f2c52bfab2b6fccab5f252384d8339aeef19a43169d1beb5032b3d8407c1e75bf603a7ac32d7d4b5fab478c821828e3a571d72197aff57e4ca,f12bd0eb37f2a785ed96fe18278f45b00b5a97b3
24b98d04e19ddb9a8ae1cfa8f0c9914106cd6b15ca8aa2abaa78274d82d0e3f8e336a841ebf19c4ac816979c68149c37841c70b2f567812e44a600be3abff2b03efd913f317b2f65d2160944f4a8b57085e1d41dee55d934b5e14dc59de5fecb,1868292771a5409862f7aec99de33569a72ee164
7410d20076e9ed51edc060f5651fca66fec16cd774e308e84e9f17a1d87fca5efd5e3c84973a16e546fbf91223baac7f948e98e2aa1cefc8e19254130fa697265bb26bf7eb9931bf56efe0e41d1367cec7bfbc6f72ddd3fdbc8cde781165eee6,aa6d63eb961d1079f376dd69c627b0878e534628
15bc9c38861e656ab88a59be3b6b371a846f43b7701cb6b65b63b3ade2ea28409ad408b7b6825ba963c3434898a20d8e943228e5b2a4b81e2243087912034a956056d62694ae4d296fbcd2f7facfc492e732423a56b3239ceaf295936947ceb5,dacb83e2ff5e04432d95eca051f1050d930ed23b
819539c62ff3ca36567e9cbab8fd6d3298dd20140374f3d635018fbbfe18995a65ea8e3513fb605ab1ab7a863481ef8f755f4d2e1021816255796a7e8b02ebd9eeb1cccc615e29d4f72c8490880d0f12b2d93ff1ec3a0e201920bc58fadfa5e9,1c6d69a3369a8efaafbe52e1742f142c18101a06
fd534ccc7311a7569361bdfee25de0fe34160ae1a368273331cb70043840354389498ac5161e7f5d5c81ebd5a7f96ea9fca0f15c4dc7097810fa5400b0cbf443673e98e9dfa1281ef32e5dd11d78f10088596272fa8391e32af1d0a12d700a15,5ade7d49b4578e791a3bac964965abaf4c44bac5
2e65ee0c730b43d381709f18773e0e3dbf471c19d584f3e2f08a0a4d2468ceff30daaa2d12eaa6203d443c7c5969ed4b58d45a371cb07e4e6b88e201c6718bd417da03b6be604b6e09e484a98a9e898c4205ebd6e3cc061f15751a074341ec94,47f34ae2941c7a03dd247d493f7a1fd6f5e9863e
232a793260307e24cb0e6ce19c3d2529b46586123362227961f6981c20968082dd9c6a5b7188dab125e44a1ddd40c45e324188f41a58d39db302d76a94e641d3bbf871417f57279ee49e4e31856e60397f0bbcab8f4c769f699ab5fbde8e70a9,f81c3335eb84578e2e2bf37937d68c5ddc5d1a9f
2ec3e1e9daa247a001d5d1d88c831d1010f26aaad162e3574a5a19efbb0224d3880c92f7f85f9e76d140e4548635f9e60aec9511cf7cda15fc8c6a117bb9945ae3919fce2e30088612ab83e4c6ea3965132364ff7513246a06af4826e12305e0,bd1ed436a07b6780e722bb94a61ce1d7e2b31bec
5a055219a7e6378c2345ec34c0ed3c7d2a423fed5ff51bfb3d1cbab0b03249ddaa4b240e418223f2a93a4885bc5aa5bd40ef9da7e760ffb396b8fa54fbec1d08d38584672a8727eeec687eeb09c9f405009eb3b0a258159b05b14549086e5434,3e337569c9aad1a2e52ba691bdb51920a9c08d0a
d1056640683cd5f57eeb90c42d232cfb9b8d9c22587e97494a9726696484db67856b9c52cf9c03086b648af9c5b44fca4e187d0ba19115cb016c5abf76abab458a6861ce089d2e0dcc735cd8b45100e94f9c1c2ebdd50c7f872ebe068113f864,cca1324d3e60713a8bc490ab672d002554fc44b7
ba1fe453673e36fdd30e7281b202214ddff75fbb535280959e01e44b50b1c1d66adcdf2723e26e0273c1454cd633047d530c2540fb99f557c2e43609e37c896a875261ec98b2ff9abbddab6ceaac81eaff5197fe3d86d1fa46d1faf96cf837cf,9a299d715e7a4678e1205b6d3edc4a6e3b398b01
468769f900a9f1b966f3cd7079a6d9a80be57ce6f8cc25be6389238119494fc226cda6c48c817e35dbf8b3ee5c5c50aa0870f1601b0ca7e698c5785daff71c16fc06c8265fbd33f4fabac904a15371753801776cfb14ba340a4b93e726e6c658,4ded8310d9d6e5bce5ed49efc3b057ba587357b4
fc6a6ea504e6d53b123b28efc1b78b144f8bef62ea6d2d636f12a61ae6627d273a32a6d0d638cb2d369dcdbc0aa3946a5728e6a9b93e1009917a6fe3912dab1e67ef5374edf911fc15d08e5e6e7c5e2ae8d1dd0ffdbac92b40577bd284cf5c14,9dff9fc29762a51a4d210a1175c7c27fc3cb5cc8
d5828651bd923b5d3be968eee689f9b8b595237fc94dbb3d34abe6e54f463b504ae7257494036172f505177d7a0895bbb847399931033dca575754d3caa833d8b9877c3642151f02e3e58c2866f70d0c52c13325e698a2686bb338221a074725538ce15ffbd5d54d7f67346b5225691d7d790928fd254d87f32b09c216692888a81fbebdc59d482ca594698c8dabb60cb818d6a65651724d9a82200021b03436,43f88571fdf60f66f7fb42919998127115e18705
2835fd656955d7e660a8481d446edbf8be634b1f02f6f9c914470465d2f066956888749eb2fb47902220299590c686556bad8d25a5ff1404fd39bae644d94e07212ee62135589031179976d2589e51b08be62c63daafc3fd8c381f45d31e50f8,7669978bee2cff97f38c9d2280cc52fdaa08bc60
f15cd4806e6dfc21b071c9ad04d781b84c472a0f553acdb98b43760c943af704e6cd742f1040a14f3164ebe8153193db4cc98bed98240b0032dab3f1c0c3bebd1d12a6cad78d7f78b6c18de8a4b29bf37792528b02ef366a084afd1126466a11,ce8f04c2e4e198bb4aaf6a690822e45265e0f139
b647f0f65ad86f00b23b8fbfb362f22cc0598476b3b9d057dc7acf7ee5c495183d54f16105367d3735308bdfd6d71b5c9cd6e677b470ab8d47471705581bfa53659605f5d5a039c8a5090821d3fdcb93ab82b4350d578372b6182ed2d48c11f0,cb8fe13b89450d5932734453c3fdacfb4c1043ef
76612a1ce7d2243f7bcedeea83fe79b71acdd65d2fa791229a6f900911851db2c67da43a311687c8985566e754151a1be834ef6c62a139a4809770b0d64a5930804616c0b51c7663938d6421e76444030bf921cb0cfb4c84876abdfdc356c711,225863226418343bb6b0c8940f91653a5c992b19
7a52a8c6652406eb679038254bd4616443ae46c6139232d35a1c92b4a1ee06d4876cecc96616afd4159d86a44e5a046bfcd625f5abe0615570f436af79e49dd96f1e7be2207e219602556a8d53fc4a78415dd691e5466a0b4625f63074d3e0b7,7e09774af7d21a644b345adfd60f370df4bf753b
219e34860c410423aa74a7991ae7687791468299bd32e3782db6ada84e3c5391d536972861d827f5fa3b81706503f152e15f3e2ded4a5e44ba9df9205c78fb379f615bcb645612f9eb1bd03f0bfe256ab5bfa8fcbfaf84d24baefc86cac74cf1,fb42f092699f631feb53c047085071f462aee014
401d695eab3ffa929e911788980f7bb00bf016536417bd56f132a49b3baea6667bd7fca7760eb4e9a408a6d8d3b6c026e871474d3541fded415525eda0eac345d0c61c30b73687acc7fe25f4909da365cc32209d1ae5e4666f5f19c9a24baeaf,1994117db253998130be77883507ca75b916649b
5df1ae3f6cb3c888f2b49b737713639e2b5ff9d4d32f42e6a5de17dc015d40f3f746f284ffc054728ed7cf9b0baf5a828a7eecb9b1fbf40c84817a20f6dea8a4e16249b71b74563e06ca85852dacdc4364267975db5dcdad17c3ae4524376e8d,5fbac736a2bf7caa3d624151a0c2af3ed2a0b243
8a815f61353b00ab03e48fa08b265da9af6b1e1df3958b1bd607faddbccdaa08fcf1491444f026fc546edaf68e3c03491612f5a967c546159cc9fd44f4d312ec8d5660a825cca0dfae07056d3c5633702921e5e50ed5251c811fb0ac7017c6a2,be5fb119c10fe702b334549e0ed2b4aece58e9ae
877240204ca15422b912a2806e83d25abee5cd128769bb2e87c2f7c8b88324be2c9dd38b4db6142ebbc52ba83a88b11e44675ea8e03a8111a78579be86e7952e6eb9a7b5ef632259e90ec790468b855001e57777e164d7ee76e527e4234c8f49,30f2563dea2c69a8a4cf5c3b2bf6f56314c681b5
c53f7540c2b551dc87fbff43fca0296ca702cfc3bb19398add7e998d166d0a845de8ae7ba0a3e05b8f5f215811f61f4beeec56e4ccbc1a9dbdaca04fc245d9b0612bd5063eba21dbec903777e657914779d6f122075b0cc393e25620ab84f61a,b1745a133a2ffdf0ecdac2bd18e192a2df348199
44fd76c4baf18190bbb2b4e1c18871c7a7d4ebb260e997fea7da3a220e5a27b5d241819d04a044ecd62f96b7ac33281e2cf5a5b131778ec123464dd1c4f06e34ca24fb6633d1d1e7b798df42391113abeb55971e24131c05ec495a9889291855,14eef1525c1434135d8629b04c197a975826d647
9f3b93a0358b6358a8e3466751bf61732ea36eec179b50087c7b451f16c98c0e15bba9f2e61ed2bc3b7f3c13c33e608f92fc1482ea60abb0ce3a57cb2d2130c119f9cb8a2db6b8f1c86772f20de5567c5474aaf6d3204e2e4949fdbdfa8729ab,fb0dd43a711ad9968aadf7a8212503b09853aba0
a9496979a6fe1b20db11d35e3e5b281fa0147d782416e6da8159440cfbe0e52b891df713db2d99805fba8c2d90edeca07c0511aaf4acd2e0b0d5c41531271c703c1caa5e757779741fc7e9dee6b79fdbdd8329630f33dfd217fec2634fd83d26,11018a4dda6d7639305e23325d80c4047af9e1a2
64ee72b13a513ea37c06ab9c29b7b5c73e4b6e5a14781ab02f75d5d86b9cf0bcee13500aee28ec8ca6397b2a3db90a53adc26ca5dbedcc6fcae51c358af5cc55ac49068ed8ac23ba1d04ef1371a13d89deeb96f3ca16f6397e8c63cd098485a1,0e73b0379d1cf3dbdbb731de5991b8a898eaf15e
6caf8185c06565ff9056802f865a605da0dbad66aece7aeadbaa0c41d787ea7884247b972707848a6e05caf4db808f775e0e0fdfd1dfa57c1098d87e861fb8578ab98a2ed29eb29b6671e3e57d984dd7c09e4ab0516239eb63e0620b1dd2b1ab,53305e86589aa9555737bfa5914e610c91e53f18
19b5d618ecd7a2c3e9a877094facf273c1e15ee14e7f58439be6c6ff19c607acee703a0c9409e04378274f5bfd1c26907aa8e4bfe677db12b210d6df99e329e5207d0ae4e821d90d089d1b94e345da7177b74c2b992ae7bd807f0897506edbed,56054359d8aaca26674f52e24fcb25707588e61c
561208b88534d42b32917155fd177929235034445fab4a0f4e6d07bf6bddd8a75e95ba9101628501df41014950163be7f55bff0b367b2a6088d44a437c8ea2744e9cd25e5fe698639bf9252a71813b2fefb2d87fd634270479de0d1ba92ae644,d0a1b9e6302168d18ad2e8ae39fd4d7231aba1b3
66fba5a9e07d90b2b9d85226bebbb388e684b0649c54ee50c0427fed4fa97b277d8f0be442f06142e49cd3e263e180dfb2b23a68d1095d8f7604e28c372ea03280b1e494d237605d641ffb0fedb0da0b21deb8461fa0dd033b1c8a5828d5960e,9ec91f9cfd79d7f92440bdd528cb413de007ce87
f91d18a331c43025362b85d7c04681bd4fc2108c3a4a207351de5fa7b469364fbaac730fd3662a0efb5789b5f765f0e01eb2d0093184bb88a7ab4cd6eeac44a590ad336d3409d5bc7b914bfeb680ba8eb205957925282c21b615274cc2ef7993,35880e854387b941b1e4627b0929266451cb99a5
f7f052f7d80c33c94e926da8d294b44995ec44d86c19c8b2e722a541f78db9ec86e36026b5b71509a8c861bb5090ec3c34689ef2561f25650ce996f8422d0966fed07fdc2a7598b639e0d9ed0cbf04c5c906fddb3decc48060d66d01fe110e4f,7676bd702d3311001b4a898cc8e48c36584f9767
385aa28b9b79e4010f7ca7d853e877af4b6760abb5706ffdcaddb4e3b4cebe671293b6f0f458124bc3e189ef96332e7ef4d5e2ce93245ac92b2e703a9012f354e4d9980d4fa2ed921c3ca0e9ccc1242b90eb9cfa69d975bc1651baa93137fdd2,697243ca26846510cfce14dc260e06f798325c96
d23c011a287a649e98c7ebf39b2071680167d1cddc9c84c5411cb7f4272aef8abfa102a4232f06639e048a322ea931314d453d600b8969e93fea27d707b8859c4184c445ffba05d76c4b57083953fbc9e5dc082bbb6bee051709132013f83084,eb75430806bc12c47d71c79815fb1c4850a133a8
21d31165ef5fdfa5f8171d377ee2187b20bd934afadcd18564c99d621740eb234e81967ad30a23f6ea0818ad0ccc5d6b64ed3384ec815cc04b9b2b950474fc65ec95c3802f1e7850d877f21beb1cbc38c109e05ce48bce526ca2a220a75317a5fd60095a8c6c2a6c3c08a2d72c7d9fcdf098baa22714763b02c46f0f5a956eb9076dbf8075f41116cbb2b198893e74964b7726dd33947097bdcb96345fc67086,212fa8141a4a7abd773e468aa8f63db667b3115d
9dc5d14d25d4ef64c336eab00e9896df3bfe5244e6bcaff379e52ab2874d231e0f83443854a88164396258ea6ee2b0c469732a3ad726a89595c809ec670acd3ea2ff61b73863c5ed61aa8c80292450c5284899d82d839a5d8dc8a47ef2986ffd,625b2f9206f8c2d025618756b4fa971aec3d81a3
efcc0b0277020e1cca5f4646edf88b42b49e3acfeaa71ff2d69dcb322908af538cce6199c7a1bce71697f6dae89298eda53b948af46f83cdbb8949825b9251687d3ea6973e98198700ae765684195f75fd9ed21b5a72c06def25458e61d00663,b63e5685fe54736844f22cd02d92902c96051fee
b35b90e136ddd930bf6ab19b203636ace2fa9f0f1b8cda2b3eae824c8cc4418c29ee44af2ea5a3d56042c89e7d45e2e850e0f46bf2f79f90548bdf7ab30acedfab037237a3f25e24b574d404481a481673a5aeee098307bce6e0021a9779bdf4,292254a5104cad9e19f58e2c78024409abd26710
8336f9aa543207aa3a3ae2a057b8ac322b59c6224aa9b3a87ecd97118d609add52f2520cd391e57f3ac3ec06d79ceb62e1f686c79c6709c12428dc44d37333c947dbd949e947b5c0fce962db1ae2e3f6766e4eb3be6675f5ce4cf601462a603c,93c0dabb12f5609d28c23f0f0c5605f3c3cbee37
239bb99d4d3854fec6a638c3b2742bfbc936f436d24fa9abbaed06eae2df70ab6fac6cdbb7c02cfde788d9528406ec9e99673b7bcade9e81fbca79ab75858bb35655e261a5d5a1a147a32d91706a31e32da37e65ff85183c2fd366eb7dc8f515,39a19721fa9a5c91fac51f568f9d7d43e48a560f
2ec80283aece183d074ff71176658ed4f4399184fd453d4da51008004b70ce21dd8310293ff8405aead69d95bb95549552c483570d060f0c67ec12d78568c33198fe17a3011c0c69c0e62edfab272fe5bae0566f8844150f173916a38b3a2963,a4808b3e8cdedc2bc886e7efbf137cd10ac3b47b
7bf5c84bbe787f6bccbe3f8ccae217730c86826780c9169ddf2eaaac1c3be9aeccaaa5ea03e6251a11f3c7062058a492b22d25463229fac0d6ab74faab2fa4924e03b4fd9889a93c5cb01c44aecd19944b9194c7bea5dd19e5777be89301944b,63825efb98c6bf72d0017373d338450098e413f2
d1e65ba2508edfcfe1c656a2d8cf5bb622639f716b3e185d62d827458a23be45951900b3320c4b6b5830ba3c6ba7e904fc6f7d0f6a8ec1da48bfbfa0ae9424ce6bd467b8ca71c982fb1e454d59db5822b268f11c0614e00eccdea2072bee48a2,79d0a40d6f43b4cfbc88f260d7705d9d9f121f85
972c9d852731f1d96942c2c424e7048f217d3e14555ea8844a7373a5f742660ae92ace1a46972e6e6bb4272dac658ff49d5a23c6b99f4c48fefd008ab5370b087d3e92bd66aa793e28cdde7b4c36051eec8f1ce5e74ecb06303ae74a0e2c8ed5,5d8b78c9d1a3ab1ac898ad5070e57900a13142a0
552a0936a55284c825e71c564df3277a105fa47fb49b22a2212500f8005874732f1819c694a744583f607673d1502da9940212bafd8ed38270a8f65674a0e93bee8c3122ffe8564cca37804baa72f0acb9afe277a32571d1ac5b0ad6c918d51c8b5d948495dffa8f65800b9536cc5b8e586a67a2750f947cbc13aa9d8d15afddd740c641f56d4b4622c37a74f39e1213806828bf8e341d556321f65e935edf6c,3d06f221f72bcd4587ccc81fffe8cf4c6eb137e7
a492896619ebe1042339411de282e7c7d16e2c71ece7dcf28eb164b63a5078d158c0cf0d20a8e8d86f2ed988ec606975d33c0bef25e5b30bd97501aca15530af1df2bc7a2aff8156403849a791333d44014db50f58832a7413478b088f147f0e,6aff109f3541ca6f9412d08218e4b330f5266cd6
12eefac0838623ade02e43916bde32b21e053ee32a1426f567a59643cf91769c113efd58a34c72f5b976d636b4eeba0c6b17422a918ac7843cb60a5e23e01aa076b1dc64f4e8b3b98981cd6f083246487b9d5c093d9fbf7b71b6dbf68008eccf,2f66bb3b1a6922f9370e7a5578bc0244ed1b3c08
e8c5c7c287e91f98970916408e4d3b90cab586db9554e3b06bcbe56622d3b02c74c77aaab90d5800283ced1bbd4ad26923880e5c79460452e8e5fce86c8da8cf60fa1cff47f88843e08883c6be8de11a2b70f04aae1c6dc0b90c7d63de381539,89a60ab0c76e4736911cd5d7045cdf36c278a7e6
13a54f3e392e5f4a0c0c7c9e7e35f24d425e9ed2303c859b999e8e97ebb5095a4227957d7aa43d57e8b5875bcc02e487d8cc59183eacdfbc21b1ee6d078ca21c256479b3ffaa428a5349121f6a1017868a602f2f5198048fd9fdcfc14a619111,99eaff2b5df1ec53933254af993030ced08efe20
e6162bc8218bad0a665caf3a610a4709a2d7efba35aa154aa00bac607f877292241789348518533d5440dd913e5aa9e14e3990f3339bca918b4c5a3dbbdcd768235764c30d600efeaba45c1e01f708b78e3c9a405116a37e3d38298a7a29e8af6be13bd453bc93825f4d5338a7682ae6e15ce528118af050eb3f816daefbb20ed3361097aa3da6b13a9637febdd818a0a7dabad795ae3a7cc915a0046d91d218,f3b23713bc25957413f7745a95fe6f5bd0fba00c
51bd2b8987374658fc50c51ace8375d7ee0e9bb1d4f592de1ade08038fcd51103290fa877ff825a5018d884545d57951fdd28c4cd16fe11a0e3f851e2e6d9838ff664505e1d049e49502fb48f37be8b930015b349a8bf05081b8e326226910bf,5b1f32a7182297dddbc888c94bbc1867bc0f15e6
ba21c6a514157a3908789c53b0c8e9e0c27f5ec9c821b327d2e10d809f927c93edb1b8080181934d9c6ad436267fee57cc5b8530dbce9103bf2c42a96e135ceb9e3ec5a657787bf1f4fd54a75deb74abd98b6ec0336938f950049419b12bd11f,6ed60fc23ae40159894b8cd7514c14bdab6f2a48
690efbf4327ae83dabdbb75ce642940be1d7e139850bf27a335404bad78289e7c9bb22e120dfa80c9a94687db5514daf66239c377806ec77fec8b84cc0d7db47fe4448f78c48a654b426407d43c7ea65f78af006b536afc8d4d7a3d879897dd4,e692c0b637083c210177ec416906c0b3ec694889
ec2763194b7d7ad9c460e0caceb305792db2909effb63cfe0064b24a44c4dd8246a2c22431bc4c829554bf65c0ab3ddf24f6f673d27614426ca18aa033716367eabe8f27ef24f2d86df42cb1a4d3defaddf297638540ca15ffc9640de330736c,745c9711a01545c120bf71b4f51eca06f4cde6c4
b7d3997cfa6abe36970078cc79418c11735f4ca1d9a38cdb476521d5d4fa3a9a1645ee5c6d3de1435d65b4e19b4fb7ee68112d322e426e80b27eb8d578bad28c260ea6a00b1d084a49c743330ab81503be6469a5019935c065ee2dfcff0d8751,63a7b38ebaf0681517b408332ff428d2f53daf97
50404640b37f646a083c8668742d91752c442699c59822d9e499c9afc1ead070af961df8f14b14129fb890156d633b2b5ca8fce65f60985f12932975690c6245ac0670bc0bb8218f0a690a44e0665ff104e24c2bf0fd2772f1e8f6458a3843d0,94abae9a1ea203a542ac9cb97a142c268300f1a6
25030730d8926d80e253d65afc869818b2103e27cb6ae1a2c849dde1f163fe7fb8f392a2388f0c42a0ad8b1f1ed1d89bd9ec9a0c371956190e6051b60ebe1ad614c52a00e7acd3fcd09009836c7226fe15a7c8bb0a4a0bef86fb9a26b45bb6ae,10524a0794a57fa24bbfd42f89f3cf58b6e1452d
66016b514bcaf6980c6ea395fd229bb51c6dbb4351953677e5e9d2f5ce8baa941315ccc133760604415ab87680c0c99430d7d39219e0897ace0a2948e073fd41fc39c6ec20584901407a31c8bca25cf7e53ebecfa2ca4efc017b5ed758d67a0f,022093e663c4c012d233bf66ad1ccc2dec968a40
eb3d97eea9ee1ccdf6a04cd2522af648e46ba457a55afc98c12627509dd646952eb29da02e97b0b1c5894dae27ec2719ec8f84da52e4b367c01940400cde45473faf75f1daab43e8399f703e6118c43a9b4a8626ad220471eb2648a6c0ae23dd,82e633b1d0bd49087c19131b65e5f04f6fc5757c
47145357509b02c2edb390715971fcf378d9748d5cdf2e8d70e647e4e53f083e33761927e92d465e901fb5923cdcbdb60c29a70faab0aa90f7fe61ec7ff47ad623905078bb1152027e90d862f24ffb14820cc90a900184cb66e38a838221cf42,16678356ce31dffe8c127bb17b74265537dc89b4
01c48aac6a1bcc0cde40442c33199d8f4cdf89f87d464896845a0ef18c7c73cd2f15252d5f35236f85c51af49d36eae9a5df769e80e0d73a068921be533c3aed5f356c305a84c4fb138c32f401f891371e5b5de4b623a23e7411b13ce2d293f3,8f8ae484efd30e96058d925e87b85d74e3cfd32d
36013fb4e2ea6038ba20bfe3f29c403ad93a3b9dbaee0f34f4f8c9ab6cb70a991adafe43834a6170dfd05411b887c556e737d6e241b65f598b017d3f3ac40b13f4e58476efa940d57ae37e16973c44b634af6d607ff954a23ef19f40a1a24701,ff41680396961965dae4506f74ddb8562e7bc697
1bdf82f0e27b065e9cfb746e06136c4acb1d1bfa13ab6f1b423372f135117a99bcaad29aac238940a14dfbbbdbe1e505153a082cf3b5d80d174c092a3340d23f2a9a6d023bc85d730600818384c9ba485d8e817c39aa6465702345b0dead4ac8,af3cd909bf9636424f7b35c9854d06be961338b1
41e300cdf199fb427a7e68927e5291d8d53d2f90e06c3ebea273f2ee39c38a68c83551f94244137f831a24e57e3f65f22c14aa27ce83223cc4ac47389e68bf5d9ed9f1e8f45d602dad29e18161e1a82f13690bd487423710ae26378dabc5a095,a90dec3d692525e58f082b8cc4dd264482225600
ebcdf3a63e9c57b0cc8b0306b54d0f5edd36adf28995885e02179bd2d3439c632e44171d2d689450340f342c16a5c7c8518f30c13785cd81f2e4247c0e16660aaa4ad3a0d706f9e194706302c3ce9054a689322a6c6a64c6f775402657842185,b2825c76eac30b7c42dcc05122d653cabb3ddff7
6dea0a8180c10d46545953c0c959975f849a5dbb1028ba118e0f001962ba53de748fc300e1c44d56d5e55964dac95e726141558196146cb2a4adfb1eea92a50df304d826bb6c153e2b4afd93799b5a6a32cde57ce5ceda6116549083cb51affa,0ec61216b415fc3ab5a0ab76edeae07421c7d27e
347e1b285abb3a122a6c370b2c37558e05f3f34a5fc3aa55fa76d7c18ea8c4abc0a5381e7ebd01f7d3f11977987574987a1c181d30a80872968d469eb8a11477a9b82a45524ab94a9f1e22c89cdebc5c413945e0d87bd6f7c65293604d752a8b,d029687e9f49346290313c32e2bdc7779d7753e8
e5750a86ebcf55becd84c8f1914c648786e57aae3635e308a2396175429abb0a91aa74bccdae50995fa7561be8d4ea4ce6d468e6259c215fe644f06a82f76e8480a6d3cbab326e3f5ee649495362c5b6c7c375558b2b623e72f1e8e053aa49ec,93b192268b5b548160d2f28373f312d9eae36f83
9a93eb2fbd133ee1a10a94995725da3d14ab0e880cf08b6e7de400ea393c7941cb2680d123d7f8fe3a3ebef42a6f218609f2e8173e4085bbb100e0e6651ef3c4efc2e9be0603da8f75069fd25280e603262a755d6e9fc41399278b3c1f92f124,35699c47158214462c87b1e3a2246edc665c504e
dba72448a8a198ae6786baa1d422f69a736cf05c67ec035e1f61f0e430377f321ba975ed4682447c256e22dfa3770033976175075c5fcf2b41ae2cd4fe7b94cd3ad319309049a370adb7f6811bc6bd823cd13ab4f9461190be82e5bcbd35f3e6,2a7369f8beb88be2258e083ada115d7184791a7a
32913d6da3e2992635b3449520e48546a4306b0f3f2289f212cf2dd0913be67882d77be29155c694fe9c80fb761437abe7cf9f86a9c13c12c540cc54700b9b6252e35ab60b0de711dabf1622b3d7b5caee4d8debc15140fba9514aa2d4603c49,45a7efe7534ec9a471718a205207de63edcde77e
cb450a0c801eb9dcada5da94820f6124456d44cec4c00fce399bacb81d41a37db6e2d71a2e45b97202ec6f57738678158f3e98a7dce2e52e0a68dda49ca6b693d4b8deba2b510d0c55f3b61f59870dab6b493f3ebafb2e492521337b29e5a20c,df7b68560a3e84e779c206cce8b21440a15b97d8
9697b2f9c5af9314305aa52679904598ba7973738da9ed6be25cc12119ea52fce67384f16d15573dbde0fecba898fbb8eb5fbacdbae26f2d6bdeb9a882a9d79ef67084fa50c42856ff558490f238687cf3f35bf9719de773ada2971a5f25f261,6398553bc2bf0fd9426be31401aeb57dba191a5c
f0ca1a08613c1a39fbbf3a3dee79393ceef7b0a9d82508bfd6f9cfd45293a7c75907148303e89c4343fc7703e7b9823d8c17182c38865a14f3a9c68f1f873ab3d65c65a8abc2ba2a75efdb3a4efd1b190b169f148482ef5add54890d52aab157,6930b694439b0e71a5f448e5a219852865cb6bab
12e3c47f55b802a28f628659a55cad45c0e52473a90a0eaf47fe4bd6978cc430fda77b9976500cb0293570c51a205222871a6a4832b98b3defc4a0cb6ec0cdf2c733883adbb577218879957cd8565501bec6c66195b449738394f36a93debe56,75dbffe5f8483992847e91580eed3c036eb5aa10
0237213b82b135371e6fc6fc84dfc2abc2d4b414a2ddcc182f777403ffaa825c3865dc573ce44e6a357b2abc789bfe1046e1abbbc3da975807a165b70642697f5033ee75b7d6864c607a9ff30fe35663b966170a85ae565cec768f7c2a2de404,772ad648543d571106456aa7281166850d0493c0
177cffbcdaebc5bf5605b7ada64e38a805b7daf4f0a49e3ae743c07471609089d41f1d53bb424d53626072e2c8ab63fb4a5e57d934fb5c0e26911d2e426aba150f6e742c84259bb7425036de8ff559f0f13548c4e6db7792fb0aeef54bc624f4,93527fe21170f100631d24adb9360e2938ff1675
2412cf591e4ed0c1d5d64026da18736eaf31c1ae92546a88754d8a057f14fc13e516c8080387642a013df9438e596e1687f68e15d2057dfd509605d9480065d0fc01d2c997d3304da438e15d747b6116453c9e145d3e618509e3a21e7c4d4ee6,b440539913397f1800c60c6aea45baa9aa67b7f5
7b4cbe3ea9689eea5cf0240a5494569ab9128d7d851a428b9233d2798893316c2403fd51ca76e0f631d3cdb3879f9ae2a5923fae4b24fb92084bdba48438b5ede45aa1cd5a6b4c8b5b217b722e9a8047687c14b73778bc461a497c30e04a0327,d6788279d826498385a3821c7ee3b231c2472c3c
a55d03bc011d499e48bbe5a6c2750707a48ae258c284c05077976914ed40d8661c40fd8c9b14d5732f1afbc59b7e93ea4855d25f6d26cda6aa0f200055389c4113b92ecaf8ed4478f3a64b47859654ba9f7c61c580e5c49ebe00a2728fe8ef75,e2da4f648635c138550fa1b59b19b9d7d421c2c4
f6413abf660ea864abc8b5d1c5bca802e791ec3773733099cb81c56a35f658bc394f59189f48862ba5fe15f919facdc2cd58df92b92182fbf155954524e844a78514208c1a48e877683a2d9c3e5247a091b0b1e9615b4a5f49ed5d496ff021e9,581a1c5deec94046d03107ac9fe62037d2072cb6
bce57da9f649326d50df36671fc949e3f9d9dd5393cd1734f271faceb803aef9b5c7c4c206955a14cbea2569ece0a75401445b46cba7af5f5aad211ee272abb0544897d929fb09cd46e16dbfa28247824d2631045be4ee04ae3a11480de37269,f1cb3b64ab96fe0f5464e8d7868df49d8ec46d15
ac8844847bd09ae9bd2b6d36f23a6f4d587b09b8160af4c4e1c8f4e2bb5dc7c361e174a26eebedbc40024ac8e8de63e3b1a45d69b9bb469e6f2511c779a22eaa20a3ef03e33789cdbfa7f3ebcf13b582bf08653ec7931cfe46ad77d1391aba25,8661d34ef64999f2bed926db4ce3f7f329ee3ea0
008ca1d30537bcf9dd530039bc63594e0f3ecbe30643e433d1cc144145284c14ae36cb8f457aa0ec5e1d74439f06de415c89273386e278239a36856f67a03e3cf4804e7a6eade2c905c57316ad3af3ea477400fb44a38cec2eb70fd3992d0456,7c718789d4ec867b27b0d6e8dbf6cbb54b007c60
2c3a1418ce4223827e6b0d9f185422c39eb46c7f7215ebeb899d39e62b0de728023e8f7495a1f58a8e74e15b1b38ebd49e05321b95bf1eefd876e7f9520287c3d0cce4f1eb0bfcd0f5580fcc1d49e316ff56ae1095d690b03e37f9eafc691d8b,349c85165a02ff2afa4130e1db332635140bac17
da2a40b13dca855dfce2d58f102b14ffeb34c4483fab7dd6cea938eb3db6347f08e86b3629fe66a8c72ecea0e91bdfc17746cd259b244f86b8e6ff4009eb548322f4e41afb1ed507930a40f85396f0652cf9293b37b4f768a04c148bf20fee67,cacd94ef5b1a2c540df30d43d935eb550d751f53
5f0e3351a5770bb2d53ce5c5dae7c25aa935b55081545e37f7e092474214f644db3b8e61cf7a59d4e4f53ce7be6aa57b62e15652c09baa1e9d70c369af85958bf1779d6009df92d1cc19e4fe7c647bff28a9c213dda18aea997a94acd2c77592961b80ef7df11b55833d3978ca7059699f1b52544477e0ecb8637818b4ebca1d52538cc9fb83b32eb5074ab02b5df444f56a175d7dd181a7a8640dbcf0b519ea,abb64a559e914311f0adf9109c7efa1c184e5286
8fc8b88f881a664a6cbcdbe04f50f6dfd9b75c320dcc7d7fb1ce0448e8b147c54a87035f93f5ccebd8a18fe04528732b7b314da84110b7888d5ab528b5dc6ab51a897bda034b50a329f729a4e97e703dcc551af79db1c4d4d870f77834e7aff2,cd21c994726a927771e926e4108f48b2cdd50343
3b02910404963f48f8b69b5901abb199e23fc454ca685dd82414746399838f3dc56bfa212dbdc305d857a9b4a51edac827f6491f2767705cc0e8994323afc30d55fa8030e274e4693838e2c1312d87046bdcec3bed37af2af66791b7f9036b1e,225b84cb2367c259abaab30534349380f3b0c534
2ad55bba41f5c0eedb2f2863a6185f8b372407c52a8fd0d7ca3b0a3f6b389bf85ccad51019fc47eb2f47c31777bbd3ad72334ab393e96534a1972d9b7a50e59ad515d7011971bae0ca6fd83e0c5661eb7bb4e5653971fa4b2856225b131e1de7,d7aa505b25412e16dcd37672fe56e0e7fa3e62cf
997f9f9ba16bed65bee9bff5d389f302c219c22d6994f777a1b0b123bc47cf299d52298c72e5c0b15a475f22c21c466d5729554682c5bc4b4b56c23bf968afd8b71bbbd6aa1f017066f36a727cd8ad684337b4ca8a690a321ea1c34faac135b5,f389a18090b5d258e82fc4780d78441c0eb394d9
1e09690a665934eac863ea3149d5f676717ad9d33e4407d00e0169debe8f12b692607a486744d79ac205a50a1cc931f120bb62df77bf977b483a572b7c3d4b57d49352a3bfbd9151e6a8d5c95158b096348698ff6c85715be43188f0d7836f68,a63092b393a84285e8c8fd0260dab515c8ce8939
b37dc7f83aa123feab6e8680322628d59900ae84c8d89cad78373f62b48ea66fbc550510d2856a83dc029ffa5bb1d55c64227457b6f8ec6242b50e27b7a28a95d859b65cf1aeeab1cf0503dc49a47b74d490276e0616541736a04d5b9dc8ff1a,a8a47c0e2fb606bb13bb1811139dc209c55189b1
f17c5dfdcf40405b3917851a04dba2e49bd9a7f717030bdc6d7c681207ca44bb7b8902010167c4c3fcc7cf1f5fbf54a8dccfef1e216324278cf5121008576bac86ddffdc1234cb305aff1063c047714a230f742b2efc470ce2ff5f38a957575e,d0d64ebfd849a8c7bcef95a1a6f7500d45d43c0c
e2808ad20fe6a2e7985f5f501ad49f59695a86ee30d4bc69922067debc478c0cecef9093da514b86d91cecd6643ad76490a08afd75195228706174ec2fe46194d8ead869b75c4312db9f77abb5f22e8e326077ee3aac00c519c1d39e5785706c,da39aa2b7365a2915b41c6136f5a81125ca40c95
26d9026fb1874b9c3216d8b20fadf992e44ddbbe200fbba3ec4cecc43d64e41a6afde05daf5d59de456daf81e4b170114aae3f0cd7305507160c2013376c8a61f9af851eb7d92d9c62bfcedd9b9b1c9b44a586406842d8e4cc7a308d424fbf41,9201ed86b6e90edfd89ccc466050276ad4294818
d3c649aa1827c9200b5c67db7ef52e222d587259e47cf943435a963f1c6052b246fc8ae147517b9f390e66f4cc144e1e7760a29c32365ff42e6187b258b22250adbce764f8e3b8a7baeb78629a234f41a83fbfc72f069e15ef142eee42d1469b,c4e73248849077b042bc5439cb90f64522061059
24bc712b8dba0ad6dc717d2bf2f368af206847dc4a054bf31c5b8d9d738fc0ffb66ca60dd2e10c467d0381b616cf190d2d23287ad01901ceac77f95c4f58cd39bcf5e461c736ede493694a8a5bd62bb78a289a4b8b6b2ffc8385d7f13f21bc1e,6b892decd4629236cea1b17077a27366c365d2fe
2a5609297d4cd557ee2f88bf79ef435e7ca0a07317304f97580c620168c7c3fa777274ba005c5138e170237e4298754156a46f10150d3623ef86881b184984f8b7463a50a80db7194d6183b47886fb9052e0b85697b09c0a3481c58acf5dfd0c,853ab8988d2d391e4fe6f453dbf0ade077b140e7
a30b8838f7538e6cc57f1e92f6cc5f0147e5001b993e603e9280ce30413b621be1ed7d7f55ef8ec4e464d8af954a0f5800087454a61c19d44925fd1d2e8e2ff4e877ff93e97bba6172d1d1466b3251fc776d0592b0b095ebaa7804c2bb775640,bb9ed8fd2e55b597fcf41a7474fdf179cf85c0be
db8a751e23499c73f412761e22ffd2f355e79851a28a62226b70fe3fc0f88313f68336a71ec8f5a41ad22fd62ddbf4eb68ac1dba76b791d7079a61c1cbd705c9503f0c77a7fb33b6c7ff42b452af8b9403cbcf7e5389a70b62f0c5e8aeb3d075,bc703b588fbaf8e5796f5ca95942b119666c7a8f
b7564c092eb3208bfffc9b6c456df46f782a351885298070df991b402e53f4b8a9e943673cc442f71e14a112463cd10e54773a91582ff51a6f95f0dde55d8412f641ae0009fabe6574afd9f6302a2c8697533e6d84c8b86f6a8504ae543c3718,7a4426a682e219993433afa87cf34d2218e4fa9b
182d58f69ffc191231d318165c8fa176d3a8cae061114c0b54898df0757fab09807f4a48a1b5f0a1102be061e810c92debc6a855528a1083d4bdbb7514b7e422b1cbc7284882f8903a17d8c7189bb443ffe77582d145796f5776d0911a21bec2,0cc4ab570a4710b53b2c5c977bac8c7c09ed9300
c30460fb22a53bdb99bfc6eb11f786f7551e19efd991542defb6136452fa4cd5602ded3dc3657c2e930aad6cad42742060c92327a8003f567e70d7b5ef66aac83fa30c79317a42299fd3961b4f8a20ac50e6c14956f79fa7dbeb098428d0d1ba,3a7b1ed0508ed04b422ba2aecd10df9232713977
e7f5999d0b8488f2b55ffea66349623d9463e8e74189426f7fc9a13549eac95c1941811acdbdc03a1440a4b1f4bff642792a535111282fa79e5a886718151f09e7b56ade3c64428d84c4607dd18e50e987b29c31e4d49744bfb1357e995d65ac,76ea76661f916707ed135a201f94d43963a2a157
8d4dc8a9521b923a7a8faebb406f45cfe755bccef70a5ed79d1672516cd2644099a6152f5ee973be779ec617c883bd293d5c237eabeeef348b43694326634c7f21c39f8d04ab6d86c0d7c4f1cf70ac590d7dcd23a7ad1f9ad13fb2f24a787ee6,4d4671e514ca000127880fc39769bb7752025a05
dac0b6446d04abc60a5be3dfb1e862725045e5abbfea4aa02f13995a5a5099a98644e73c9fd543a4ad2b5295a9629c6089c546ffeb7dcb64ffcb2a175a849850445abcf6fb2b1814b31affc7b5ed2f3059fb6ba8b0f59815961b70015d47ad55,481f5e2dd925af152775d9dc24880e142c69b0b9
53ec69c01a6a38d6797e04a905db59933740123e22ce3cd4202abed23161eaa35bdda427f9a44d3b4acc0e5366548cb611679ab2decf4a3cc644cd4a5804bc43dc13db11348f9fdb803cf9d06077166f5d26a7f4016246f1bdcc3907f5807af3,e1e84a8e3c5b3987b9b8358735682a5cbbabd8be
219db243b2b8d087f23f3252ecd2c04180cb44b5a1f94ce1a68fbaced4d6687a88f2d7a1d5f8e9cef010812ea859574224056274311d7f1e7ae936ec287f70430c76ed115c1778496f86ccb8cc325c28fc40c15242fc56054f26cbb6248edfe4,ba561c8b60c868b496d253b98ea19808b0650380
e89d3bfa6610abbedf809cfca8a0ee4af41cd7444473b3897ac98452babdebf08cd633a8abcebc58e3c8dabf4b74c83bad5d0955128eb3a93a5bc5b221f41fdd8507b0a22d7849c3a7b3464f5e86b11099ca88938ad36b740b6f857aa70389a6,4511aced57bcadb5a1cc87813be1aef1a071f02a
6745097735251b850ba67a2d8d01a9266a230e798b22a8f1df92b5aa6f13087d8d4a3cf215ae9fe378e730b92225d8de8fb5a0c903966faca372f635b97ae450c44c527dede73d9367dd537a78c9872ccd59e68655b187e063d6469aa7b407a8,c5e02dffc2308f21a764f042133eb40e20b502c9
20f658adfdbbb21b315ae085af1e7a1c9172b291aed6cdbe10e7ff763bba1f1b7da1c63839e993498033a56bcfa19c2958509011bfa3172090c6bb5b6dc4f5d4fd3abb5a92324f91bfd3772cc7b3e13649b521ca92168f19d49274a3edf8e52b,36b9182682fff4fce2dbc6b2ca065ba4ead8e52c
aaf391b310f4ef81c8e2c917aa79bba33f04369cc6ceaba7e6c2593a6f33209552ce4ff4691c1dc2ef54bfdb8e396d81cce339892c212f391328696647abf992cd4df74cdf17ac6194ee340ba1aef82a8c9b26aca32ce83478685cba2a511152,8fd431b44ce0dd73a39de5c5a54623d61c5bb64e
3e0205065c811ef8dee11b2134f4e970ce95d3bae173287541bcc53b93eba9d238bab67d8a7e29878ed1beb08673b4274749e7ae0a810082f0a0be8b55bc58f4885601c1108d0ec1a01016f425b45e3201702271c0087b203d1aaae8598ac6d1,57e3e84e1fc506d946b2a6fb396f77d543ef5b91
ecae74fbaddb545294b699d548b5f069c77c776456cdb2ac5b3fcecf741d12547a88135a6e7c5101cd35e6b5c5912fad4d764a62dd3b039d4aa4b780c1df64b9984118f4c7ffad6dc8b55a17f4b34c6e7b7e46f966d04f9cbde899c1d0da4c6d5341707cff0d5036c042e633e59d81766aea28e68487fcfefe4d84213aeee29cf50bc2db07c65505dc44a2d3e5b3af3e3d80f4a8ca7b7cc7ca05e5491aa41843,f3b5daffa4c847c1b28e2e1a62fa19408b33b590
1b546a5b9edef60bfae64489ef42bbf650b0e58cafd811deee0fe38a179580609377854c4f88c7fc4859aa573e153a8477fc84635c5eeb1dba27af02fca37c740bed44586ff3086ad94d0304d913acd64d830968593228339638585b11d33e01ce57c2ba92853898cc932d6b09d48aff5c4e18d48fee251d33e0f7983c005da675821b2cea103752bd703846cc752a05608384c3d51172b5d64bdc4cedc95d88,113771aeebee33f9c9bf7f9dcd75d84acdebd0dd
389cf812ec17b5efe5e8ad72933eed5bad24dd4008fca2c12bde66f0e3354a947e0f8bca4091f510e9d011c1171b8f42740b21360b8c8a7c2d74edc1b8ae1618d105d0af1f910365ce1697693ce97598e87ad0501cbf3e626e64274665b54f59,3a6024ddae9c17edafc1da394c19dcb56db34f05
8a51f8adacc429cb925d878fc9be0b44b2ba5db0c19da07d99aa992b817bc1805dffbdf54cb21273455e064666ce982d9927680a235698789ef46206596e17c7b8285361602f2ab43b93377600ca91e0321fb78973a1c4737c2e470bcab42ed2,8466f5b006f78f80a01503acef8c1f2fe14438d2
3680fc362be6961a4a526435382432be26eaf3fa7212fd115de2f5d57268c59efd75e382607e2e1812be5315e74fbc36ed7281d2e22ec239cf9fd3004c50e36f1159509b5a6f03cc573f849690a67e2371bc114c5473dbfefb685e50d2d62433,2c57c4ddba0c95e646e498df07b74d93386f3784
eba985c1c58f6fd2cc4a77e5d524538119d538835f13e764f8b37fe8c88f87ccb2ab18af5c485c4922f9d5ec1f9483297e31c3aa95655510a48b244907ed203747019ad9877b93f573a351d8ffc2de58f1fab6a76d447a70654d55c957338a95,c06a4814ce55d8cdf10aaf276639305bfaf4b1a8
7d6cc0a364050193c57f39928f94eecdc9b23cd7fd923ae80a7390021799b78637badf3392017532ad617a17a2374bbdf4d85a89db710d0fbd30016a8330541ba1911981bf92d7493ba26ed36e9ff2815bbf1c49aae994d9c9861b45918a3f79,1940b40b9826c70f388b15ad195677c78a903bad
4c1a9a241b918bbe0aa143de75caa60bb80f69fd0ad580cc96409f07626a3aa8e6a07c3909bddae2a65d2da78ab4550840b917e0fad3e4983a63af90f5744205da02918c184d335b409d4ad47d512edf517ec737d5077650d70f8eeee354e8db,29c6d6c55970643e8bca1afe995dd60ce6f7dc1d
0abebf7817e926c1ac7cbb523727d1637b8dae8cbf4d1540237b37379b766aa1b5618472a822cb1b62005e834c1c052cd2c3c939fbb853a08cb208368ddb4b4b4c6f0002359ae6516cea202ce777d2e0ff8bea4b26d20ef527909639fa88639d,c099dec998587c29c30a0994f786c72e8f513659
52c4b3a7d6a26dc848eedcfdc6afa3641a398ebdf9573b1df79f623a4a4f493030522ab03740a794707282048084bb114fe8302ff0535f9a0db2fff801a3c3058591a02b7695f6f800a4f2d1963a48a217a7ca877f85364aedf9ba2a1173433a,30cf505f3a55b62ef367daeecef0da7954c2ac05
abdee8dcca60e899ea8d10020f92af708fff4f72e342354a8372687c7690950119a70f206bb255fc5b336e54d74aafadb94bee8f8e289731594fc9e22055c704b478b3668f02c8d1e353bf50ba1f5d5d302575a451122b337dba32f3fb1bfe74,c844322a851c62a1b5c6b61d448eadfedcca6ccc
9a2b47597386c491457a4ab8bf221ce09baaf8e7d0da2c13eee2666b626cc7262ecc582e9b5ba8c84521454f79bdfa464d2c66af3dea8cc01ead94edce67b87d7cbb39eb07619687f523e3b4413d18fde75138eacd0f6a78ae9cb06e7954c347,03f0f14eeea2a075b60ac59faa14a2e6f8a32a9e
a5f55fe1dd848f6da44c82b6ff9b9af9de9235cf8369668610fa5d67f88a0fdf7468e10bd254ff5fd048074af35aabcf3a84c9c8f860c07b826491c3849d419ffc3e2669e34618c08e36609b6b0e5fac8ed54d0d7f6378f1ca539928b43097f9,3ac4abdedff2e98a19cf5a38fefbdd902ab91386
0f9ccae321b39f5a3eb2641e5d2e644327f8294c4e9b2e485bd2c09c5610d351e9ac44ff348f6f71c8454c6571ebdfc71d0641fbc75c5599f0b90e37b9728f3054246d136ff2069fb5226fc30ba6097ee5b57bfc16b5160011176df04ed07598,a0d4a459d67cb02005459db65d75ceadc194aeea
5d8a03d1ec1439766246e8455686b483f923d1a8cc2a71188b630bdd7f35ff6e205ce0a38ff369ffe1a0101374ad952cd46fa417ee29418d391abbd84d47b0fc1137c8f0061022f9cd3d73a94d351e884ae201dbdfc97d2eee54896cd9cb2474,e47cbe0799c4ad83dd2398bb07707237d5ddcdef
d5a4e7fb9b28d5854c1b2b191ca54f47b026311374cc50682f96c50d8d397e457f7a4a11d41a08d567ebcefcdd126b641c720947b8f6c2d91d985a676113e252f8e5157e7b610a9e36d96ba825c69763b9cbacf4ded6d8077cbcf3918508e032,5819504538c5cb5ef66eb78b7b50f96129eefddc
b0422bb382b3942ed361646f25624a5fab8f6392796758a9a223857936bbf01fd295b6a1412bc4966bf1236d9f4b1531bc55eb6e8a15b1d282171cd8aa9872c646948d469a5944b56d4f148770b73f7182fa31b752fc4eb35ac3d3cd1d3b0fb7,e358193000799f5b52cdd50847951e10f074f461
9f405d84aab5acca5da9dd1b8d0c7c489ae8d974f04e7245d759bfd0e52aac21fca6221ccca1a28c3543367449faa64be96ece2f711e68cb67a1505fc9553c996e3ff1dcc740ce4c235c72c40f41e7e4d5c6f627354fccc5be75a3c81a903184,5ab2227e0ea096e57db6707c91ab63a541874ce6
ea1e1b317d80be895114644a5398f3c2f8d639189dc7b1643375e235310f8ecd125896e85d9cee6746e25cfdd5dc04e5764328364cafff73e6f92f821fb7aeaaadd921092c55b2e17ae5ad1d6439d3ab33f044affabde7e0ac4a0d9c85da8552,fcf249036f1774b109f618774619663e0eb764d4
2d1ffc17c3550fc3df246d557c3392af41b5ab327c153a5191a7ffae80c25c9e85ac27736665f390df4473e22a7547149ae02564f426623abd75ebd5963645e41208c44ac4e519b152bd0d5b890abcfabc2e1077771df5153fea183e90e33f57,1bad0766bdb09e7d67195f66b497fb1f395ada81
583198344b4405ce3878b02521f7c0a727b084e1f5f65387c71a27e27dbc1166cdee76621348e76b8ef0ed71f4415a1b7070cae456b813874ca19de46938c054279c535d390c244ee53a708e9494b35cadd4acece80485f99b5d31b3df81c2f0,314a98120106e795cc28311b851cf2bfa162c4ce
2238de041c30465e97e0ddf1c4bc1dbe90b3c3c32845e957351224af2efaa853ceeaf7e0385dfc52cb0c11d68e35834983f7e39328ec2d313f5b539d065d25fb49ada63818972cb70031f182791a70947f73215483c9a5833b65956fad20ad12,84a3f1cd3da64b158d259b1217542c9852a89ae4
03a8e5ff459e79e7a98afb88a21d3259f19b007c042882fe6ae78811e1ce45f621e3d8c8ef50b654059650ec81d807624e7794c9b386916af5b1db5bd9bf13a5ab90adb51cbf70a606aa281eaf6c556e98a42a8c680ee25225795ad4c9a41873,ad3e04465116720229f07334eefe5cb833d1b28c
ebc8e9e67c3d70598b49e82690686a82c34219f4356983f802617a6ad0c1fc6ba43e2c07235ffbafb1e7124759b9f09647395e83098af3115fcc0edeee6e3ba22060aa198c9a0ff1c5e02cd754e06d706d9d5dde06f3012fe710c7ad453aa0ba,58d6d9c8cd0fdc28af436ba9c49330364dc22fb7
c422f6abe3b56703b9baea7572a6b2e6367b4822a5203a1369210d9beb25ab11377462b6c630dec1e70dfd69316929e5e23fadcddba5dfb4c95a81558c2c7d30db6e187481440832a1ac61a2d0972e56fb45d50b2b06b0b79b15b663520d0137,c2a96c0456040c8d114d5c933546458544eecf7d
29f8a51c964e1744813c9d763f003ebc15c122511ab21d7f6a55941ba1fae8026ca5f26ced05390ad080a6e410930570af2023a910c84a3fe0cf8a07ff6e063452bed168eb8d048544400967e8cfb33e3e0ccb510820e0c78dbd4b3bb2387c78,001b93df94413ccd910da4ec1149ba33afce2339
50b19dbdab701fa0b3502d5d226dee28a28cd5a7cfb77ee16d45863702fa73b314e92008c0df6651d6a0d36f89d0fd401d5cd9d28c1909429b84c60fe0407ce317cd52ea2822d9ed513614481c5faf4cd7de898530fc27455df969eea23a37e3,e4777f0a72fd76cee3d8798be74b9aeeb1994a16
f69b1ca314c42f4cde5239bdf0903112128722029869580183b3492a73a42831ca760c5063132668273a079e37f21fc3b055cee1b403fa1d4915f8857899b7baea398fc3b14cbb57928eba521b55929481b5515542b5bbae8738c156586c91c0,8c4a8dc91695b1211beb90d195dd56db50267189
8c799b59aeea2aa61323c8fecea57aad12e13a7b49b99bbfa67e01c82474223d67f31d0b3597c39a44f25504ecce1c476e0e24651d6398774a74ce4f18e95de9a5ef35bbe6919dd27dea26ded90ab1b82ede30aead10f8a73443a7629dedb736,c2fffc4c58f3b4a6ddf4608f381057478692170b
54f1695259a77771bc6e9a7394efa54c94e60391e9d3311d96e0a3743ae68fc445b838d9e091ce922d2e2768fcb6efdb650c7a686e63a0567b144f4d1f74417e59f23bb8c31cb4ddc65f81104a8e1609c54a0ce88e40cfe8eaf48076838cc32d,3ec30d24cbc2b4150373997013f9ac07690c069f
204dc9c6af7ee0225d0adf8faa9aa908c688a37536257ac70939875dad8b5cbf191e9ce2c416b87675c709feb86c0ae2046ddd4dd81d4a33e6e331766dcb0141ee80a0eae0bd85e293eff864e2b7ad9d445da46fa0fa1d89c14dc65838e78920,31550943e42d4b1a93a2ac544b5555cc5fad5ccf
c38d0119a20b43402ca574e09d603bcd94eef54fb2f781dfcafff00522378075a890f8bcb78a4766f206c2ab40f8013fb8151f8e9083078916d405585531565821ba0421a1a8ca0cfaba60771a5fc343b04283d54525a8a1fee639cd4202a718,fd8171bc7b053d78648cf56a6b96ca303cd4a6eb
f8a6452ba078fee23718d530d537eb02519bd98bff91a295566189f34643759a331d576e81130dbd59a969fae9b34a6df4d069af0b82f719fba516ba1e2d6d0a1ed02cfc8cf6e5b6119d33de1c241130f370cc5ad8749a47e0e26ac5013d33ed,4e56ed4e4097b62f5b661d183f2ce699d86b9dde
1e1f7d8c27f7ea14aa20f37b10d1f636e9173dc460304c39fa17783eeb65101821948dd4e0d7e4137b4cbbbcc2b9831a6e27afbe4371c41f9d3734bc8b7842f7dcb2b66489fc690c368df2b491f30634c8e9b034af3f455d05a880920a75f8c9,f584d9607969bb666fad9fbaa4f2dcc97d683b62
0bfde20a39d0245029c25599d72ee4776cf49d9fb8d8eb0c676e7dd04642182c643c62bc04d77204365314707ee9704dff821ddcc6fe21fc0e911ee3b4c0503f1c9f8ab11659a0ac5d472a4f09284b6b59e9a8e95530e8b1e04d31aa83420c22,d1daff61aaee9dd3c34a5a118e12c01854d2081e
aaa9ad6b1b546baabe9af87da6bcf13378e382e5f47ced74a429e7dc89492bf56bc18f2c4df24b727900e1e7507e88c3dd9e76a3bdf50d1e434d0ee160a752e1668821522b29376d7a3ffc29001c1cab9b0aae60fc2bd74f43f49a6ba325eeee,48ee835a92e622032ba1b96f2349b8b5c35a246c
c51abc19b8fd43273f6f64358bcdf14f1b604f47bfbcfd5a88ffd5fede8aaeccbe7fa8240519252f1209990fbea57df965ee7264504fc8f67bec243f691404ea4436986d23e297561054ee7e0aadb3f36bde51b0d2a57ab75ad5a0e736798af7,86292f58854f5347912eb9947ae5fd5eac382aad
2018ad75cf115c558275df12454f6760d190d72c818bef41bf6f69dde4d0b9fec9a74a5b43b413c4f1a88708f09c1635a79f721e26d45f85eb82569de16da72e604330dbe5cb0788a60633e145fadd2945ce366b68fe069bd0f8b3af627f8fbb,2ad4b4969c00c302698844ef9d1d3e421c036840
f83030b9a6b9df8970bdd4479218ad891ea82c3ac8507fad81807a216e5226dffa612648af891a7927410897a7cf1252a72dd054aa36e83197d1f7bf1ec9b2124cb058420d6c20c041a7117e5af506050dca609c039c9c7893d384b820663d29,59f1a36983debe0989f85dcf9b9a01d7fea7543f
0839cf59ede4de781170dc4c6fb13a548446c25af8bc259ba5fcd410cb6c04fdba226e2971105bf6707bcc1b1502bea0ca3fb43d98166a169c3fb825a5c62ad51877080c70196e499d98fa91219216c8e7b9e818102e1461a9226b43807bc88a,3a5e08da6a82de8affb6cfb61b96cf68d4f7be09
6bd0630cbbb38efe3e2b2444257903ebe0f7de0ed018f3d329a2b674c71d93a2b8d39b3ae8b4631e1e8374b5b92274843e23d082c9743f52651ca128e463e6d478a3dc2d5e2596fcf736dce4d0582bdbd0d972075dc1d57d060fab7eff737356,3bae09791bd06748aa93c2a860cf8fde7eb5a4a0
8821dbb42d7498f8c2d18afb0fc1a8bcd844a1d622fb705ed977aee1c498f8f3e6fff92744213586ffeab8deb2868548dbc79f779add2495c7b46a2475c528a7af3d1cad1f1f5bf3ec32665976bd4873d8f2b0427cc67ab961a5b91f71dde80a,d34afda69fd2a1f0eb2c1e882c7a23f029e25555
1857342e401ecc6aa86ba160aafa56b6b83d54016500a2c935cc8dfb1437f4196658fd4ab4b6c9c90d6e4dc7136ec9506f9f11331a9c1fa53ef679989b62d8ce0810bb57ef6638ddb8ca7e091e68af1a119c34574a7b4dc69f718f7005ecd87c,c1d6a0ddd9b19bd0762ab8a65218bb63795718c9
1176675d68d32fae3aff2943e1e0b2915420eae6bb9eb1923caead730695848d17c26dd62eb705ab7a603d0c8cb07b654a3fd51f0b7df943dc64a157c8c25b61469644d432f2ba8b68bfdab5df111d4476ffe3818f4bcce0f86969e0d5eb71aa,639a47082d0862049520150c973d0d6b7074d7ba
d4da31dd1ad08565e9e85ab3bf0d46a16e2696bf71d098cad486f1c782c8ca925bd8378fe4ea96b9ef18b947972a85e2316f91eeaf8a1b9cc9839176d77ab108c0a1e9528be5a2c58cc88c01ac19efee761ad6f8e86a4ad362e2adbfdcdef4b2,18ec7d000a145fbf41b5494bc61edd2a277e3691
ee52bf98a338abec638f2b3ab27577d5475371b60afe315dae1e26a13c97ccd8f375dc830c33c7473164b420b5f0b153c6b3f012d92f23fdc8d4bfd08f5f2cdd801f919d1e70dd42b15c46e65c8904802f1f7bac693d7504f440e04e7a761cf8,03f4f59602f035f9c00af475ce9c21573162bd63
4c8466964ba81c1024a32ae5dbd6ae5c357cf1f0ae32875ce1bea32acb100020d58443da07baac0e870d12a9f87d5f506917aa6323b7c5353401c600753b78ed7e7862e86cefd71648bf66c1d5ada2f78943841bc71f5b5e5f73e2a6b5d5fc9e,17781dc5eda2eceaa799cf64340b06e1ad3a601e
cd1b522c53c7bff8103f712ed7e483c2a1a56556e01df895396af6be7518649dc832e8d07d21a6b3fac7825fdd30514270936ee0df929c6e2a977d03e72d3fa470e4627bb00396d4426fe6d8f15201a44f3f5b600e07931b6986744d2bcd7b8a,7032cc8bef204c179150dabaf7293c09790f760d
9561c96f9824e54f91d1c65dbacc695e4ab2f261ad64361ecc60c7ba343971a6de514bf5e5e10c6ed55639bd068ef6b9c1598e1640396914c6153b26527bd74dfd5ff0e32139fa441d3abbcacbc699d460c9217164d377a98197485c98d5daf3,424152f66a2fccbfbacd3de1b64572696ab57049
4187cfa5d39a4896dbde4d8ea3f229fb3a7478160184df3b1d479747bdcfead023e916ffba5327c32152c49572f99cf69954f658c012ef3b17b2fd2e847689ca501dd3690aa87cd95449f54c6a04092e1fdba1b3da499b5b4e9feeed6fedb5db,16b6abb97c9e308a793e02745ba20179bf8bef89
f81b945661265c195a085579c81b87e1f5f30a336716861bb686df09e9001c16549d54c23ee0ebfeb8eb90ff1054132243e7c4aea2ed90ddf8cdbde9fc897439ab6933a1c43ace7cc1c47fdf516900c5ab6dcd82d300df72cb3862312527ab73,4be30f3040fa9944ba00e117ecc56560c5c6a519
6914fb7f0e202c1e9dc12a2a325d640f1f88609da56985fbc7f4e0e129df610a89140e41fe84c13b55d6eaa092d25a2ffba43c2be7b32f9948bcbc2bd068733f224f229061d76d079997aa29f080d4557a8a24cfc3bb997e089b405717313331,f20ebb387afd101b7a3cf3eb3d872fdff6d669ad
a184bc4815220d419b0d03d6f490ed2373b43fdfc1aec7227af6555e39955861705dad76d3ad49782699ce3dcd29089d2e0356ab04f4f82381e1b159c5acdbc81e13a3781b539a54d9ecb0ec2240b0df88ba56eed82f89fc7a8740867a61e625,a14d518243a2e0ed883e2176acbd047c8bb4cbfb
c05245719391b9893444c111a340da78b1b78d236c3f521790b3885298f149d104e41113db5f4e3dcc8ee049291e12904b5aa4c9e2f5a5bf01aa2faa1a562704995d9c04afe20d3e6091b31eee2132af5ec86b92a1eec510667b137b2c29e915,0365b239e14f62ac5fe84964f866d67af901a5f1
1d267e64687881deadba8378a9e19b4020b45648395d34059e9abf7d9bceac7adc866c18a0723e006724d120c2b787175d45c1eb67987379f420e38b6735b162cfc520ee0a72e557340e7d3030b20130aec9ddd0193e111e6cadae04a1665fb5,ad3db04c6b8d1da8445049e33febeedc28de979d
c424c236700225730b9e641b53ac2d3086b77adfca6356c9c46b11017c06d543585787636503d339f5ef4553ad4cb3c20dda4dcdaaaeff1046e71e35c0da3fb5dc5ff20d3795b3633442226057bafe405477e9bcb227dbb23c69a550ebfcd2da,882c60959938c46a3e5b037684dc5786df05dd0d
53213768fe25a3b82359a019af34fe596bdecd0eede95049a63262c8d50737b5b87aa0feaed016314be2153d231e1adadef9f5be7fa7f7fcbf504940fc2ecc4bd4af56263b4dc62763ab1a2312cd2a3910eacdc6954a115f434773c34d5936e9,ec793a40fd00116de8ae71be19c94f408e7c643a
d7d96af678c8aa0ddacb083198086fe38321de83c916103f58b75a71d902e672b68c7b8aea80d535aa10fdc0f5f72fdf75c6dc42b3385940f00d015a5a5fcbb2145fe25f76f05b9d0b9d074fad261a515beeb5a8590cb673db495c478575e0e8,d57556872d98e5750558276c0061885b71c09a05
ce028909483d0485db42e88f75f2f801f3ac6755e23fa882b2e89e4de70eddcb02225b611b9268b25e74fec73f5c74913c8df3fb4ad1f31113056696bf32805de23de2f4572440d004e7514049564a59f3af95575b58a8ed5146633915c3e9ea,33f6096bd91065147743d0d26a431315235e6196
7bed8ea3373a34b14a56a23c7178908237fd981653925b789c95fe1fe388311a07899fb939d633dda95b9f4ea88c9145b72c56d29d2067dbf165e059aeb3839d35ce98fe2f25d745bd560da708d22f254dbba54063b67d1119a0a944993bcf60,529d5862537a98defe839562a11811e7f19ba454
ad53642b738bc06e1b25bebf24ce307db2309e4f88ac3ecbe27128cd808d1b3f9126942ab8c8c358bdf0f966f6d147d3682cf0cda3bd196981822561fcf65f93104e86d0c248f7e479ae462559dce16cfb63108e661de91c7db833ad9449a380,601d79bb4ace2894bb12b02ed63073163e1bbca2
32fc25dff10bae077649449b06c870db1a2eaa2bd6eaefc8cb890a70c162f5221407e184c832abb62059fa36315c418ddd24268c7b146f7846f5e6df367c5e709e1b67461867293bd94508ce4cb1ae9275049d3ddf1693a282a9065c9f390490,22fd94ad245b4f55bc1af8f7d93a69c1656787cb
561fe965393af19fc7e76e39079be1432d33727ea57e8d4d358682931ae08fe92dd1c7a7294a76ff2cacf53bca604d91c34dc44adf3c024bf9e20025029c26b8b86f815b786d5d4cc092caca0aa26957db101e788651f47d0b2ad1e3802ee18e,80d900c14e746f3cc625b1b2f62ec0da1a35416a
2478c71904f70d257d2f72b49a202ffcab7a477d23933c1033727bc906fee4255baf75180b215965fd4ba18c143008662ea6a3b17c98c0e8edefe673c785949cbd28063ec17507da4416135a0407b239699750103f8abaaa3b444a854d4471de,1e86e96bb193fded3014a1e08820837f5d128492
57028de97bdb8e34e6d87d5fd621773a3003efc675611be85fff4f65c5baebea160d8d90117a8bb13fc6ba526e6a271179e0e74182f37a7eb45cf11a39ce69416733e0060b8b14c9520ce5d150e8dda91a508dbbde96f8de57795a4c9a948b37,1b55c3fd9c68ac0c776ca4f1bb92020a0ca3cd8e
f6b1da9963a6354baf047a1ffc6374d36699367932d2d02dac527da5531062ecba09021bda6a90e95dc169580f30a3905dad74a30fe3390df382f1543b446e36c3d4542d3e4927abf32426296ade99fdab90f6f03d993c351397c0bd40e171e3,2bb8126f087ca26aaf979ff0395b9b9b3f90f066
46d0ac5c71054d8920ade684121e602f45c49ae1668c68789fb6d0e926f339b5cf192bf75307626bf6f624cc6ffcbe4c27915cf04fc7347b578c36ccf446600747a6e917ff08ec55a7302f90943a99775daa62b5c352e241cf2f4a74c774a1fe,ba0339599f908e0c6b9ca84b9d16f1f24983d90e
54712deb857fc14210ef626ea082395ba33306dc6df55a718df8ebfeb948d19cdd73ac4dcea9c5115ee7c5f871f8c3ad35fcf3af1db5050ed8c0d4460b5cd47d75f8fcbbf489bc22fe4330c05f156fa20a5062e5e20817ff73995f0b00e3962f,a8a2dfaa5aa006bcda8e04d19f8d7db8346bfb9a
7d26123471c175c9c8e03fa90051d7a553c6123d7a2f19c58e57963f662915230a8792cd25904287518e3fbd94dfc0a163c5e6fe5e7460e624396bfbc9b70ab7a4219f9ad1d6f602763aff862c19e1bab81201f634551075be3293325f39c766,5c6cc08508bd0d61277b45e4f5fc8d9c1961a5c7
33878f573ef0a9e7defbb9b7a3dba1eb0b6be6fbb28db811e1e8211652e7745a727424a639d301d3f617ef7c8662792f1159a0aa9f0e196021e6f9295e00b78c0d6878f13bbab0a35faccf6c16b7abeca15789ceae451e562ba06ef83008b1f0,cdc01d63a0b23a7fb3d31e4cffa410ad174f2716
af03ce6fc4a88fe1828b511e7c5434adbca514f6601798c60484e9c5f1f6f5511f6099d55020b4b54e4119320a7b639dc22ad20bb50b3b6d71b4b045d961ae721f629d2dd16129fbb069241d0c28c20c249d9330b2542883199ed1fd68a3ab48,40015411e3e60f5744bfc11b37d498f22acc2d20
2506c4db2b7ee58774919a23f86d12e5e400d374d90543f12e8deaf621050a03dfa693f56e8294195366a6b9fc865e905dc0d91e036b349381199680cbe3e7faca501bcf0a56ab749d94ad41d2b4c843b0aa323eb98341829da3a2aba2416e61,e16ab188b25122d9a6a1174514307c5533f39802
95e98a97e2705fa9d78602ffff0ea6c80f148b7b66b37164bc11e52c1197a32be97aeea84343227bc003df35652bc0aacfd372785e932657ce14dae2374af02f2806bbd207f5011b9e73df3c3e78f3d6ce1abc2203ff7343c9aaa5a816de5e07,5e63292d74f438cecb45e423239afffdc6ebb7f8
41e0775ff0745568e1ba001c841d6266ef6a0683d30d14965079e18767550a6e7386960160f41929a06d1464adf7f02736eb59922d0c012fd2e3aedd30d25987dc3f00b973606c104ced68c542227900d43b9bfa98cbdf854324d8fc0aae9f3c,df04ecacb6b0cd5dffb5466cb6e5b086a4d94bd4
bf88d0d28baec3204227ecff7ace430b496fb94fa392f5ae64766910b1c16472e29ad02ad570569d1f96a83284787ed2cfca426759e93f865a8efd72cd4500c784f461ea29863da0e1f9d3730a1a2d0a743684ece58eca5c2ec97d5190831864,84b7e8e15c30c600ba30bd084b88d6931dfb0b7d
f2b55dac9850056a3a87ceb435183a17ed84b405e9875b5e1e3357830aedd02f9b0c81bc4d398acaf1fc9d3600c27dfbd5b3d992aae64161b465923b57099e009d2b9ea0cbac610b43305514e676f5aa346ef99fbd38a91e7a1022f96a93ad33,f1b4bd5a60538527b3ecd4631740609798bef96d
377e66888a989343d1b5ac7ca1e1876f781b0163f03cee7b8fe96caf24cd097c9feee3259359f5db769df3832acd9e74a3601788671cf04ad4bd200fc1b33cc0264f442c2ef3f88420615245a46827b8a15a287ed2abcdbed3a996252ea46710,ab923268670c6eaea9bc0874cd9b8683d62cd608
d4b2bb4587e3143baf58f1ba66c1baa40e9bf25cfa9338ca2be589400930b61fc448959fe0d2d2e64562b9b967ee7cffbb354f9589ceae93bd40bec83075936160fbf757fe99883a6aae50e4a5b202211ca24ff9d9a677ffc117c26958728599,fa312d6675044803c4b9c65de8bf65b7d9b2c21d
26c87e1d145b2f2c5493489e4092c7221ba7f52286fad7ed8bb40a2e5f1cb85b69264132ebb1b06a4494a1dbb2959889d179f5b5360a5364b494a99d1b853db80fd24cfc9246cb53693122e7fbf450be8f557bcab18b65120aaabe81fc4ed4fa,0bf10781ca75f2ea35ce9f9429d894d10fad7269
5f30a9c124203bc544af5379de1bb5bd6ab4344e0d05aba372ca9927465c3b350915400bd55e2c07ec31ec4a53224ba3cd40c5e3d5dc8a44e99f9fbafdfd07b6a167474575a81187beecc659660f0eee5b2cc463d54bd652be58138a0364090d,359e7eb42e70ed2f2f725cebd1f90579ad571404
f6530bbdfac343bac19d732f1402329d2da64d9adc462be455209f6d555f59e744454c88e590f7a13089ed3657eb3951d21c001cf50fef1e9ebebe739ce05de7b7473fd9e2f942ff659076083baa38e9881a411c011a9c26d6c9b7fc53f88abc,59617a9896e5729b75b317e538fb80408e3bdb7c
a80894859870e7321f80f8625bf0815f6fa9b1d44eaaefd53ae0b1783ef712fa53796b5871f7b45f73ba5ffc5dc8b7bd47b0c4dc1f66bac5f52a5a6aa6a14f5a1407e4670d638b4aefc752acb1e5a359dc17d21936c9259c906e26ef9d201efe3f0d484fb323234d5fa628cc73aea445589a137d62e11423380265ba526e0fdcd86c31163a5b618b1a8bdfc59bb3796cd66bbe01a4c635fd9dd8afe1c82cde9a,bd0bf0af9d3f64a11244dc28318c2068c4eb32e5
670fe95891a38ec11ebbbc7397a83feea4aa214d06121f27effbd339b61fd032c5ae0625935db63096d32cf9f301b1c51c2b43dd07809bb384cd787757bcf7be73b4d5b0a06cfe3ace55b33678d1d72d069dbf3923440b697d65a9311eadf7eb,3e2da18f8a1d4b2e4d7742c6d674d439fb1c351b
5f0bb5df957c4a18a452d5d5b9cdf294b2e86a112f1ef9275b9a19ffc6c878c4547268fda5e163eb03e10c2fc28a8c87c6b465910f2f101543324c5d6a53d016417b388782dddb34c286e266ae297b75e0959b0249dd9f697e8de7bf7768ae38,a7f75c57fa34c5afa33e75eec18c1221814042ae
3ad4b7321c7edc130c8e161c300cb20376887348955dfa8d658b99f1fed63d0ac5ac48ac8a48d19a97544887e7dd9c8a9333e71eeae3abb2464adf57b03c805cddcbbb9f3d6a13569359093deee2775d9096b269fd1906f7df2db42859543eaf,d2234b7fce6cbf6b415e27dfca73115d50055341
ce90d7ec3d724040828b284cbf7926f3b35764ba0566bcfdcc2887d871ca5468739d4d79eae11a69aff37199fb7bcf4ba08f19415f559567fd8db44b5eabc29fee177786f150adae59c77fcbe921a0ac02e558ad36de8299d2437021358a2412,282f1e91a96aa5c7a866a2af9ac75a0ecbd25b97
24b0330bd43d0b2eabc60fbe90d8ce7a442fec08972033c3cf21357d6e15a6f46fb4c2661b5e48cb1f4df3b3cf25d09ae1f2d4244fecfa53bd28797c86932cc310d5f10c9f1e878a77793a84c23700ff770db95234959ed60c4fba1b25887ac0,4dccb6c6d91a864c183d6441f9cae43a2115d8e0
06c9c4733e7492ba577457afca0a73edcdce6d11169e598cd975166e4eb86a661c75cee62a62439b0cc9882496b5cfe807a1512e8d6a55003caa2da9d750b5afefc767bfbb346a132e3d1abffdeb0278e06c80a6f0bfa57dd52821faefeed659,95314e9a330ad6bb52210aaafa328cdfa66a83c8
122c6eebfd623c3df7b7f3ea8b74f48014c3f4b5f9bee3162643ff8163972b2a41a653015dad2c5569b620710894e1935dd6f554d21e4bd5553af3b403681e0a5ca914cb334170dc46a988e651b4a90233026dc66ef5bb3d81de740ed461f716,abd8bb0469b4ceff8b4b1d67136cbded6bebd6d2
d07525c6506e5aafff22da3e0d6c91c7361e778cf7d1ed5a6b23d25bdf8928f8ba49ebfb7f6b4066e5755a02f0ca83e898e52bd620f3bc32f089513c5a92681db01db1498dd521cec4684d95fa9e4b823a1c90acb7376540cfdf9eabdc5d73e0,2852700b0bdbabddb9e79f2426c50de073512c0c
13586abe1e32f617ea035de229fc5e3c4eaaf1592fa7544ea61dbe81d64be82bdf38ee2006ed9b97fe89d7052b0840880004391f721867272765aa33ec0fb2eb93e908d733cf46ff2e001deec176a96d135dde6c86035a7542fd8fe861938293,11fd62f02ba891e5418e7c98d081fb4fa90c4f3c
417e9e5614e0474c8d4b80fc766da72649d7059f64aae07b2dbd3d2a277028d1d09179f3389669cc58d818d62f7f4254c427706a00153e65056f6e5234d09c6a3cac61a618c4eeb0fba151d58ed65dbc219cdb2a19713db5767b5cdaaf80c76d,52009e6414f7d85c6caae29b5fd51bf88857c3a2
a569e8b7f082e68ba59b17a230f837dcd7fddc31c4626e22762ff23f84de440e7eba3d7e376da045fef5f9c9f2ebcecd9e704c999f07b63a4283749a18512b8e3b61f3b4aa4fe2a5e4fb1728f1d72602280405f6c7ea334a5b05a6a41d8d4beda3930ae8f46209552fe3f00592fef685336a5468189e7822523da24aaa044e9f1d6059e49cc63f41334772021d4076b7522a6356383d5d82332f01507b4329b9,fc424a3433b5f4903e94710d9c44e059a9d9aedc
12662f74fdec5934f4c5750745bd7454af9403f968a0a995b5d840806b8dd2f0e1b1a2119510e6431cbd5ae62e57bab8375a399e14ec8fde69b344b75aba9e24ddedae21ee2f2837ea8621c12faee45d6fc43aa80daa896870a066cc333718f4,fc6218244468a9a60ed7cbfbdfb6bfcd2f8bb33c
1cb1afd7bb915f041e419fcb47e42950602c8490e8c6cccfe4098a5e27739967e0dd221472d225cdb757406b3dc8e6cbcc8ab5ee60c4fc1596905e23d055af0d58294dc734e9406a0ad854dde94b2446db3b86df05c10b837f9825b78c4c5232,7c789aeb5950b7f52729c8253e68b31c3143d9c8
d54cee63bd6db5c71f4b8233aae58f2b85801777388a893cbaf1893961acff1f5ebaee0d51bcc2aded663eeae3ab8b47d9a8ff7644e1a38e9c63f1de0fe7d5e70c422ed78e8e424a93cdb2256b766c1a245d8d1b674479c4896fc2a2ced08b1f,4eefb543ae3fbc5fe48e2ad6d06a0948ee863a9e
f259b83979860c67a63a258971aba8b031c919ae6b6a077de0ac62b9c7fde9fff01cb2af6f6f2d06ae5bcddc2c58a63dd571d75c65f1908dac43ce9a0564508263593217ebc1fd7e031906ba370f45d7f04fa5218bd484882132a2b5e1a0a864c57ea59aea2afbc8f54299c2b96084b93a5eb2ce3c2b5102f1b376485217906fb57c01f7e6172083dddae865d74ed9a2a41783d3b4e53bb2e7bc70afe3753bd0,90cac06ecf31eabce0a1be6820daeb5fb4832356
1c8f514dc3a53f3cd858bd91ee5027c3678be1070177abc92cf20841273f0d5db7cd614ba3a06ebe22048e25a38c54ad62eb534f6ffea8f3cbe7b53eec82b5354dad7a09bd29fa67e72a3166af0794242fcd2cba5f33f1c8d7a1e1dda85b004f,3584295119855f6f63db35207efd08a227b0c3e5
e821cb13299dc1e6dc069ff2bc277795f6896efaf8ad551f7175b6c211a0c3a57fd80e8d9a83a9edd29ca9e38ec75777d1a866884ba69bc1846b355abdd2e9642bfdb7a3470fad0634dd62f46f45e1058a68049fb1d04a809d66dad2ff455d4c,d28f4b31bb16e64e848412e7513853b09502da0e
0237042a5f863f11f0b445960ee561b853bb23e11af649459148b35fc89b11c37d2af0e06da12b0cb6ae32c9e31d2c7e87ecfed73805f88f37a03126c56a50d58eb55879feb1a5c7ac7a747ac1abc2527d943688e461bd1efddf9c2b21715344,6d5436bc8d704bf93d60f1a3ef0daf40f5814e48
a7795de0595442bd272c562bbe94847d52eac3dcd2c01c672c87192c33ad523172f82be99e5cfbbf68e543d3cd89e6824a6c7090d34abd91b04eec9585dc9b3dbd3e17756276140b115294915f96d10e85138bd50307cfb97fe79603d7cb539e,e90b165dd0a5a0bd69aa9c393878e2ad99682125
13542d5bdc61f0fcdedbbd9f3655319a902b13f69d835dfe9b2e9681e8fed415a16564a3e9b35d595258e9f083878e8a4d335db66b9c531cafa3c6a18c2d2c2000502fbb807ef5a1cd9f7ddec5de5961127a13a9719ec9d503935fee03369511,5ec25bb73277e0abfe99bfb6c5c40497e3ca52af
a0c7be5898357dbf57fd1d5ed851e702d66585ce7449203f974eb4a6c6b52b70f665e7d608d5477e28b984a58bf79af88fb054d2be2fdf212ad8971f94696c3786b86493c34fa45b2765d807ea655fd42a89cb1354c9d6541004fa70ef246925,18b36bc6ff859e83fde62e1efe666f2f2479dd2e
a583f9f5125a3f2516b34552f36d5d48bf459ff214bfef03392400e116181e51b0bbfc404ce8bea2e616e5f4d62bca985b3debdb3f3459eccdaa682d7f173ab60e721dbc47ecd59db41f9812cfcaabca8407a5f10307fe7fd8fa856729e9a1f7,1eb248f6463cf662cb5691896104649c34951eb9
51d17ae0ed0c6fc9df1297b836d960186f3533ac8572d8d6abf9e9d0836cd73a84f5378fecbc5a23c0cef6177fee1a27238cb088f2ca58862ec10a7ceb27c67726e64659576ea3ca5089c1bc6ed3c8958408f90c34cab873660911ac08fb3d78,d7c0311337055fe21897b7d1c94494e0df1c987f
dada3d1f07c4d6244d8405e617a3b262b56ce9ed8075e6932a8755d5e44f1e204c8699251e0fee79f65d02a241693af30c9daff56e237892b66725759961b5bcadec8f35f807efd15a3472e46a7057e8ca2a3b6b711486db71d5ac16cc8f46c1,36a6863050b77bfe2d88f7ef973bae66344e167a
5b51e8a76242c3c990f9e38181864c82aa9c33968c2e0594cc8134737ac9c5e34b1f978639962df7a2973587babca74433310277186af0951a6688418b499fee685390063cdaca42630f859f8b67dab0009b4db77164249d1b7d272c1d03896f,bc0471de8d5617a0fdcca1dfe0a0b88cce5daddd
de165fe5b8bc63560e8b218dff07bb6658058e0c3b0706f46d3d31d3f06aaa8cc1c1e75c473a9370c4b088f2e552ac0c0519ba0a7e1e1725e0577c725dd3c3687ca0364a99f6493c8fcdd9c0d299b1a3d03dc9bcecba20c8370ebcfa6bbd435e,fecf07517eeec5cceee840117f4572e7e39f6b71
d1e9fe203ee08d078e923308e6302863ed621c8e2ae4cbf6d8e2a12a4eb29d621d1247bf5a2885ca6a804277362ecb14c6cf4c2480445ebadae85cb96f609140d5349a0495340f1ba4817da059ec17a198b79ac3fdfd274977df26f6c77f55b0,b38273d3c81168745ab3fd89d0904978c7536f05
8f9c2e66d1b43e71ec0b342691d81fe7ace32e3a8c508dac720aa6265b6dc1aacfa1a6071eef5ad12d540b513b5d9c60122ad7e5fd881a0946e48c8acbc77872f3a4985786a6d4959ea94e467b65194cc290c0e2a12ff575977c094afcafa976,ce171039910de9d4cb3a00450a3ab5bfad227a01
016fcc37cabc4e45f4a1b2dd9dde75eaf046c9fea1e8141bef733371ca7a1f51c169031a33fe5187a5bdae2861384c56cda0e7520b4a4cda619c6b2c722825fcc9162a452c810efe6b882020866f964effa2b15b96993b7f5fed18761707ddba,530cea61ba81421ae2be9220aa233e3bae8ad973
7dce36fd86c02d1698e2bf8cd3b9cb70ab4f4a37e39b3f35266880a17426edf791c4b67ed8c8246c2cfe693885680a8acf8794de688236f20a11022a476df254de40faa2d436b67ea3177396da2b410e53b335670a006e3aaafc1d50f89dbb3d,de953146611493abd0145cfc6e63b26ffadd3d38
23554c55b5dc655964e7f13b77af512d9e277eb4d2220e1c8adbe0bc988ca729f5aa01d837b20cd372675dd1737cd0da99760b4872e7ae92f54ca5fb7cdcd0d01496bbd50fe3731f8bae9f035065f41acab2c797e3c819c9cdb2d76055d1f601,4b97ef24746e7392978ac6d177aff74e9dd46ed0
0d756cc3c89f9e629fc80605e556f12ad24c3e09d355fade829d471039ea864c3afb9fa798b67f3bb3fddcb5750270eb6e53282458889af1f7bf8fe7ca5f484732d352ca34821c48c30b4b2304bf10ca3ef7c67fbc4357fac47913f09f0f5dbe,bed24188b0cd4cb0935b412bdd79122e8c257421
349a4c8906bd2fdbd04406b9f40adbc4b0041f98f79627fcdb299e218813c0544eb33aa54f6aa88509b6d1e33a5a2526943569ee5778fd8914cbd110623a514bab69988afe7798eb615adf36016157522a991bf72f9cfe4bf888961177e9d280,deec8e1b4dc9baed3ef00ee73b5cde63f23d47e8
447684fea59f4313ffe88f687a11016417f47295ebd329e8c1bb7677b06d67c5bc3f0e5db409d0f8e1ee9c82065e1e846694268a08aa6f84ade5a048657e9074ed4016214ae4d0f23fc0ec6a8f5c2cc9df368f5441a63f64ba724454ac4370ec,31fd32e2c1649190c3d6a945f53da8c46baada39
4c32ccb8d88efd371fcdd5ed20f9d640a146d8acebf2e0087edc9e7c193d8191c3279467bce612ad68e6c0349ba7d9b2ec8ce2636dfcf7d974e8bab9533ed9bcb9361da0206a568526160aab0b91db47c581f6f2641805207f4ec24bd014cb8b,93cfe026086f7f084d2e276af40ea05bda0b4912
45830df73a827f0ae2ea107214c009f58f0beccd5b8ed076d471cddbb8eb5a1cbc103efe8d939a67a6aae271db0d6347baad60a91880ed038332f6a266e768d4229e103b41047e81da9862984c133d01b9d0806ebca8adb817f2664723910bdb,bacf383909dcb6aa4dceb12cb1c0e13f00be4d1a
fcf53fa5d5fdde3681b98ccb0b7cd3524816df5df8e791a6e4328e28e6f57235cf3b51eb04214a959b684047db85d16d9750dece359c870beb697f5f907f83476565dfee88881bc6f8bbca1570ed7e0ba3f4ffb8f71bf979ebd2cb30e563961f,921a23b9ca27dc0468b469bd5821744b41a96224
a577862c9b81a367f999f3bf8bdc7b75edbcff42ae4ca5f6903b1072299b9e5140d36bb0f8efc8757c007a9cf4e230be51ede82da9c9a1ad2efbc1407b4a0070f8a2f91f5808fcde9f166a29dd858f8eaa83ce30543c94a36103fb517e608ed1,b458c8be278e8fadb1f4fc1a30beb2daf7263b35
755488755ebdfd5449109d2c2540cd52840743a9910c2adf7e85dfd9f5612b96ec67e1a57b76778545b8668daf9c1477686e760ceb81515381bab511ec8e90e784b83ba77395686942f6d8c6d597c8aa53f4ba83d34215d4f467d7240aa1a07ba8bf2911185f38975035e0edf0114d887def94e038126825b2b2a08f16203622711a426a544dac74be5f2a14139334dc83f3d9686ce5aeb4bf94542739f17047,2e9c301807e6d1071ed16bc034471ce57c56cbdd
ee2382a65736e79ee8149415019b049ef9a28b1109a09b0079e74438286965ae66b4b8f29572ddd33b9ea8cec2abd4951b1fb7381a1026420a602260806f5b9e121fefb34913217bc4f17466f3f4796e768de098b527d4b13a7a8fae4fa9caf9,b982b87b6265a61116f736aa29578a64983a98e9
18105a39a887f52be402051cea631ba18c34ebe8bc44981a24f133a892c1c8a0492bd1a8625105e6c075c73234f2e3cf0b9706e4bfcf910276f53f977e13142f831364501b30e81af4ff89acc0786e49f6e02a1e9cc5138b03c330dbd4280cd8,7902345522ad35ecc913890273391f4a8a23de9c
20333df24cc4b280a470006b117f56ed563bf4fcd00134f3be1ddbf41283288cc7320cf55acd6f79fe6d6df38b65175d0c3edca2b0f7f503e7403ed508cbb44f091443c43b422f77c0bc2bd8e11f03104aa0352ec652fd14ac6280b0f1d285cb,46ed7368e68f10a9335ec71667b0b1df8b539d63
4627abdcc1d94688cac6a46f4b453fd4064e1d1b1691e6493f612320d22d9c5eb11566daaac582ee2f271cdfc3b604673844194e248234989b14fd743a9cffc56fcd1e82eb29d9104300e511835ae203d255f292cbc371ed104543de70a782c4,06d235a23daf0b9ad206c0968558dd11b21454b5
70718e4f62497fb32a9e615ea4c2cdcdb02e54c4d060a92b97e0cdd346d7eac371f08e54409fdf6f16863ff2c4a718c318904d75d5c69c303794a974fce8ce243729fda7cf0afbbf64d7ff26b895d1899429a2f7ce6eeff151a96949bc915b33,236291e5095e90c95991907d5b025ad1c06abc84
5a87d68bb0fcf76afde3f01f6126d9db987426030ac3b5a7e32a3e6a9666f2ba622829e36e0f0fbfafa817470fdaec0b62308a91b6c379aee2fff2c15fac9ade5ac0f6835a4b17da262b78f835aa55fb3878e49caf8b1d4d94aaeaa0f1eb2b30,42bc735c60042d3d8846205cb48ccba9859da49d
7e7fb36d3ad47f04a15d2b3a1ba9ead37a504c1ae34b7e5e8bd393d88c13c7dc29044d896fe075244cd2be79a01ce518b2ecbb57a1cf3c3e2d9e494771fd02ad1904b60723651cc86addd7e7b41c280d10ce27253f149e495c8425087744557c,2185996cbc72c72cabcfe93003bb61e0a8548f3c
5f36346ad89ae47b78b3e9baad5d4c10062a299970b928d2bf579a3025bc9330933f411d6776da10b6ec22957840d498145c06be576f7fe6580b1dc629a01393869751e102288aea20f0fbdd618353840f608ea5b4d0bf0b5081d952b4738a66e2ed71615bff69e8052109c22f2b0e7ccb319c556d7aa6d0bdf17a765536c82d075a2b01e052860373c6e2c73b5e87359509bb5762f6a3e2e4751e7236777ff4,f79bfc4bc0fb7ad37d5fab3e598b26c56151177d
a2a600035254b50194ac551e2049adaebaeb1ffbf168c127048b80986d18c6f26a016631a8e81bc2403b26326a9f37954c009add8bf855f6913b8abb079e90fff91c95223e7ba58c14cab7a442d210f0476ed16db99f1ac54f8a39f52cef7a53,5684413652f1210c62b929bf61eacc66b15e38ea
6bbf9cd71631049ff5655e7b732812bf468060f6e9bf6ef08f60c37a3a5d24bf2ee437e58906172c8eebe6a5c97eeaebb14fe13e727e55c6552d4e1a3278f1de39d179d2d33993f1fc5cd6fda9c80a1a1ee0f3ade14b9232e2a0e4b809467db7,fa101f0e73f2ccd61874531cc6c41b781f3c133f
37c2cca58195f38d9c527645fe94517895be767741198da6990cc93424df7fe0c5f46fa34575a533326b0b26ca65d772270739c4ff1bc0858606171ec569b77d188b1347dd9411925df92c77ef54e3eb9e8e61e9a55ca09c53b4bcb88e5365da,f474b4097fcf0b233ee1a31c7e91e62cd2ce94c8
2c67601d9cfbf33d72e3974de384bc661e5ae7b375a1a9ac762aab284033e859636583b06300f235f7fc5b644eb3c751656ced2b6ee6eb9868eabb9cdb3a94b69d4b5c3ec30e47f7eee3db7a6a66a873a90cce6d19718f7489c41986fc7b0e37,d14f3a70e44ba63077bc779d197f91131e2dc1f2
bd40842fdb6444341142b55e59fb4b20bb68ffc612312ad5d035ae69200bd7711706857828f3733125d85f7c3e93de5411000d492032c3c409deb1ebb9df525d18c95e2c11ec203176bc430396c853e2e828cfce159242b7415317777d04d4f8,86fb1b6af80d9c9989441ff6f743f866da0d0282
236ebe062fb24afab810dfe52ac371727e5a068f6980cfbb3aa0d3a3896a0e99f93eff8e3c7ef8e196d3b62567a6b8d461073dd8c776790b131c66d27d803acb393b513843235ba76786ce8487eda9191b5817c304441a3fd1dcbfe572f6eb2641fec8ef7cfb2560308675fef99c576f7a8f2e1be10cdc3e169c6e3db248cc2bd9e1a64ce0c836fea91ebb19b92e05aaebf1d12d26e3555871890cb6c7a90329,0a68636f57e43deb06a44092ff3195d8b018daa4
091af11fc71c40bc35dc5316abe78e30e1138eb7c78bc59e376ff437a3906c8ac06786e03580a0776a1cd12155c8ed3bbf092abdec991519307295223af1ceb61056f403f8f7a64ee3c721789de92aa8549d3df7f55cbaead2b5f37716be79d2,6391e00ebde8adee81fe1b4d8484810688158e64
5a5a5dc40635146b006afc3a1985a6759fc7c2d7234257ecbd8e15c3c8610655f0f5fbf0868a7450b1133398edeae1b64c80ac9a65cc5484768dcaa854042a5afbdd7104ec604848eafee5f6fc6605a0c877d3ecc95997224cb10af2768d6338,e28f7b138d7f973fed80c862ff0cf4b096f8f66a
c4eec8812f75fd282e5f34f358b3be4bdd1e14c0807de05fee115443885fd84d47a850d43550538600e27232f07e7527df6a0ba952608e7864c4544092ad888a3e01ce084dd4ed0a5281a6d397d890989b7f911f851056624d546f101abb8d3f,1181d9c4cfd9685288acc8c8ba3d33068ce98682
77d97e8a4f8e6fa7b100fbaf28662653643ea4cff08b86e64eb22935794fea60fb4af9e4f46c7ffd9522a1bcb81f76412b82541ba1315c071718ec665d9a17988a39c84a0047373d931d4b9a409e5a93e8e84a34249c8f8e71482470974411b3,e1034881a8042ba9facffcd34a25ff24e6eeaaef
e1cffe5b4efefa93184ee7e00d41e05ec51561e110619112f7735fd03047bbdec16881832cfe7d15bde89c355aa7c5d5cd28f1d1507269d6181e61aab1dfd708a2924a9b6e7cef111ebe7ef9f1de2b659a833730359cd65dcc6ca5a9d65aaf98,16900bb9d33fbabf6b88eae2bb3059407d9816fc
fe2bb67fbc65211f77ebc1f619bf9305f981a5d4b96eb4d3697984b8278be10fb685b86a07a6772484585694c8fd08f4440169fa2e3b8f5b3c2ae781a63c4c34de89df4be1f335c225532d01b3292114226e2f67b7b743e777339cd1eb22ff28,a8c2dbad93678b96828181b6ef1c000b356c11d4
894fc5d01644f8d37b84b0631dc5804d1bcb9c57b98dc657554165a0610d6098687c1e615bebf21fcd6a1eb8785db5b5f932e9356f01bfb07adf3f9cc184fccd092261733ffcecd5c867fe88f13789e976e8dc942c817f0a9a1bbd97ab16456d,906ef7e3f0e9101fd0c4782c1b650b4b4d9cb76f
4e9c359682d81fbd2e25918c581d81983b5ec4732e23ab45651c72e616a57911947cda863e09ff9f29548cf15526503141fdd08c0cfd367e08d9d3bba69a54d19c993ddf7f53bed762b39e35c5cfdbb3ec1e582d27d85637f5f21676076a1d15,8306bad1b6546f5cded4eb230b9391c31b56606e
4f8f30c056d9c2bcac3579955d18ea08ec5c466bc49bdf0681f8bca170e0729ab45ed5252de9cb6aca5c4132fe0e1559d9dc1dfb380139b35e1a998618c7e778a3f2987e1211b9af6f2d251d7431dfc9b98f839810ca592162aaa11d79684478,2afa0cd6b478ddc3f4a4289b34c1f2d659831f29
a17e1ab8af72ad097ab5c4b0aadf8270010d7eda6e743c581cb445cb7087913c79ae3068f5745e5c4fa61c640fe4bcc8411d1ab3396dde172d3f7f545c37f1c3f16cf72404384c466046510e92543aad4510b259c12244724afa52b95373b010,2e6eff64e98895b93941f875a0e19ec4f2154b7e
8b061cd005a90cf727bc841da54894a25fedd888e16479d28a1abad45b2221d9c9f8331ae3bf8e6207fa9b5ddd3038fa169e026ea793804dac005f71117a1bcfeb989bf9c3bd9604b65b11499caf09d3c4de0eccddc33630013132afa7583b6f,8b5a5437d58b41fef7f63943ae8f734ae1ecf780
3d87456b2a92a29cdaea6644575cae71f36a30e3947485cc2db4d9b43746b1605a864a7b43300c10863189770ce890dd9cfbc3334690a82152ffe610068a3769dbf514cc40552ab83057bed9874dc2432b824ca5633e85dea115f7084ec7e869,d73474ce70bae7f6f5145489f52e6049aa316d83
fd423bad4f761c31ac32648891dc0f1c23a61abc48ed06c8d097395f42ac3f53e03157b1f9baf4762a8387235d75bc4625fa1399d89c0b13592c354fa480af5dca9ace4d51654adb71ff7a5121cb5adcc34326d09b536afdf2f3dd45e657d228c34d426246a6a5fc3feffed6d049126777b8b7e356c0c3cc370eea790c091e8ca9069c0c09f9b14858ee01a0119298c5741b91dd8fc9b1c443f8a4476c3bf5ca,250c4f8fb32362524656c6515be9663123908249
4a2ae852141524cca6d4605fdb9bc1d2c6c9001d7d2cd85afc59ac376103bd9a976dc0a6e081b47c5139dbae14a5b21756a67c7358aef8a128a63053af59a0e09edcce95acc5876b72696e8df8ed4fc0c60e9cb91735093eaab242aef874ffc3,84de906d134cba511696e59af166d6fd848fea67
3965847ba54e9dcf6bb19973e04eb8b686440f0f430540b5005d51008f194cf1a2f03fe900b526256974061e0c280fe7d9c56f0963e86863194272f305c7fa8070d097e8ccf7fb49721480e6f335c552bde5bc8029d1c8a7691636037b02fa46,a45554f2c1c2375444cc12817a81ffd56d9dccf1
80ead6f9ff310214925f8e3f26a316cda78a03bab958ac7b1aa8e40a5764952c824dd9a26200c23b52165f2d12b57bd1606bf5867ad23bbacb669842e911303dc53e0cab7b2eafbe9629aa42ea8194926b7809c7c8df8cf4e219760e5420479a,c3b98e74cdd4b14e9ec5cc739c8a4abfee37b310
ff2dc575f61c5baa1e40e734fef759d40c2075c4d3bb9537d242336c69c810c655cd75fc03770f90dd79a273be5910ab51b30e3a93a5811d823c6ab16d30129828ae3fb1140c6caee6aabdcf6bfeb6b91e84a0f7bf405f12fdb0b27e96aec3a3,7d14057ce5b22212b1b2c41fc3df8edd05bf4ddd
6e5b56690bbb4bfc0df1b48a612246ff5c629743c87b483bc32ca79a497c457659e6c83bf6a8ff1b590bc268af5ee5c28a9fc747814d8353e38a4e752da38921c4f412ea759dac4f7668c49ba4ce262535e75f7a76780240aeec2225f3f8fcb0,2da201edb6d159c8b2e3c12d5fd42e66c0c32f7c
7871bc92f2e95be9944afdb7c22830a068957a1b9b4fbb02ec1f91d7434201500b7229519ac4fee5662bdf41479b816f324274629dee1e95802ef5335f6f6b538f3c2c124e838fdf6cab189c76d686db8b4175d745e5ce43d2c120a4038b44ff,8f3a195f43a64eeca0a95f4fb318a86b29e7a184
fe937fb1dee21810b49e7928bd610d0ba6d9e36084005929cb03148c1a620b52a4098340cfe20c8f19e39cda30bb77830f22ceff406acf004f68041e85cc1adb97a8a44fa20cb7f53c07e0001efbd6ffda73ea2d880456d0cf3140c43f80e575,0c6f7866b7c69f28bfae8f0d310dd0b19c246dec
a46b53dd4e5729244467376368012bf196ed77cfe65e7c2620d591b15135d0e4f6e4e4205b225e600d42c16e909a84c1568285c350c8a03dc980ff745232609afbcc57d7ba21b40d52fa682fc4fd61416416916189ed5ae920e61152848cc82f,38ac59cb63e7bb00bf8481f38419dd6937b9cd06
6d916688e8aa3b3820c2f5d30ed12ad6953ebff17bf42d09d45dc88f57da8fee55af11750d613e6daf3f25df51cd0154ace0cf23bdba3c14b09932215ce5696771a62e16bb59f562042e275e84e9ac439874a734efd8f4922ce2f9df51e1f024,4044194597c91de7ff1370e7286a73e532d4bec6
515b83120c1d961ca914b6dc4e697eceddca18fd87c01c0cc538e48cd9ba162148079236b30918aa82d708329187a49ecddf92357a9204e1dc9e6f829d4ea19c490eae8d8f566af5295b98ebdd6308a1817080bf95672abd9f97d8c7c9bd5d52,81f1aeceafdab14368a4664c755772002646d567
2d2aab7df84ef838102a6a048d5192d4018d18ab4316dcb3f6d4f3be96170f91d415b93331b0c365c9e42e7a4d447ab90865725de4ffeaf252ef999f4bbefb6f17c6ab2a1e512e8b5db66f0b2118e9863c7fe07a4cba0a3a34215690ff79f81d,5f7143d72c6e5680476224361bd19efa01bb84b1
524e56ba0e84ebc37e950f6f97f2b3b2d350f49c246b8075f6cfefc2a16ea609a43f27358a64302a13c87d984b527df66308fe5d946b6cf229122caa6aac71c16177e03e7c107119befdb3cba876af1f5cde66ee5e6c99865fafbc7d2123cf68,0fccbe00db7bdd8d3c3fcb3dfe93b9079464be3d
2273f437b16af223486fb2daa9c5d9a0d96a83d8e99c3506972ccb7546e7e5e87afe0489b070dd42e4ee0aa1f5f93cb7c49b6d65b0c9b2cbac0f9d89c7c589b55fed4e7bd3d62e6d9ca6a65f02834d2b01c5469e859746827387b5a385982011,7960f4fe3dd95fe6a3d0de4a55f01de914337bf7
6df177a76af98d68e8e9139587d635380fdfd9341e69e3e4f0b3db3adca9b74a53b9d07c072931b6a7471d4b4c0d56ecdf2285dcc73a6011402dd69db9128e786b5f1696bb7e617a40a36a6fa65e57a7faa88195d2266d8bc0f713a1f7612ad5,e3892cab22703e87f18aa56f267ac0bb6a76b529
