5bf2dd2c67986125afc71da056cb53a75b45b73a67550c26d32d869dcb13443442824961de1af33220eb7390ef2d40f3a795b58647cb837563428bc50a050901dd8a6ee877e1568543e107dec7a93943,cb988831bbd1a2b64f1b1817311f1487a4aff945c0a51c3922706de2a27c79c92c7742c416d6caebdb80f0617bb5ca2618b04b6f967d2bf0fe37739103f87ff578c833a8dd2a518b752686f9da69cef0d58a63465fdb29a89d1421ee7c3f89d3799a478758e67a2c9a5b2dedc1c6b83b7df1270a1fa7bc52fe9aac07029c9ece
e69e2fc7ebab26f3f3f71e6e89f213f131b4ed9c5e6ccf26c1e9c30836fe9e38f2a755c1ce6cc03d17211295be0973077c3ac5b7906fb17477fc53ca691ad102521135d1eb37272421e92f6c332b2bda,82d58c197759eda48140e7eb5395f2e71a99b92f0344305ca0f619b424d127067b9004cf16b7f6011fe226e0ed6b6a2c77a537260c200a3392ab1c8f05dc236bad03209fc4b8cfafcac0ae2fbf001a6162e6c9b5de06be00b2927a6b19f7edf9e84783c412bd607abe877bdcb869da541bf012a1371f4a49629fd0532b054b33
06db30ec870c0702fdd494c55a29bd4bb8759a146a93b3ff4ff9ebcb5e57ab17996f091b6862eb0b1b2082812f27a64e796900575d69e84aca73aaef17c997336b4a93aea0ceeb37499327674ba1dada,74e10ace671833a7f19577a975804d8b04e1b72b2a1de37088a7b3c8a89c45510ab229f115cca30bc389a2131118a4eec4c34e709299e2d9aefeff2582f8bf961263659466a209ed482787301f2c68339f475f73a139e5cb1ea3495e171fcb56181645e3a852e75bd08988b9a60341fbc5eaf7a6752c9d5d5f249bddb2bb5cf6
e13fd27c81ec5db60684127a70d7cf8616f7ee6171fea02d46fbf70994aa236932978e12fdf507f1376f773f58b256850cfcf8ae61a4704e54c591291474495c7167f4008528b3675de15649d9f0a09b,50848e07b154ceb6e4686762e1302063c6952969fdbb6a542478217089d474e8a70f29a4970100f1e1deea7f6761e7bc96a64f3a71f472722fc3bea5ff70a56f6711a78db32088d313f34d0ddd16d1342f981b80f3a736dd70aa9224aed5eaf41acf1d471c312ac96524df06d4d268462a5447c625a27fa0e5561e0b549ed308
1ddd78f9f8bbe7b5ab0a338e49489db2d407f7a3de79fbc1d5af743d398bae4939a3e48238c05bfa9f85f9c8d9651584610ca8ff7dd2d7587820918eac1e96531dd9960eccfd3041c7c95add4a254198,a58c594efd82d7e00db05959650ff573296dce4f117108def17b03c9819bab6842440a5d0d8251c219f5b41e1e074a5316115c714481c8fd8a3756746c72d67b2e2d3fbb9d2c0bafbf3da358102ea5f4125106cdbc8e6ee6f20d822479f661737b9e0e821c2c707352b102d1a8f644b7d7d2bbd372206ffa159ca48ea928fac
fb7e1d9e0e99f28be162da4e0e36d75ea411ff9ec7756b00682bbd410b710f2523c5c9758f6916b9e6fb752072a125ccf64cd3200325271b1c87a4c835817afd766eb9c1f2671e0b6d9c2831f86997ff,2af974ee934a75ae0d1b4baa5c64cc52f1228780c1b860bc0fa717d91f45a0fe0cc96c71b4be12172205f07a69e9dcd5e39b0fca1baf957899a2405499a148bc84c9249c2e613a8dde82e2055d119028cf4bc0e8330c426b788d0c2756a4f3b69c83fd2c0a6dc811e25e2e92f466c958f92bfb9075ca44f50ddddacec56f3cb5
66c7a82646d822a84d94183e1446c200a717bbe2ec1b57aacbc5efd7a54fd2eea6c3bc697306578e65c22cc295f6ff05920dc18bcc3feff18147aac68885282764fd916142c2ef950d1ee419aed668df,519bb8114afb2c877fbfc218db4e486e239635819424c10d5ca69c23e7dfe15ed51d15a3b371643320ddafe9533d8e9e68352048c4398df388fccd7e352f699447c5a4bbe23c3f8188eb9ef8129f3aec6c3bc50945cdb5e2dcb531e07ee2aa3402a58982dcf3d74d7d8883855ac31d868fc970460af644bde58b88bbef36997
ebe2cb4cfd7c5a5d445eeed31a2f9a84206da0380fb9e33ff3d2496d48ad43b32adb9e0386bacb5602f9e5ef255968b30e95388a3027ebb5c84f6341025403839f9bbb0c7ba2cfb5039bc8b6ab94d41c,3735aadebf9fa8082acd01a9259552ce22b2d66f76268ac9aed4fb8b5d8ad1dee4fca3d3ac5944a053012d9889e34e9b4d6932c384605797e47827a56dd7cd439611c9684c3f8eb717b0273df4214230c0ff65c4de3d41a1e8a67bfadec945f9e81155aedf7af559e00591856db57acf3338b47786200b1e5df4c46d4ea7605
a7eff2813f1434a68f6c6e6274b79e7c577a40cdde72f445410be01deec7ff1138d57496aa4cb103c61c115b4b1a953bcf1dcf13c7b71546279a825c4490386565f609a3d32ddd75159801b63973e296,4cb92c6323afa5f71dfb043fe7cd4a9a88bb9068e660c1190954620e4e3309bc7eaaf983f1bd5fb71241ff486a337385f81b049d7ce27861d37c526cef01d5e309afb238612b5f48c05650941e203fbf146a462a9d91d48942aa2766a492edb2121cc04f1f8bd0ac979a8e98cd49bb3bf9aaf1872dae336c271ef27b83a0f399
6473be130e27236397d5316af2f1d92ebd414083e237360ec6f7a5399556830cfeeb7d36ecb62ffb881eb36e234d2853472848e6fffaf51c6b6d2c08c52a84f4ef8073c143ce78bd419b64fe9c9a9d0b,13727943b3c1ac2d62bc4220442226b6b874676e27888af2616d29e81f1ba9f21b815f1e2ae9a80b5e5f6c2f1245ff98f127c9573e1b5bfd7b4842b78e69ef457080cf20ffaf4a19be008a88885212529cd37bc081fe71f472081d4e47f548421ad0955f76169547af0724f7f8e56ea72c7f18db7910727abdb1135c13fcd86e
2943056a1c62a0156c5846a0becca89f0a1f7306f71d94cd155ff2fc3a17729b3892535f82ed734b269a5106ca9a9d09279c57e3405929d2c06769c9f635b24a5176ae20fc0dad3482739f03f8b22052,5438c25417aca5f8542046a9326d2f1dbf01eb13774a015471d928e8a5761055f893cb6cfe42cbba212b0dcec7903fb4553ca05d4063bb7143dc9c10ce3865c863abb08867de2707057edc3e13efe9de8217c80dd5b7bb6d20c8bc4277ff84221b6c59d62092549d395d5c62003a30f220298ba65f43c7a3399c104951a366ed
72ca30669cce87c284bebbde995c0976bae6310ed6c1ffac5d07dfb09a0af67fd1f1262417c4a96ef77bb16b986f4f322a0ce1c69eda28194e972ebf4b57718b036e84d01024b0b34d4ca806a5ce9087,c45efe971a539022fbdb1bfd8a486f70197d13f1ed26ddd13f113587f02130cfd6309c294721e36d0f655e2932dc1447fab03b18e04a914b44d997c01edb14aa2905cd3c5bb7a5c1fa909b6beff0a5d62e79af5b777b87c92b7ed7e4aa1f0746bc95450d47d200252c48ef08a500ed652d1bb4877e97844297b5a8fd279694df
25f0a14039b6eae8252912c0c78941b9b9ae69cdc08c7be2df708fdf9d41b2609821cc5a71f13940c8584f81391f30c51df114287e0bc7bb1949d5f3cd84cbd7b14c78220d2702cce7520ef2fe9d4975,1f240cf285a8b77ea99cfd640e5f1111ca14905b0e2187db70c2f28efcf8f8462fd948ae2c729bc255195961e304811b63e1a403b556d0aad0676560fc9b60a578dddc96143f634a4c61aa467058a70b6e152b3f4498424a7569cf06d6ee81079a1bf752b9f028173da0b31ada52eebdee1de70ecec295d9144cb04900a170bd
91c636d66d06bc28b18123816d7670fd58a9d183f0b2f9e41e2a59b36814f157eb78f7ed6fb1ce6407683310c404187a6cab39dc131593e50c4cbdd63fb980a9d340c9041c21bc361a69ec39cc1e44bc,c40aa63665ddff85fb7234b6a49dfb862907da052c06b894174f021595832812a0877b418be05ef4198f9af3e5a8bc9e476c7d8fffe09b061d73016b8e09ec997a22049c2e6a094aeda2a95ec0afc7ac97dbb5fd665dcd5e0a9b2eb7d2ca9118db3b1227d680d06057a7186b56daf279fd2e00da345bfafe082e81572f816be3
36beebf0794cada0396896c23a8bf22651467774ea5b8b44efe552749bc4be94ccc7b02d3a807a372411dfd35ffc4fc469b24d1f14b2349af0956e2be2a09b5c09b5a5e0f851e41632dadf0742b1de87,3dbf57454589121e825e028c335c0ce22055c8f24e7fbe1575345692554855adf71a22c98f97347ea3bdc0744da83fa85fc63db84542327fe04e4f0f46e9c2475d759afa694a98541020ba68157d95020424c7211e0ffc2073bd4642fb0e727aaef659f056feeaefb5c021f1a86da6c8f6e0c53c488d906675faa7b06d110e2f
59cc16d434c78e432552694b19e569770e730470b8de975a69260a9c75c1275a988f1dd14754c570e49e240d0a83bc457c1a7d5c0f02fb8ad27e9c1bf45b0183ad90f2ac0e2b0002b30f7eb078e6f44c,aa5dc362219e1523964fcc9ad113550e5765ff9d7673eb6d628d7664f73c61f0c1881c93a9c30e9cfeaa42554ae86157ec1773db16cae10c7b604099c0a773c135f8a51a1829cdd60f79072ce94adad272122c42aac512c657937978c680607bb2d01fb2825ee159ee002f758657d5fcbd961860166e61d7e4b2029e45c36987
8549ad6ff10e12a73a6338cc259d995ff114176661f9da294b30d4d0eae005a1db62032dd32e4f2ab0b3d2a1c420e2c7ff2a9f6e3a8f5504cf4476fe0e83d564baf1a7ec86778fca4d16d28ed647bb11,9c39eb6207f880ab6be35915802913162ce2e2834d91f1fe4e1c443cbf14ac9e8dca0f6cdfe8144b45ac57a4e6c41e3409327b4714fda415220752aba9e889d2a13a0ae47141ef1b54c71adcbf95d637cae77095faf1d3b49621332f08191b741e264b28503921133775a3903dd5b52ba779e173b0f844ce8ba0d35ccdd5ca4d
249025c4ff6da1cbdc506c2be0ee8cf3909921fdf4ff10bb3f55d59efc090bc9c23cc8f51f1e2d4f6eac748848f1e3dd7828b7ad799bb2ddd94cda2d95ece339dd66cebd05fb58de74697d94bf70ead2,993c1cf5c5408c79f2fa961f6388ad0e896ee3e6e3e4d40acb72594e7bd105a1e06ea2892296d141e233db18dcfba7294b40d8bd8b191b8c5f6dbfca256a6f90e065ffa0b32ed145e065efb14de32935393b7982cc36535f0b3bd035aa0bd509b3ac67db90d8945200d46e601a89684f7ed1066910bcf1d2237d3f3ce0a8a604
f36f6138af23c59937b94015349eac646cb4232daffbdd2c9eb2924f858957a767b6d3d2cccc45be1ba71f6e8fee751dd0f09d38df3e1df7d2626259fa849afce8495cb2019c6341dc6d593d35a921d1,1109869f145ee7eb6dd7ba6c92f5007b5d786c0490429120f48ea459991c867182b8664bc878cc3c7eec12cfc7339e4f79c38104cb7b367a34813ea703e9106facf4a87325df134df4f9e44deec94285c36d8967bbf09fe35a130213daec9bdbd3275067f6d2570fedd7018fdc0587e2e5e006a0d5e98457c2acb7441baf0f50
a898e6161ce22920c482d82ca297a386b3096032d5bf162673156ffdafa5f327d8a7a8607562baa7fc763b0fb9423f3c8ede8f1e7303ad5ad260d705d58179dcda38bcf665cfa404e59626ae4d6b096f,53c7e2969ad94ea8bb4de7a639c6b6f83dfdfcc9462038e02476024a09c667e1d5b4a31e0f9bfaae0524ac5b893ee5f35cde9bcf5f08d9535e99372d74624d8d5c03387e5ea1636e86b5747446560dd54ba3773da70b08040d54d26db8bc2b260b4f4643387864a56c5e48560a99a0ea9e6f207d61dc09b09e31dc2f266711a0
3dd25d052a36e09aa30e5f7ff4bbdc051dc54b8a700f9ce12de34522647e0827eef1b7fa21cc9c87e82cec2b7c3d3d4d8588dddb87e4ad3ba6283bb8be2882d6b538e1d53366a5b750f7641a4ff8c12e,7a8524f5be140a1d2b57d53d53300d489612e24c438f3d590d08d956efbc477ee563fb834cb5cc6c313042d7ebf69d7e8bc8c1ddf5a11193b67a77ebf3b3d51d88d69160ec38753ed8b2999ee7ba117e6206f000867c9172d852e0e9c287181a55bb604a09243314ad81cbc9cc3e1e9cb071122fb3e11fb907c096e929085b8a
60dffa4e9eb27236d0d4dc30246d254dba4f19eeaf437cebbf14268b26183bd8fd669f490525a502554045b90ffcb0dbfc150de396d659d9085e362c84dc83c742c73037003452420a560a60dd4e2456,8804102adbcde121e7ad071c76277554e69a5ae3b0c9f001282a7ca3b13782ea11e811d0c2845e48a981243d12a659f2a8927d471b16e2606ff8c3129913e9b5d679d97b59c08e0f6b4bfc53ba1d9e3cfc8fd8a2c60022a2c8bf56a9c3149d0adbd7147237db07988e2e48f213c4d986c5fb08a4b173e1158fc56ee142fc67e3
02e992b521169406b8f342175887f39a20eae0375fa7cdc828ea73120b518ab863bb04a748c804d2e48cf2447612a9c58fcbf449de28a96fd959047c97f6998ce53bdf990bbbb7495cc443319e1c503c,4883badf1e594e702ab114af24ad0a6129de325246d3e858b3163c704ce66d96d7ba685bc6ad8068063e7256ee25acefc20f36994f5dc2102cf0ab3758c5678f41c3ecf3ebc7127ce4c7793df4716a16e512967174fa0d8d7224d685a9050a8db615753f4e4b75686b0edc67dbebe592cda4c0316fbc922df20b48b642517cc7
d541e6408f196739dae40eab91a80857eedb7b523fef507143a3ff346ca33a27e0d49798666e19e1975c67e0e400e1e8abf94a7ad47442591d28f272379e3007adc078733d04c4870932d6eb65b278c6,6ae50ae4cb849b91e8c58de866948ccbeb32bfeacf0222ddd1927d0b9c32a25abbc49a51e5de84744674351d635734e4449b611531a469e5d84ce5cf36b4893922deeb9d6291fd76fdf053760461f801e7ffba0cfc67356694c1dc6871da345389e351148c2039a5e44a2dabddd8eb6002fd43e023e96299b9077f9a1411c453
8d0f28aa5a6ba1a60ebf3e9e3715ffbf5c18f052afe9b7d6af638d342013a6d007584d790feff5573eea10304339033ddfb7b4b79d6d23caf4641d01f0d4d46c5e8d42101e546d042c41433fed6aef72,6e73fb4b6a3bbed0e5a564ec71c07f81b7e4e6111a7b65150880cb52b8ac5ed42c8e7da9462a02416f15141ad4ad736bdc0bb791220582e1f6aa35e88b62e4a64af24483c233fa1677f86a222b7654259ae591c9090de4cd5d428628e6426481ee4c3a3294375164401d68b5766e177039f071189e47b6421481968c8fce762
e12ed477f237fe1c2121607a487382c5dbcda0bb03b742f70c738b835705c1154939fcd936aac4de22b53ccdfc089e5240309f8ccbaeb0dd1a8e7410ae5f2e3031d554c4d8170da6d2dba132508c248d,fb2047f63db749c742a7a845ea8204609173f0e0355b53b8923453e927c2a7d7a0a3e14ae21969e466d54d0033b112e16b47aee5c4dd2c161ea1003dacdff303471cb855e62e442bb62a032fd02e7f2fe50b758f68043d9931aa26a03352c4dd565434a05d751d814adc77577be6c46489b4a5242fbfd653a9e66ce2c89fac7
3270fe602c8697e302f79d01879c3e824e9a9f1f7aa4d70b5517de72e4b8fa20a1452c73601b073530593823511e69c8cef1762d3d837c01488f239f74d16aefe2c7d92b06f28dfd758fb4c3ddc43a25,b8189f75b8387ea017c4440a03b781379c0d6c63dbcee928a45ef2fb62a07bb1665b0cb478ee07b8c959f12f399a232aedfbda9deb2820472de6c2bc220d066c7fe3bfab9a43105daffb7908fc9dfa94da67329cfbd84f9c0d3c9bb621eb5b4a4aa87bbcefcb17463ecf76296d6a089f4f4473d25224396e13abdebeca7ebeca
18aaa86ab936b8a9f342b7859f0dd3a29d9dd4a39ed96002dad3a9e3e329834ea332d18530f5e201cd4367c5f331c8ddcd4f084f2bea2c1f4f116cca7afa5d7c248b7ab4bba18d65f2fb047a1746df93,8d86881eb496fe6d3b5e0fbf5b5b53db178ccb1d0c36d3c0808c7e2eddef6a320930a803e761fb6ec4cdf38a4297afe35bd2a02bfe75f31dad001c616382a8f17126272a6a2cbdde7b935ba1d43c3a287307d78505f7f2f94342d37f8eef9578ca4197c5ad01f11335f8b5dedcb70919be89cec47df6102f0cb918f60e8afc3a
3a6e75d835b587a1bfd82fca45a87e89052fc930325c5f196b6e916ea4dadddc649d049aa822e812c62bda7771b91cec89169a3d591e3744a1b548c0bb84d034697d980d7be5c512aa7a8a32f24f1d79,4023f567df7692b89fae09841dd017d95e6ee7d97c286ff741a5138df37fac5c74c371fc2ec8d659be9ea5ee2b961de598ef8f8335896b2b9b99085d49d85f9143df84cf1298b9ccd2adeb562e4e33cbe2dbedbd1e00fda2427baf70d0681e81bb6733a99df793838546856fa00fe004b098edd370af9034270930d39d0fcfbb
f9fbf4ac079ce3c661771984f88959b49f7cb8bfa9a49129fcd9cbebdde84f15dad273cb514e8bd65acab118e0d17c77fe0216add8021c4a76a4bb90f6ce1a7e1e25d013f43c3745bd8b079dd138bdf6,cb624e31353c82b0de7a2d5594f067f95418201271e4d2440496e88112d04a565f2ddde256b43ae3c08b1cd158f297d6ffcff6d2c4e09179ac977930cf31a439808105348025511cb5324f8646dbf2241d167fb139736225272c7514a77537551e148358a17412261405f9b1067c63c2fe497450448d9095233d29ad5f046889
ac0a502619a3456590fde39a22f207c331a1ae2962b99b95fae2fa99b25343fccc66667a6ace1ec5de2f2ae4e5e67460ec56b31ce30905de19b2120a36bb55ab158bd70b918a7c6dc20f609fdbfd67cb,7f6d028677cf285ac550ae6685f09366a59ca00d595b14039fa5be7eafef357a1d8ad3003b2d8832cbc0ece25598bf331a805929eb5947c4bf9c33cf1d34212c49244de4f32c4b645ff7378fd6a105cf931da2403e8f70856239bc8267757e0ea5f92cc3d90415e54f1ad3335fb3869921f34b5818d9b42a17e3c1bdde24a130
945cb862479390644ca340299918d7304c6db99244438d8a5cd4db0ae8d80f5acdab0660fc3570a5ae353df34892af0137f98e068f4f322f2cbe41b8aa7ac9ea3acc10a65b9ede7bbca4bd6f5e64a78b,79a21f61b82f19a2668762e0ac7a64370b1e21ba2769ae8730f20ef73836abf32d5715bbc342638ee1dda9ca2e1189eae6fc3325e0ea33300764a8466cb2d6c59dd1153481c7cad42b949b1a271ed85447d24266f7f36cfeb2cc42ebf0f3a848ea898865170d28c9673ee15847b97116f6508b9768e5d6511e579ff158f6c286
bf08ce9605923dca8999e549e3b18030e3dd894bd9077ff5d1dd6a876330fdcebb98e53f20e81a824c6d033b1d9b7a5f6de7cbf26aff956f18794b7a37ba1712e6042c4187aecb6e5fbcd7b8d40bea64,24a08f78d8dc4de186df32970b24550ff087394240c9b71f7c5133f44d1ccb8dc49c3f156517f02dc31bf42bf24cc72bbbb9ae2a7c213d08d11c441f21be1cfde6b7a60c66d3d25cca05fd3c146d8e52f6b1cd48f1b4e46d239073fe4b96956fcfc96cdbf51bb670c01fe5f14e1f0e63855c6cbb74185dc41b56ae4336ad9c27
df82be3347debf91965285f3fa74e0300c082b939724c41d43ddbdb2237a31e164a5d4ffeb1c341a3a5b67f13d338d2f557a0a695db6338f4a2a6a3023df98b9e48b741ebc785692a5aa4d680b680da9,6f422ff5eb5b06ff089a286c246386a407d528971ff43e0703709910a46715448f248de54512800102d010fe2b44739522410254a0d9b3c462758764b39974ff277010eeb3addb62a1fe24cc5fd631fa20031f703389cec0b5e21f7a6e10f758bd06c4397b8cbf4c03e85d93f635b4cee712fb5467ea938bd562a4188e11fd6e
a9b70401aac5a40a5fd8ab9584c8906813a711342960f69d4d9d85b4ae4a15aa8a5017844e4857f39adfef742120a7398b0151d509d3e0dc4efda7b5451014e15032a19729740e4b22f7ee919b868fe2,885536c203d3c3538024d2f8d726269a71ada4cabed6176361a1e2fc609dc34ffb1fec8c6d1020b071dfe2e9f4d0a2a00cc52a9b3b2114298aee6dd72cb10df9eeebd6d9c27bbd3a108aa252df79184775facf372760cde8857c9904e7234d17262605f8332f9a0a23f632d435922f39ce7d2632c15b2f9b559cc406652b31e9
86fb2a6a4be4b7576e0c42f0463b0b764ae40dd0c65ec74dbf18a5ff37bd5aaeb73126c7cfe294208dafedc4c3a39e863063c75ad3691bc63c36cbeb96f9a0086168ec52eac89b0e03fd34a7278ce218,c8935f5753214cbe73db0126d70fda7f3fe22d2bc2123210e6bbdce0129b09ba65aa69c461119112b154d97618d85fc4117a39de1b1ada0735df4c1e39e09fd26b9f92f9261d4e2abf57c52e9349812ef54e42f21be97fc4cd20c2f19c27e948de19260802b29aa303d60347fad10167fa7ff72ae27135257a03a5ca0121354f
022a54dd44dcc04dcf347be7726c4222837e1540bc5398df76b067e19f44b4a3f97eb643c41fee614a9f7dc8fda7a2cefbc8878db0d5b81e6ebca02a5ed65a0f2d3a35d3e5cb80362e15219fede09692,684c96aedc37ea9f23f004be6c4822a30b0798591eccb61f32fd9d11e61d15a20f9eb5f08f5357fd74584716e6e7516e5e7aec82bdaef245f9ff341333b704b5dbd1be3ce2a1b4b8cbbb5689abf03f520846f03dd0e20590fb71f12b8dc80218acc1e4e4a9341a8f6dc5248e2df411fe816def8345fe0b18e1b1b7cfbb7e0a96
d66061491d2bbd32b1f5a56a6635869004788cc2c667b385da01a8fc5e1d4d34d9ddc41be9e8e19bc22435152aa42e6ba82493c949a357123b7f605a563b7aecb94b0303dc3e4e44fcbdd2aa7b1b0d63,c0b2fd04996503dfa24b307547e07e23e269affe76f791344b01218621bf7bfeebacbe13bc43bb7b25b88c85492f10128b4c3bff9e3971b370aaf2dd1275f47d3e0479d379762ab5b119f0e332f8c37ff7d5adf44665ecbc52abf8fdb5a5ea46b6530d351cfc3b5103d8ec5223a9b68db25dc1d7d6a4eee32d1b9cc1efcb6025
11f82387ec9c81b45c8cb3d07413d21066dfba4b117ad6d8e7e38be6ac0ff83cbc3d33c6ba430748198e4e24d9d53d6c8cf1f4b78b9db6ba96d50651a50f650889e490880677d484b448cce3dd07b855,4b62c2ad8399f0a84a784b61d6a6ca2e4b2dc157e8e89bdf0cb59c20a7749c09a65ef7d1f68159beef047d4232c2b7b669dfecd31bfad2db6bd74a6c2723d21bdcec9edaa85a74e0609a00e581afb55b1ffcbfd1a615b95db01891e299d126db9d97d0268fb35a485c0d278b99a7eb4a274231ef7cf262c95a9d2fa215249454
b91dc1e85efa6387dc82bbfcfbf17901f302edce2c3f734c93d9513a396ccc9d21c5a01fec48296ad8c544d3be7fa829b1b4ba5aaf0546b5c963f5f43ca984fa31e6251b782dd6f9837ad1cfe8567c28,b1fa7361e422f0858e8bbda5188bb83fffa5ae0487a87d0520f3cf96517ac79953f3090b2a61672a6b5e60f5f395883953f32649ad5ee48623777b41afd392b5728b9d6b354c838b929cd56cc9619b0b748d3ff4a4a514bc881db6e976f3fc958eb65b5c3593d884b34bede26f5497f8e8073af3eee20704da055160a9a46884
e8e5e71c4fc3ae95dc8625fa73f45b2a1dc21a8c8ca4ddab5b92144017f3f50d5eee76a629ff13b5b204e87c106b1f2645f721e5e3b42bcd89152f418f9ed2ae71e21990bbc15419c28260b447824476,6f7d078ae24d27354fb189ae64b349eacd8f50d824efe7c08f9eadf6fac22ee80b25505bceade98ce7d48d02d12573318372cc673479d040ebc80d0fcfc312c4c883e8061c8b8f780bbf2fd39f62abde4c317a01478aedab6b3925f09c60d013dfee528d950d07819a453345c924ef3a33cd630234c473cd26f89d18b390d4c8
760b93336c8c0241e6f1daef0a6c3e109ccd48080b0afed5b372caed0a692ae856862568145e28f264b32d5c2f744c8e1211689edbaf12bbce5826be12f53635e54bba4282f4fb620cc75908da9125fd,b17128d2e94c5a2212822bad1f41056821a6ca4f39b39086067d8ad5321b7187a8a5a18adbc54a7fc2a6d2bfe48296f60efb4a89d36c6b7e3e72a0d831aa22e56692089be84f9ff5cdd6a087fa987df802fd2be4136000c5d52590e4f2b1a3b317508eedabc096bc33b9ffd0e6c313b76cd7200bd7cf0ae8dfb05105faafe569
4f59149070391526b68292e21ac54714c89de09d8accbf59bbaf408c56ff597e0fb14f77fb8b91fe3a14d04702a89392198d5012c5eca23063ff31fcd1f36a29c98047533d1f44c8e5abd811cf34fafb,833a1d0a89618b9b69c7876aaa47465557fc15f07300075760e168136d692700801a85bf2734917eba0bf7d211e7aad9af6204bc63272451f3a17fb6482b78281878a0774ec1d1c08a7c20f6eaa2ba571a8f8d2b2e10967813d8475f8f38d88047f591b7ffccd122bfae79cbc34534e1751fecf025db1dfeee94fb99c8e470f7
24fccb08497ab9398ef41910ef1002d8eb2dc8c3aca6369038153cc223730b1674ae25f5af7ccffb79a45d53ea1b0cb38b4e10b10f11517cbcbe6edb824193a5a6c6c49eb7545a086eee563a4e18d7f7,650f1a464b52f3a508dd833bba8d35a023b025f88225b1219f3a09bde05046165b91ce7a51a29f89a90a89e21886bf9370b28552dd0d4d16113b995f37a9e5344e9075896459b32dca8ad8b95a2ec4c7c1cd5cf80468b7f44dcb74633815edf01a783a7cc4e064e275b39d57740b0924b8a40c760329c4364c5fd2e3e9e33769
0d1dedddaff50a089e9b26e800057693d1e5342724585e4d5f685b190cbb805159591ff9febff2b56cb080d1285d29663c73dd29d1b8c0cb7e7fcfafa7dfdb40b8b96a35a87524d18e1866a6ede7840b,89360e3d73f947fed3091364380d823ca92eef02a1b8818062391f76abde6c38d1a0a0282dd5cf29938cfc434bcb2f5a19359540cd6cac27aee07d115f70f6eee2a111be857052142eb2c471518c693de9e425a530607bf841e0822021cbc19ccd7e202409dbae465f3a2b88235d2ff5e248e3ced734ee361e7be6c6bc7cae56
99b2c96536096c7e7d1c9cf46fa7275f01b4677ccffae935c46b5197f5f1a27328e2f61905da07fa90b511ef9ee20d59f000b3c0e70bfa5bf960bf5a970b3a9b67efbdcb4a0054e867ebf9355f1fdbc0,33c57072c3330c1e0711c0fdb3eb05cb92de833acaa1665512444ffc24aedd3a0711794995a23678c58db2e6e3d25ee9e5749797b0e0524e1ad0709c7702dc99075320de6b7248a554ef0951f05cd2e2615706d8990bd54563c9b733bd90d433e14734e40d24dc941d2a5a22abbe16dfb5cd62723eae047cb8e597e5ed717a87
fb2a819b8590b0ad9c0be4bc2e02bb7dc90e37436a87c1086de1f8299411daf5bb82def9d20808a0ac755fc992825b773ab866d3b0df2f2256531bcd70866cf2926e548b8f61207b3489ba1f26076c19,4839b6feac718e9cb1c35a40978b883069854c9efc517d75be617e6258f2be70fa0cbf57f416e93df2bfe88f8077793b6835a32c978328d65ea5a7ce2bc1d9304791048e67092738957793c1105bb9b3ee3d1f1f007a39eb944dde77f849ae8d1f042f8e1879a78c53b739e2050a317f83cd6dba0d3b759790a951c51d6677c4
52606d40866f2ee5b59e77b6a6ffd1e61907273a69fd46b25b0b9551a16fe5c0bcf2b101338a4a898bc5a0a9d31738b9811ea4910b04f1713229b392e734611713cff833f54263ed0faf90104ecb876c,5b2c27e2168ce99e884d8a7d2253928b1c5d16a47afd3a691a92cf31882aa3bd0ab3f2eb06ba019115a22f6abceed96e0aa9f7e7becdebd3a5cf08dd77d434566a1e0cf352a68a80790514493e8c1dc8a73d632254e6870320455b9ea1a5d50060984fed13afaf2c20f61d4d206ca400f825af45d08dd29188187800035a978a
df54826468353d2da13f063f1189f1778dd8c9672e4dc4b4e8aeb83602f0f21cd086b28285495b0702ccb325a8264a11cec3e15189c5cef3228b8ab7b862a8e32a3e0fb9b01907fd233384fe65fd4666,59542b5b2e8b5c7735439d88dba7606258d0790ebc798ee2c72360dab49f1582b92ec27ff48f49a83291df2e8d9a94af1cf508153d79456bbb64384327b2853073fd5f80d905e7888bdb116154336753c5f33756a12cb706527ca0a211579e719c8071f866fdfb9b5e59571d39b66c6e438bd191283116228886e340950d3d72
c64c439d688dd8863d5c40e88a5868a3c34f1fadb9370d7233c4a0ad6f304efd87452bb6ed5ddaf57b36e82ccf3bb73ec586f147be0403bc33e01aaa9026af0dc12352246941c717614ae485bd6ed55f,7da3358102ff9c013ea5a663ce2945ce8ba4113d7a7e8d6ce2bfadce9f3bdee948c4b6721637424d0e46716a18591d6dde6444d06e21392a19fdec7d4c2cb042807d7899517fd8939580662f054239afdca1aa1ca15044698177fd7d6b88eb82f8dd60810b073a8ed5fc9dbdbefa05dc682915f26a528e2dad93d449b491658
c605e05ffa46c6c99468835e103b03e7cd7481281ff6ce5740badad992d56d705bf0207720e53515b3862a948da2f8bf1d943cc3118b136c62a7db88f9b5e377381e6e68f8534c0af6f8a269719a0d10,a16a2615045c02570a14e50595651e95a52c7a388c92d9bb61b217de0b3f25ddf40a058736a76894da9b32369227c024d4c903935d52891aad87a0833608411e961b4299c3d38ca31a814816b1d9fa61645316e21c3cc0c676c60aa4bae433fe3885d3df42b4115dda6f4fc0cc904c6bf4bb6f4c7e16ac4b91c463dce231befd
0268d36e0efb3ef3a273ea8751bb9047ac06e15f483b03e30d72379b9cc49d5e2fc911b62afb03e20d530a5e9b34b73f86b0bee3b25e2d8ce4d0e50acea16b02115aa90b41ea05c74b57f927c4033203,489dcf7a90f5bd7240e641e07fb34ba275203e2e3ddcba9f8ea51b295a8b4616b29a7e44d7ac7c9c3bd8720516ec8f50d6cdab8015934df86ac487f4b335f8981515d066ea8504736ed9098ca1de3dd8e6d9f8c0d8fdc3f53e3ffe00073a57c745f3a66d1c9dd8185d92029d6f21a763d33e7dbef39ae398772cfcc18f906793
d92a22d2a141aba98be9864faa4a22e710f7641b6b70674d1943545ef19445a2b30b7a35d0f3c93c1c3ff49fa8f4633128a9e7923d0323847754f0be0c7ed755e393d9075e683a0d01916184521faef2,3407023616b1030a9bdf8ae84f4a7bf5eeadbbbb1febab1fd5ba59f5bd624bfb3ff9a7c5540db044881742ccaac606c063d7ff22c19ab6c17ea77b25eb1114590b4713bc9a5097d553e39eddac10144dd9a9d1bf44fd41c950f6c7e7e5c9f8049f4c3272d510f5fb790f93f73e41b2b5108c716209e003033ffeb9ddb44680e6
da4c7ca8b7e09e95e4f026171ff895bbe4314e4496e9467c01850d9074c8deb85e2eaa2bb5bc67145c5db6344ccd9ca818b1dd50afc6b81cc4c652a6d258b79cf7df0d186be2ba94028f370b13557327,6f465f2b749cd6a2f84e7ac3ef6a16e9cb9ca0195ac5797a9d873b80224a72e2a5fcfd84dd9c0b2f43b7954f4f20f4b31a29541da03eebfc66dd6a801de319a24d9a472715ff1ffff503656f0f5f7d6f28ca6bca01a5d1775df94fd22148c0ede5d67d185478682103b043ff86ce4e521b84ef878586369e1772a3919daf0911
5e3e7fd8488e57b83c7b78636cc8541761eead6689265c810cb072aef71c010c1a9fe3da020c7894962cf3ecaec6e02771ec273fa631f9a72cd901b3a4a3cc8bd02ccfb24f4b64d3a6c98568ff87e757,417e2f2132994f552693ae3896b63ff9fbe8fbcd3e991208d1c723ebb694354447eb2f8b9fce4061addc55a1d6319ed3994f7611f30019423788b00971ab5252e76ff0ff1eb7a05ab01d95a5af9c3c338284d9e811026ddddde69c9d799500b5421b4ca3277f8e7b445065de4dc0a11068201464d1b8086098071f216f39e860
f0129e8d49c437902bd34e91a952fe012668c4fe9c58bb12e8feead2d55cfa06acfc981fcd3c4e5edd1597752badbb3c7ad908f53ee8a1c90a73a90d50f8b80858cc45dc4c5169cb11d3f2001d597852,51bac5718dfc542260b4dad6d8d21664f9c5f1c19da8949cdce96686440626fc08eb9b8ee007e0feafa2530007242a27f6c825917f72fc4144741bd24ace7154c5c1d34342bd291d1b1bf1eb38197125ff4268750ceca896b08fcdad8f2a8b9e7435563e90fc8abb3084c2b1f46b4d894e8c34d969d9b135443739a1588f412a
67b97de3733a68f5b909ef6b3dee489c500641458d9da3047110d25e2ebfa9878b1c3fa84c73fe809ec7a874056303a2f5972de34ee9c8f7c48340fad7d6b6c44a1e90107da80f05df094da6ec74ad20,b09a50d5a3653958519bf74b483b2b5dfe09dc1405727499d3c85c940746e7a0cdcdbc23763c4f230b95be7427daf2c48caf951fa42b421a39f503fadb48e2f9aae4e018b3022b31a22f89fff0e38317bc68abd6ff928dbe981ef5757e5d62f500bfacb0774401e2f172f3f176c6011fbc8cf13f70ad845f4e543be18b9ef873
f419671607ab45f94564ba938962d41f8208b20832b7695bd452fe82743cc100efce95e35dfb1a67dfc6eeafe846357f1aa69e8b3ec31ecbf71c93889b93e286be6eac2c7aec0c7e3abc3e5d84ad6367,76e1aeef25d052a789cac2308e2b499c8fcd4c15185465d412a10f605389c6d53948cfcf8df3a3b41f0797009fd203eb746f1c94065c47288b59510a2a74124b49bb08754eab2813d335cfdb700c5562f1e68293721bd01f41632de3fb636c6a8acf2bc1cd026747ac1996abb1c0c7ba114806f9a18a8f8eb4c0d077b4e6476c
1aaad9d4bfa5b266b6975bb59c7f37eba01d0ba6b0a397503ca5b6ca8d2e38c2c88c5e55ce11c94b4c0885614b330f061fbd4cee0614c92c0e91ea669d31788bea555bbe4c4eebd34cb85afce298b196,ad5d1289c7c8da5cc240a2568e0a631835e4645792f81121c70a4c6401574c44209551827f398948517cf75c3040a24dbb89a72471de31a0a9d12b390ff3af16c9ff0452755cdf1d025093421f540dd4d565194076525a2aaa11810f4355afe22747e4b7f27339c67a73570c42ce013bd8da95f74ddc20fd308c93f08c6f52ac
cf25beece65032d5e9472dbaec9b9f6abdc5c7b3e00ce6e612af694fcf55f3461a68f8e54c17781b6fb493de5ba49ae2d5decf4e0c18bc014b7453a527309482b03a387361b0e900a171c4a1b382f3d0,b781b96171b512dc577746ffea1150d2f69f9454237086b394ff48111e9c5f08dd85724fe50b73d7b74da8933f8c8cf3cf4cf085b872e3c3641d8f9b72ef882c7084652899cf09510122a0e3499e785eb807937b826927b6c8abed341d0e29316285ee69eb41dba2dfa32da20d68ef99f06e15be611bff9c0f45e607281b9e93
05a2fa50286c2de15921561929a277cccd6d3fdbd43adcef65c4f768434c6f473f0823a4948940edb3eaf9440a33bb95151b204b815e4beadd4d45e410ada7b02d7917478563fdbb7fe8f72d336a57da,2b4d376b05ba9fbb875125bb619b5ed67d2a57a0be6d3dccf0e2fa3e166c91891889868c0e1e0692f9c52193526bcb61f5f4c79e141deb210f8672276d0780b2e797151d15d4baac2d35509d71fd1abe65b7890fb2672d443f692b40fc57be8bc00db08733f5f22e9c45a408663d05cf50d689df74fbf3469cff085a8cdcae9b
0dc1317603f7c80fe3307a795163d2196110307f61791c32f2d10f232b9c473cf4e412fc9db02f0509c3b74e583e23a9a2c780fa881cae180bcb9bbd53a24cd7f9584f8855780c0713483ba545f7dd46,a4e5dff6e0a200b8653ebf33c7c6c1e84ffdb196e2e7fbc73b5e54c516a4a37432bcee35e22bc092f9851cd4b1da733673b52a2d8bbc632111b60fed3fda87c0ab6399f45626ffff2663d95443511c47f3bc58e29730b8b4d50cfb7b8f139cff1a3c7dffdda4b8405f209678616f1532165ed46d02e94f16150bef1b0f9eb958
a684bb74833fddc1a517b9b4c67fe983a62f626360fd8548028e5a4aaa5feb7bcb267f19ed1210586f5faf4742b2a8baedfb221ba8e1676c67c97e382f4896f2450af89bd6efaad3ad52c0466e75e863,8d8a2713437aafebaded4eff2ece736051f30f64aab9e0b6d7db033c1039a9659ccc0208ea996677ee51bf8223e5c2f6cb4c9706dd0c114aae4ca93d24e89b113d032ac5372ed338b7d9373abe0259a4eb72e713c430e12f4bf7993ae43132905daa7054931a1b0df4f6924819f65ebe5adbdefbe016a049b4f2feba6c0115c4
d22e11ec2307b7c7efd4d1a59e813e226b8d9769fb80b9c5a3907b077136837e2b387980f3b9469edb8f07f3877e1ff2d24caefbcc75450c97fdb606e60cdf61ea1ef3a05e403824962545bf4d1feb06,b86fd502a41e5f2fe43fc86ed131b74cf99aec57f8e5a44b5c01c850838baa310eba55958af757b8b6163ad699407a345f5bd28f1ed16454f5ff01cd9c063c74afca69ed86d07a9b8c8ac1fd6dcf65512b3d61b599ad34ac0fa9618cd0156d6d31613e292fddc7c4156cf455573fcff06715ddfa52321843a6fbb1be9b140fe0
eaefb77d7ebb5f6620675c436deaf5d8cad6cb0371c051f11c8e436dc232dffcc41c6047d70eb5047ddd136debf5c1758c727652d7ef0886b6eb6bc9d1046c54f374bf4434a9736dec6708f62fb34cdb,694a65b54c22c6811a1dd3b916bf1e61ca9b7fa6e667ec3b2fedef5cfb74f21d220983e83b4baf1602e592965561f32597cc2075a5a70c7eca39ec232eda038168fa028819fb866cfa66c87d158b5ab1d88845f28a23d91a8d6067367a8f96377dafd10b59a17562ed8f76df3226992ec5819398e4f8e2ab841574d53a27f755
e9de84926ac7b6341d823aa84eb59909c3b103c1d2cb23f76f9c72a642172845674f8e6cefc57b34cb4b8f64caeb3aca7f7bc2df43dc28de248dddbab66d72cc2ee17e19e48d3cab97a3a8c0e1c7f15b,1759e614155d7165de948d8885839cfaea16851958485650feffe6d040d97bb3653a516313c85c4336bbb7aeec89fc10fa8eb4b26a74d2ddd1b7cb8f7125d08257ceedc52d11b184b7b6037870e92ba8b925c6682f04dd6ff1c211134258cef6703f327c4ff6f579221bbca1c6dae0e7c796a5389e76ac4c2294b7f55ec14ad5
0f6fb19aab24b93bdd9f399b66f6b5ed803138adc699f55645d3d1cb82c44d40cf5a1584b1fc4bf931516ab22dcac3b61379427bf794e99907039c8a852da98c253002e90241f1f03581cc1505179d1f,6e2c512c25a4a7c2bfd8590e129b98143dde0bab2669aa9c55aadef9feb301af4ca3b70e31008d659131035cd15a9b1d1307d8155fc458c197d6dde34a67955f60902927fb40241edb75365ae6725ab03fcc726afdedc8c256e65b58f07ef3018fbd8a76d07686c2f392fb49f53240cb18b76560edbad2d04df77b9413a68d11
3e848f6f9ebc1da549fd761d0af18f45f9df24aad8da497fbec3b95696d2ccd5ebf0ea52e7b16f482e945cf23bad962488b47d0e105cc9f40ee1cbd2aafe8c69df82dbf065bc85b7f6ce5b813493a5e5,2733fd768e8c7354d8ddf5f6e6676d5167b89280762e52004830cf974f3d86fa3de340e35f1068aa9c5ae56f26fd86de5aae72ab497383bc71d46f5251209cea1802fb1d52c3fab22bcfa0e382cf3383bfa8d07c774049e1a3d73ac108a1a14e26ecb0ddd98d14da839b5fe9a1f51e89ddef58bd82ac41cb72cb9677982aaa8e
fb23f3ad0cb485820380a0644730e5b677dcc6f20d55707a76e1defc410ee030673e542592c2dfe7a5d24e433a2fcf558e1c4657f5c3fe51aebaa48a1083704d831cf33c38a1d2811b8386541fe03f48,463728e2957c805751183fd5a7d517d1465b46ac66f4a847b2e2fe903b3718ab83b475bbaf9c0ce681074a181eb0552024587ff159e32a2c40f42f72f68da9c05604d435d15036992d1e52b1f88b9ca2cc78384c0da89d8c9ed9f16572c8dc610e864b7a7c0a810bf68f6b417630ba4b50771f910893db48214ac6916585aaf0
67000bcd2aae10cc5ce9e02be90224b8914f6554d4b5ed26ddda6b845d45a3f47a69f29b6606896b1d35f7e4f6e0a51691b8d755628f0c4fd9ab73fccb4e00387d306f3aea318329baa3ed64aaab1ee0,8a3bb7d926519bcfc759df70f805938f1f509f2408e1cf67341258f9779cf5c167d0c248be9009b4c20142bedb2adb373dc00095b9384df9329e9661845d32f85e0c1ced038fdd5febcebb0fe23c0d98bf8d7471d3b139ce7f1ed1f8a26d81a3032691524afb8afec0eea3ee004527c9a2167a37922d1a079370c13858f81b1b
62f0164a225df81e4502bfb85092d7b7c3301bedddf89f3924dd37a366f838e35a7687d10821b597861582b474fae5fe6561d48f5435cf602a94ebd12937285dcbf91a8347958b774b9d699554c9fda3,9c3de3db5261ed3b70afd9de5b98b8051aa3508bc9a1fef77521a5af9fffd5507bb38af1a75649ff718fec997e406bfa0de75fe007629c7158c967331010f652fc9361275842fe176f456e1cb142bfb85370f8cc754646c98e833b9c6c8925c5909816f934991cc3be9801643ee2094ece708e1599bdd1e3da617179e9d69c93
2a7241135cfe53adb03e23944b78dccf57a4079874a263bea2440fd2953a5b8b0188006c0cb84111d89e008400148d3b0b86bf3207d57065bed9c21e8ce24781ce41481b2bbf512fc58cdc35a03bc0f9,5c9086f540615cb27aea612f096a80cabb334e8553d3da8de51b9817e0d458badf74087486e2ba9fe8fa7ccee9b200100bc649029f209a94d8f4603e3f43708fc9bae578260428d5b618adf8253adc7fd25eb4e5a39956fb952d9c3136ed181fc4ca4058913fe1015dff74ac58d63a40f8357a2efc9926f7a76f4e106f2ff175
47d47a497a6c627f268c47c17e75813d9c250f04d1368b0da3bd2facb39701b7a605ba4e70750996d73e9bfc290ea2aad8819a907c3788f17c54f09b7c476a2b7b9a050f5ed73d46c45ed9ebbf0d9c3c,7ee12a1db51c321b6dc1b5b0461f00b364201621825496aa55824dcf6b1b38bcd8954583ff8dba7e09491a7e5be12252ad96d8d54d8f8c2fecdb795c607c0d5489dc66e75aa7d94f9dbba56d211260b68babde24efc2b82879ac00fa35052d24246144de7b83788ccd7a0928ae37936c82f542504042dcd577b29d4ca6412da3
69fa2fda7021d35d86b6fe67e6c8042f05863e5914fd9b2bbf7283e58a1feff0fbf739fbdc84f6d604d65d09ace7eace60ba997e4802c9d0fdc39781addea9f8e87b3504f46723343c286a5c6302bff0,b441b4e982ada69db39a1c919ea6d1bfae29bdb51cf6034aa9ea3dd09b011a03d46b2964462a8dbe71b4ab0d28d209a741e521eb91fdd8b15b9930acd7c19f4bf7be9162560b2186228562a7e0932e7c72aed3d89ce7cd88429c079ac76d5bb78ec131b613261afa11ba4d2c4386c8d3a24664b573b13b684682ea2ddb475764
5b4c8c27a2384e0cff14e0d58573186dce7c771e14df6c505558b429e0246974755ccdf7c999ef96571fc284615e6058f03beae89d362cbd60c72a40ab71d88abcd9c0fafa438b99cc5bdb08d97be13a,aa0284fe0cc63283226533026189bdf046257f1f10b9440202484829ab5f24238aeafc53235923ec3cc6138a06212e220f329bdc9a2f1f68d0d11d646bf507ba3015648ceb500e7be6ba00765f3d0c89c99c14dd27d7bf84d49a5b47e536c2fee833f8a2cda39522f7c03fd3b53838445a446df407b8214979e8f354b430e544
d1d4b157d52a98d700de8d5df41dd9a95ab4e4233cf3e7478e33fd942db3fd20246999c463ee909e0d529b7ede2a1b347f73113f60f0ddd2dd69bf012d663ac47f0edf0965021667752951747b430ee9,1bd66863fce7510a1f5ae24fa4bd9cdcc55e99d50e4b6c27ec26785e6234399e12b16f3481a08e3a042f8c5b1797350a5b56813dfa093e7ec3381ca4ce39ad73e46be4938478d17294d501c929b4f2a045a75b60ad52a14fdaf0ebd8a45731bfd3bf4ab186039901bbe19f7dba04de3053cc05c9d21046432cdf1cc80818178e
77645dd395df83775c90c51bae111b3aa6bb9637c85ffec0c1fe4f84fc0e2701d6a2387c2d991dc9f299a74b460e30fa28681512396a09723d2224c6b931f15c03be408c296bd07a377bdbfce642e01d,a13d87425ccf934546efe2f1047866f6b01a26ad43d2859a7c58a4074f62d640ba768a38d9e71be67c1b19f0a57fcfa48f229e5168ba0adc87ac138ca4c8061a5cc95823f4336abc7aa59570c05f37b8b199ea81f1228f8bd11039cf536c9c8e1c054021c514bbea82f7c44f554da8c6f64ac3d1327d718ef4e6d864dc25c655
cba78736e01db414425aa8bf7d2bfde45d6867e46a8cd65d42d939ff267da8322f05d4775efb79cc1c9607417c630efc0c3bcb096018395b2f7ab5a3ea86d54d80946f9d6e9ccc891eaed9e8cb0d6d02,2ebb28e6f9da34bb7e2485b24b50d35ff4495acb9a0bb9a356b3c24fae40d83f208b25a650115e9933246619977ddcb95bc0230e72063c9de2d50af47084392c52cb4c81e9de0ceeb36b1b99323064e4e300a53a98aea99b72d60fb9f90e0925942a01005e561875e75101ceca4e3782beb2e41538e1842569b91bc0573cb46d
f3333331add60b4165b893fb292daca3d8be9e53e753042744fc9585147def5793a3ed42ce83e9952cb9ebe543af4b4e63b22cb4de8ecb52bec79569347efa2461d4dacc83b66bb4cb4ddf4559cbdc69,12589d4dd1402b9822cdbebdf31b51b5bc0b94330d394ffcc01de21a7dfb71a29a6e316472b199e8f3bec66aeb8b73e086234ca1db4ab879be47cf988ac2b488db9764ea66f11e755fd8dddad0a48494361898951982caad86ff08a5ad12674521f7e81df0342868a1498d15b9c7c445c9e88fe5954f539597e79a8e9ab1c6ba
09e1a0e69511eb221514495c4fb69d9756e2a44fe8efea4707c38a9471594be0288c8ac2fa1304d7b066c95bf7c3bfb28ae0d3f6691b9b819c10bfb99e204e1c3189a937dfecc397dec5a435b10e0262,4f15a06eb364971f865e3d2a9cccfe3d98acd0f4e9c35f59c56581d0535b57c4e3938f6888c59e41856926caf93bfe4f99219c19a972e2c869109e570fadc9d3199e9222d82dfc0125b449df74cebe9e78b804b8067a7c2e6ff037e6db7c1ae1983c77abb8a0431f69fb6b1df48c8c252a72e61dc8d8f97d812a283ec4c011f0
ce32f37010afd538d9bc41f6d31b92a02d3ec0c368d16f4d4764afee8ea9b754efce3897e883b4bbded844e4fe19e3859f03a38ce03591b8e77b976383935655b601f4cfbc7326193d219b9cee1e0f79,49215e832a5b24b1b5fdb4b80fadd49bd22b95d8a3cee2776c44310dec841841d67d5e5fbb81d084b0b10352e7825b580fce181962213ab002669f027048c05e43608d7f80369c1f8a9f24a301f3f1fb938054776a1dd39c04c4276c992c7dda7a8bd66411cb474f549bfa1b05589b041f5025f40ddf64955aafd029364feaa2
acb5f3a681a06e3b936c1c364e0d22d7180460d1a04dc6f07f151358310688e262fcf7d1b6c76a0bb9cbdb3e3227ccaccdf539c187453c64932d4cea1481106ed1e74dfae9a4b35307a618c460df7dff,5fc3857b3cf742c0ea6290116e28c06d43ec3e969afe82fd8d0108e497eeeb2351415a5d4230b8c0da5983554b609f1c9652513914f6043831b8dacb747f25542abbcbd3424cec7f3e90b38486c204e4b3b8931624beaad8a898fd0753eb769fed762612d6452996e0308da7d44d00a535668fb2f527e5f1f83f58c02bd0ec32
b98a8be7d137e0422e31751cda58d3bc4fb44fa3556aaa64edbe711968f459aca5b3cbfe4060fb0bea7dc75cfb3082584dacd5370f2f5c75e4783e58ba3fed8217cd67769d13058b54384ba607c544ee,773cc442d76515250cc95d35c82ce8f56832f65de006d175d68f96c7b7384531abe01ac8ea829f4501d91300ebea8377478aaec1f3ea8164e2bdd89328bcf08899549a8fcd19322df05f4c0338a9a6d473a07fefd4ecd76e68c76b55b0f636f5c2e8b44dc2ebe6c975c9ec5b7d9167f87de63f3f4822adf07b65eab03ef9c44d
67282da947654d3e913ce2a6e500cf701d50605521809d34ea45cda34945068a361a786ea4b34d819133bf8b80d05158c5008bc32a1ef74201d79c802251c1b9318801b0098ded6350a8244365cb2603,ccc0ce0886bf5b37100a1f5f6d4850d82045aaf0817ac811561fadd852a11883f3861bf46a296a28d44562c96ae67a7c54aecf4f2d26a527f6e0a8aa14332448129fad80241cb821855974cba6840c9e0be152e747706a8b6937d73b80fa750fcab39f28d5051be5138f49a4d88cd4a790351f74ba9f7bf03764052e3bace6c5
