139d3cd1751969e2f2b12d193d1696d5bc2f742abfb6b8fe55c96f5e5a6512125a336be5935d2622209428a96debf01e5659a39d73f2133b3f9f20fe9a3a30ea1e1d7fca58482a9449caeab8a2945f1b,4b824d9d3f707257d7f01e89e76f787a186b7fdab693b60c97eda9a0677ae9d1e782d79cee3aed9b766f2d6edcd31e80dd42c19f80bd291a4dcab543977995e44dfa1b21e2237907cbb3f1e1aa98d186e5db7c27424f71b3a1647eba8ced7d9ac743f4afc4693eaaa14d849a896f456f66b7812a6947cdb3ab9c11c161e580b0
e5a0979fc16f0ad70055aee559e3b8e057a04faac7c294e3da21611ca07d3f0a60b8c5b5860be9eadeb2e4d93cb437710c915d866ee9e2e6f4349cb5eef3a432bcb3d9bfcc7faa408e1e4ec0969e5bb0,8b0d0ffbce429404cc942c5cdb37d171b92bb71da1fdf4f6ea67a1c69027e9bae7b6781e3d24e196027923d5a139938a18c8271b92810838be23bc04fd426e7f85bb2632b5d351a6cf751f19fa47116d7bc0a4af3d5ac4c4a1cf4a1754acdeaa23139049bf1069d65172d8e2cb582afdf1faf9caaf53d88f86db546513e5fa6
981f72ee5ca618efe7ac77c5cb5964d1aa195062b72a6523529222f0ba5fc50d9071f40a6a7a50da73b46a9703887844d4a067abac06d9bfb842396c5ba7e513d66a71bc821f1f7f28b58f3fbeebe232,15542ac30a82acb03c99cacf5472b49a1fae8e1c9a56ba730dd669c59eb4894ccfe9126d8dbf4152fb8d122017d7ebc5ed4e6da93ff5b42b3214c04a0e85632e94c8ebe88878da1557b752380cc452b87551058be9de0ee72b0ba85b9e2aea9a560a45f276c46bbc91bae8a98c2426d7a777d58ea27b5307f55120559e7e587f
8fc24f36c982bbb64327bda0df1a28763d2abfc0999b5befa8a5c5def2e2f39453a066030d04c938c4fbf468337bfef89a4a2aa18d6e2df2b4806dea23044790ea8a79d2902aa23e986793f1ba6a88fd,890089532f4ebc7e3a485dcf6a274c28322294bd843167c9d0ce4fc2edba68764991a6a8149a53a909adf1459f3f1914bcc5a8fef5112d15e12d3154c3ceee227e43ebc48a5e3b6f7f64e440714d9579045ca024a37cfa16132891f93b2b119bddec7fa2db300a2cb70c1d432e207767467d356525ee6717ef73bce822a94994
7532bd4e46c25f282175770f80088299bcfff120448d2109fc69885af10b9bd627c2ec788370ff193f6db3731d6b219e1285ba21a3f3e625d502253b2e2800dcda646617a5ae2da6e37755904f255b14,1dad954962545323bfad1c93994e8553fbcd151fbf9d74088ce09c94e7e85e140e5d35cf56a791f29f3e114b42c9785d47147aacf39395dde590fe179c43311bf8601632b35bda4a8f4fc8c1f6d292c3b9b1474aa51d93963b83768ca56d4c140c316e512c9a9d291d3294d4fb8d7096d33019e32f1a3e1b739d629a2f25a4f3
d9d21b0dd35c07a113750cb305bd5f0db02705cf92d53423c315c8460463b32d1050ea4614bc471db67c5184a64060d17e66c712c469599ff0db5696728ad0fa8e89002bc74e991355852ee9cacc524e,902aa552d9020983891599e44145134c9c2fb6097764b1bb66a09031f07104ebb4f37358bed4e9317eb49b8586a96b306df2fec8c9c0a16808304c81171c294a7f104887acf3282b650b413629e19a3ef19788f10fcd87d44a8d109a2e4f317be83f292a8c44d659ea635815876571dc8ce4a5ecaceee0c060c6018fa8598ef1
c2297493019c7d311c06e84954705395d04dcc45ca367d09b723754fbc53d7386fef41476087b74aa6f4b022d3506dbb0d5e4edec1641a401e22442c20815488ccf4936c5c52f25d357a23667bc100d5,102d79201b55ef41d265883e801e9699f58f70f9dea1d6dead2d7c30c2e05ca19a26ef78508487c78751a3e10b69e4e304b5914329bf661a693a08522e67369fc4f9297aaa81304da9813dd5d8a426c94c93f4e55a36ef26e420f402b9a9288a9a5ce83a8667ff3c01669f0e5f56684919e9c91cc3b549687cc0f30683e6bbca
34eb7ae06f12deab51546217e686939675b321414c97442e5bf7056972eb6533b0ba0b6e93db6b9608fc94b82e6f868bbf40af3d44a5414e725688fc3c25b6ee7eb42c24e19feb9039012987006885e8,c3706c4ded3e34a34830bed6058f7c805f6f1e3159b978904a574816d097aee52b4b6f0b4c906547dfa18798d1372f8c9968cccab856c95f2913cceba7f2367866fb7f29833c6a3bd8186f09813b5d8d1dab194cdc931896b69f44e87ff8a76cb27940d41908756eae04df279f2f86f42466603b0e993896988b85cda44d0f0e
6cf7cc5a1cc9fd355b7ee7e714fbf176800c9c13a788808525a63a4c111caa75b28eda00d40a2f3e7db7809d9cf1a90ef33ac3adb1844a1a230488fdecd9c31db21a36ded08252737640a5035aa4e5f0,bf6afe39d1745e4acee0af979306ce4cc31d5c262592ebe1807edcb9f31ee2846b80ec9f4461843eb05548b40ecc4ba3c2f536d00802ff0d902c6df4491d4127ccbf56793dc972bd56a7c75e20b897d83f829ff1ed832088755f72cc46ea28415596ebd1ceaf4f41226f88bba400fcb2796b3b64eaacc84e0dc59bde96ec393c
9c4927f36a61bce9893c5c33af77e9b16e4f25abae95d81f4ced05936787a74ac684430cea65e33a61fe7bff1e4716ed29a0b4aa43b9cf5f16b66ad34bab9eb676c6459963972cc4c58c2a737ad732f3,7b8c9789cd784dc1f82d3188a4b112aabe872798c74db5b44a53f0759d25d2d8fce814b7353993c60d9438d81adb649b2a62e9f126c705bf1f9b02936b32127e3aba7036950df07eaa1f73a03c76570f5c78e26d704ac541089fb81328d4f757cea091a0821514d20067a3acaf94ff49840e2d769e7a420fae0d914b9e95ef36
65d5239bc6f933bd9a51f21be78c3242095a4668200cd78978c762963aedcfbe95d2ff84d660618ac03b7159ff976c1772257eff6a0d663e71e9b46a5741ec9aa465d9936ec1ce2d9ecb68c1e5fd7656,79232f185cccb29283036d5aa6c0ed4a9d875d21c88bccddc2b8557413803cea707ab01d8576bcdeceded2f729c0c085c9e437f7328aefabc08c61dfb7ac3b69f63ef16a58db97b271eaee9af5645ba1892db6758c09d5e96aaac127a1a7fd9dbf4bf17b910bdd5f4ec7210737ba22eec40e50b97f05a2b536342e6484d9766c
13b9ff5c70b7d1bad75a56852b97fd61b06ce9c37ee38f0a59d856a8bb6020a5e5980cb6efaa6fee3469abd621415ab28c509810669d95ee8a062ddd28ce77631acc93fe83a65d531c9c1c20910f0aaa,bc4e16f1f1cd61edcd61099df2402b3235029bea3e427dfba55b1ad0b0b62bdea956fdd362198f8be48a0f8baf795ed510b148ca7b12b18e83290de288f7b025eee8f6139686041fb35ae002e4d26fdd54b61b1a55589163b6baffd5d24af9576c412661da5c755ee94d676690e56808935fd8f1a3de44144c001d5f548c9b62
539dee26330abcc5ababd808c00ad21adac24529075d50c1003d366a141614a74612b149e9c7e9798bbf9eef961a7cdd594ddc55ccb02d3550244c39f7c105d3899abf51d99d9a008ca7d7744937cb59,b9cd4cbb498aa14def5e8972b5448c9e045e8fc0196cde75d0057f9c15e23bb9c82e6d5aa110b5eb6c7c92fb83b139dddfe4e797dcde2ae0264548f795f21732d0f1a75abacf38304028273be1a197c07aef7bfd27b92aba7fdef2df415f562a19eef3b4e8dedc72982fbcdeb811e7ee6a42d6501141bc2493445efdb0c694ee
fa7dfa73ff7c4c56488552c74ace3d82cf89fd0b1f71374f9952a2703bb2322cb5a4cbc090288a7153ce91fd6e79ed1fe54422b4b9a84bcde489b8affe4698968821ba7be2abfc1bc720fe52287fecc9,3ad44da1054ea80352f877c8bb488e0f36dac793707f014cde4516e18f85c87433d1fed968d557a9cb500530da615cd1ffba541e93e1408897a55eda6a07bbc6b4fd84893c7a0d8137a9ce510acd4b6d3a83a082ef16c4eef0f31c3c207a4e149e0c4e5b7e726a62e3f10d04420059d139159505354530325c2e18fed882438d
ed42727ff6b0aac7c6b8dd5d71aa78a13f46e161ea0c57ec7fac128f6571bb9917720c8e0d99e9294fb29118f28efdcf4608d3761c8d00125aa57a086f7718e8b6f7a50d78774438541b39af9c2915ec,41f437791f1e9fe69461e4e4742e789de0eec2af97a8582ec1c2a5a1720cc29be9ddb13f4ad312f43de2a22b46a6f56100be333c80ec401a0dc22cbb81cb53dd2c2f8f7736695fe6e57d160069d59183f7e7fd6f920ede68ef08f65fff1366ba39c764a78292a174e06e7219432eb50f49961fa20bcb402dde9474bc1d8e0702
404e9fba640c28efbf33218f81e9346b1a0e26d09dca944240e770f01c7110760f58e69dbd48fbaeffb1d5ec935e23c6a77ffb400c6556081c6354827666c7090784c103e2db1954c49ee999295bc208,29a650c3984f94e1418a43c2796fca20d822831648f71b79695819a6f060c763296d06030eedc98dd71c848987ffc18f5db1daccbd816cebeaca9193317f5db3a6123674c3b8554093352d15537704a1cf567caf764db9c8165207a8f2b39bde2e89b41a926b54255121be12e1bbf4f2ddd2004d8a1fc750ce37b23d86afcbcf
d0db3bee21bf3b78c5953b303456a4f8cc892c0f561b64d7e27ec8a6eb095f5356ef0f7a0bdbca3e25139458d660ee636957c18207f147c50dde8cccd5d4c5860d593e4992d2a38bfa0fdad7cd62166f,269725c9ce02b66a36e26ed8f938065de7a98c71b2a080669246c922ff5f37ea46a3e2a6862d02aa347847ce46885f4aedc18de911dd791c1a9229b328f741dc90a32e3697a23a27a6e6bdd8d56bddb22dfcf306e08ad8086c578887d3866855ff656ffbee046138da51ce9d481095ac66dfe2ce292649fe87021ebe1a4c9fcc
9e2860a89b692c077eb67730cd62f18b380b10f46b89369cad535bef5d3838c2715cf859ba3d6ed4508640c0a22c8f65a15bec1ea434ddc3c3a75baadb2d06c69492b65f283cc617ebe655fa4867f2b6,989582aba7dd94088e2889ee54e12433aab628865d68bc717a986e8844b11344c4112aad6a2bba70ecb6102df750489b7f82e3a77710257afcfc70dc7c6e8bea943cf18848194bfc48c9d11215977a0b8cc9b508e2edca234db24fb9bda2db647a46a1c5a17d83041ca202217a8d1955ab9493d09dec008c875a5149b6d3d7d8
6c4782725ba5189c38e6b68e7c1b06da9a1e90085994036bab586e72dbe801fd74b4dbb71e753855082c6fc86abcdcb3c9234db6ff9c82ddf7d524dbfed3b9319d11fec516778f1c26cf460cfe51c252,1396ef2852210450ed010d87deaca8e1cfc0385787a980619ff39a19133c593b740ee4117b5861dc0d78015d9441f16e7bfe9eb6de4116e685c4a1ae4082e90dcccda246c7e46c32927f4434ba285ed91b80f6141988d5246ff3d296a1e1c1d0388bada455048ad959d00223dd013bf1d6dbe281a24bcb37bd59b57130a95e14
4e4af82269f0f01c68ce10963de1628408ed9d47762d91af21290416cf071c5776fa8a480cd42fae4b3ee92ffbf5a3f76fc06670ac6c203d5e13f69fabccc68402259b3a25e7bd7b89fe194923f87c2f,2f5ac665fc36d99d64447020072efecc9111cde520cd13500ce03356736612a325fc46329ddeef71be9f18f050c9f389417dd86caebf13d52ed3ac4597808dc9b14377d7d13c5e1d78c505707d03e620f2beeaefdac741892450f44622590f379eee726d167f8c73113a3791e7f4ae94c7fa8d0ad15cdc07aa824e33444e9792
d1e31233f7dbdd367c268452189b48295fbba48076c36fb98ccfaf1a15ea801a9b962ffaf298d24b476aa4dd9feff548c6552c7114b7bf5458b0fd4c200189d8780374b141c0f0664719d5d8c20528b2,1aaa75e7b36fd757dfb3cd0c3ec75980eedd4879dba9069fba9ceac2f46fa127354cb94b57c59b26d792feb4b3ac5cfaef078599251e357ab80f29bbf3db8e237ea9f9246cdd650e9022cb7eabf157b0429adc0607cbfff8bd2cf2ac6deb1e36cf7e663a1769cf94160ef3c9e8dd39d1770862c00aca5b4c6612c320c844334
b9fa111393476478e4380e9d80d8c9b68ab51c976b5485f7588630fe7bcfbed8bab061c9d7b4fb9f8bb09f7bd53753371b5b197601569d2f162fb92422ba86187695b3a046ed73168bb9f48627082f68,ba7669ab7829a0835d72c9acf7ad2d47690727e78fbb8ee5cb11b8dd7f1cafc63286e093ffbbacd2940940b069e8e064a88f7fbc73218535e302f1a70c0242f491138a7189de3f721fba241e3a764394b5f6a5dd9d4ff7ada2410e53259338765378d3f200bff5c312d711c0c91e1f75dde334f3b307c1d6b29de4f71d8e5f9
207c9fa13eabf6b7cdc4e7d1d7223ccd5903836b9de131ecddddf04e154b8dff4538ba09968371b561554c235713977dad9959f6ff98e0510c35aeee2fdcfaeef5d6915c51c6ef9a530b76f9f73df6de,17fa92c05e8eac1e629b78e339c5ca0faa31df815e49b7b7aa1b21acd370460f0d194e1afba2bc0211f08e37f62982d61f32270f80f7ea8feb76d81cbb677ed99b26c122d7345f0b30d792ee8a5f183a650c59b1de4b7607b0b8066c8e11536123077be9ee4c1e9bc2a6ab18fbde3e564d4206a7683fa632eaf8cfbd305cd15c
5022a773081ea291acacc45b59a301a1499caeda469983d8516670b946c014f1e1bf45ac125c48cc7a1b6c9afef4d817baf8a0d8294788fc36cc5a430edaa77f212a047a6427ef86a910146d8911ed65,bfb004f6b5defc62f5ed70d0442728b1a329c5e1fee8456ecb59d06bc95397f0e06cd7e1d876b19ddcd07e7ac536a09378870b639ec0b017f06ab2669018353f7ebde2b5746c2dd5b0d4b8af068ce869afa7edc88d58308c987f6d01486ea58b0efd818a472723acc26ed3d2039dac09307ef8e12e41522bd1e85af1d7166fe8
20e2525b9b0d89689ee64a09162da92f140f7fe890231ea947fa7704e27b2e52f1bf37a802f7f04239d6ea3076583b927d85a661a47dd9a0e4a348744fe7317f9d177af2d26de6640493e99cab0a54e5,61d6549cc2ce627b95bb86766080daedd2071dff53ad2e06286ff4aaa32482ea5295e48da311aa9cfe17c8508a9b3a71f3d40254a7161c0a26f046035cf4557351693a9061c4002fa3130e27832fcb550af5687c8a2fa098402f2d2d1d486d9073f06bec7233ef5ce19c1837bedac014a505169b5fab8a7ddd793aceb268d109
140f9a79dc54e048c752c80d53c720829047efaeaf37740f7b1cc0ff267a519e4167af03b19b5ca7dd90c13238c365143d893377b82a0ea67bdd268773741124f913129c4851cd2470d3de3bf3650b84,8d196587626493f8c1dd34b756b36cf3ebc68ff320ca47117650ccfcdbc11c5c6e32dca582b91d2eb4b117df0468a4fdb9d490429b3541bd556b0feea133784dcad6ebfe308b92c08f42c7d3dfcba94d0286f7c2cfd8e5296788fc53a752e5f632ae4ef819b01b54ed26c9466a4cf9d969a7f51999a6feeccb2775451b73ed8d
1fbe9a333409d412c3438affefad134cd4cb393990d56abf5df4d13fd008a842145940e7023ccee1fd760e0558a13fd28191e5cb0126a59eb3e5d3fe25542e968822326263302988fcdf6275eec0ea6e,b3bee77f96f4e7386eaa9c5839b96794111a4665274a8b9f9ea1481fc36b97104b6feaacc5cb12e515d5d710ef34c1d7cec3e45aa7f2eaf630b32190d0e0927235a00711cc8be2c2349bc273a0bef9abd25f6f0802b4fe0fca39a6852d54c734f9df55b103afd85787f847adfcf0d145cd3c018d65498ae9e3a8712dd01c2619
77b24ef3fc31a4764c84635a043a44d0fb5d77e2db51002cd7345f659aaf9571860b43a95db557ecaab8df1973a121a280aab7fb3008d4477871de2c7035905adfc4dc7d7fdfbbb4f23cd7437896fb22,704b4d483762d552a41734fabd11ee4052081c47d7a7de3c645b285e82257b610396966931090fd0d4ceb263dae360d9aaa40cd172a22d5043427bc191626598677e3e10e4f376d3e97f7aeb860b0a309ab38764289b32fd6018414a485a4a0d8177129933933c315414df31a754f74fdf141202efc8d534d1c99b202b0c5b09
b08b93518ccd5d744b8993ae30961abd97036daa04e9127c36d4d1ecbc4ddea7376761461062ae477c16627d17437eaddc68439a5d35bde59508a1987c824503ebaf8222fe4dfb89fe8abb578329acc0,30c1e1dd65efd6fa9ae4169c0648f064bf079cd2ea6374103d9faeb8e6bf9a08c6f876ace66cce3ad7fc1503d8f52dec06fd4a7b9860d4f60fd973e38c39038347359381a05fd3b96b1e515e78e3ad781b9ca5a62d98c9b7809d14bdf289f3573eb3eddcff4bcc95b93b1ade104b773c9b77563a7e4c454e0c591818e81c5c73
8b259fbf58085c85a9478fcd0cb7a8258b066dca609252a14ca310dba52393714b0827e9a182e9726d1c6eb9e62a3bdc648725259963346dfc2b16169fc2c620522bbc201cdc1dd682fb65b92fc025d9,3242de2798c0270fd771bdf6d0f2dbaa4bfafc0e989ba78a8f9d0f8a0525b309c3a6008b8dc6a28a2a1564cec64a1983db3238a7adc28e46e2bc40fc2f4ffc657ba7a55f9f41a557f5129c9b1434b065d25f1eee0093b118d865d1f3e10a9ecc67baa4e96a3b7c0d210a42013debf1e814cb7e2bba1c7c4aaf85907b23a33823
67829c144121f7475de943e0663e686f91f8856596ee726101b19e8c9d58f60970ff897be078d0c570da4d620ba70daa7a1010cc9b86acf754e1ff04f0b9f1515ca5561075ca474ddc55e0770e0fa50e,ccbb8ff779392312bee6977349d68e6fc211a4b86146f945faeb21a6d7d2e437e281a7a8dd1d694ab3d49f3267425e35cc8f339422d01f4276b18b770de1025898026d381546383325ad4d9d13bff77b49e07ca450764218d585ca1cdfba1ab03a8f50f8c8d9627e42bed5e76712e1b2fe3d4e078c176ecd17ebb3bb75367cf7
d20f51fa3552b0c7ef878aa6892d206b171cfdd8fc1c831d76a6a2a3ddc5b4ec732d47f313215332142123c8e7b139cb092cc4dbb0e733dbd789f8f85c63d30439739bafdd5466e3f3f542c7080d305e,3009e7734b58d966d30cdd831195582ac02521edc453475d1fdc5728a42c4f598834f056c00411b863e93a4e48f8efc299edb12f35c1ab9352565cbe2273dcb9c76d550fbd37874614732988b7ea7559f495cdacab3fafb55a97aaa1423c76681e4417f1a149ed5e3c1e2b8f36b06fd43b8d1dfa3a0fbe41a2c85579f7e048b0
376237212c5f865443e7fc00fe6ce0cba21cb8e566ed6f780ae1ea1215c482206e75e154a9712db859d657b71064f180032d5ad1012d3f652905202745d293070671212de167b2f155242da5ab9d9edf,7638f24bd63f0a4a1e6896f30c60fd59f9ca113de5c1536ee39bd96628086538590b713415f841e817afaf9aaba2914ef581241b74395dcf39377f91b494a565820269011b89b24694e18d189146b8f406df69cfe34564bcdc29134a75f1609bd3156cddd2b942dcd15e38a50d7f690d4a07eda4107616645ebcd94d488e4d47
0c0c52fbede9fa3e5c0ac2f952f330e58e735cdd9fd90991999f06de1b1b268c9235664adba6a0f5f00b2238854fff6bf3041d40cd16e0a151aeeb4e8c1ec73585234fdaf22613fbb7badd7611fdda60,3f37872f84af57472857c6e86e7f578a77d1fa1469d756bc410d62b4098eef96e92dbb86cb24cb92e861bfe2f681b48328f0a35d898097166ee494bc44ed3699216e9a6be8abbe58936b07f2f03ae940362a1d380fba73f7bc0eeb2630939fb973d89c9b774f7f6c4fd66addcd0114040885b024caea65f56fc0d665105eee25
7fb8b89d03803a8dd8ee7adfdfbf242c3735620071be16e3366b4f55365840e5943b0fbd288c8b4d76a8936cf600bba96fd61728982970d0cbf7df3ef9a899ce15f779edefd601ad7d72e1425e4c29e9,96ae731f8db3919aec2adec3bc5e90165dcc0c43376cfc66c605247844d2bf889e7682cb706f88308e0ca5fe94e2ab166cbdbd3b1f5f1df9ef3dbef673d43c31d718fd318851853825106cf56b736d05e64db2185e556a8f7b1a98c1dce85609e32697ba9ea0f3b9b9509bcdd1b607a16e1d65a4a5ee3a3a5ef2b9fbac210b26
b4778efc12246eed4dcc633d2f5cbbb0bf8177716253a57c9d8e26b544c240713cd1dc12fc2e785c4d1bc0cf8aa0bfde60c81ee8e388c3c8ebabec33558c7a13261a1cc8402fc62d5072d8833f013d52,725c29806bb5d9ae6757b5580445235d181584fa1e6ce261ad41c8b6fd2623f2b8bf88bae3301eba823280f0189fcc824c0a32d4ef68bd5cb780b7628b9ffb686bca06c226937fa431b45f9d53ba26073a7b8676ea7300486de3b47a83759c03737e46d033749c76c79da3ca06707351a3afe1d94e926f52feb7fa05a901acaf
2f5c14278d151dd80a0f86864fbfe373760a4e40a1bd33546315214faf54d26932590c58ec1108acc81416990462ebe9f6384ce5bbec4622ede6e482026f659e57c4618085d009ba829c75e96adcfc67,2618e7cccecee870f42e5f39a42020e186fbf538378df9ec07596628266456d0a01bf4d41d0836f2f71be0c434694e9f4cd74f5ddfc5aadc707bcb6a244842912727bd53c343bc2bd28bdffd66b06a8bbadc50c39ee50c0ef8713e2d0d061af23bfa8bf55891c4e508624b932e0ce120a414bbd63ceba487a7b8f8e006f5bf9f
c8238d776e5b957c63fa457eb6c189a2026b7ce15fa27ac7ddd1d8bf06298bd942dfb836b4af5e99c78af903d50532a3779def9841641c7f60bbc3cf5415ccc2a18fc0acf6319ef01abcd47656b79769,cb721e37a6bb27034362953d051aea94ba72bb190085dc4edb58e589a5a8f64d09729aae9059071fbe783186ecc66066bfa4fba751d8ee56954e4ba6b8d7a7a25baab13f475760b03f618d38d82f7efb9d22645186efecae9cee63634d2c1e62882a1a81f4128ddea5d7d87f31f92fb5d451cfe56f1e0e454fdf2c87b655a39e
131560c055076cae324645fbd8d3501d3e8378374bcc9cef1fb6d3911eb3ad2b0829355dbdbc0c121d1c8f5b01b24238f769ad639e4bf438f605a7f00e5faa9be18fab63efc6d1b57c4389e135fca30a,2fcef6d3217a0d27cba51ea42e13c5167dd16fae2df0f233cc007843f63bed460230b8ec243aaf3fff2c8dd03fb91ecff5f1e62b68c037d0c8fa1514234c2d1fd652c3983fc5b85a57efd45e47813434e9335f4c1dc771287288a4d702d46f7a0bf344a34a829718822c3fd64a4f554226f6e289ccc2b5a2ab65b5ffc473a5e5
9ecdf820e200712536c55ddc4cd3c2f5bfb00e45c24381325bd0f127e8fd3fa2fec136ffcd7918aa437cec9b38721976a4ba56b699e51ff1e706006c5ff8dd75740fff0922392be8f6d968a3b47c9f36,403ff222f9e36c11e05685a5e22085e6071c952aa06a4890c6affb2459172dcd4beb24f24baf0f84f733bd643bfbb1799c94caa69d2a40ca6c619a31e78474fe826cdd45c6dd3474ed619eff84a3fac80cc2ef6028a64f646155755fe373a7120c9e8c2328f6d0565f45612f6205b8acebbbf9ab162427b32df2548f15dfef13
13b5ae8cdce59b26f336179a2d41c0a28bcf11d5f6748ab45a614d6f310107191772eeedb866d576e60fb153f1cfc0adb0c7044fcb6048fa9756968abf92b2198bd0055ecc88b85bf8ff6d5278298917,3efa3e20a612e51716b6cd3321834d27c7d66626965901ec3a2a02dd1ecf8f9d241b6b3e60ec470a422dc6fb3cfc702053dca0c35e8fcd3f4aa9af9697c0722eeb4cce95d65ea8d7853d2a886a34680cae99bba4da5541f104926006f9e8bf2f787fffc991655e50a5939ede8ec31ee551889c568267f2fface4c3b8c4b14853
d5b89e910c61767f81368ccace9fbdae6c25be286b76cef7a42eb1988d5b9856982c15a7f7bbd2caacbb8f734649f63a9437c19324d8262008b5fc02cee6a667e4d8e1939863103bdc853dab079d88cc,c4e567ccf32e93053c599518e2743eb5cef38d0dd9c6ee40f2c8134c3fbb4c6a4eb9bd134e8df2290850bd867d7471804e785036c3b9488f4b76ae17f8b54a69891aa89d38da71987b1ad47dc560c265463f3e716797e3c6d155891d6f12f9c5c0758f502cdfec25e3f5c590418a1d9fe2fc3be45651ce1e4d076e0ca31bbc78
f2b9c69c84ec7a600f20ff363d9e1666f127ed5a84073503e2de2d9dddff94f8901ffa4a36857dea9cda52c7cf264eba97e2a4e16df83c3ce7ad8030c2ee198dd24124c3e4b19756b75c019ebbbc0219,21bcc70753f6aef528067d842d4f249bbf86c555aa651a90d46b5ce3c555e0d13a244d0c37ecfee083beffc44c8db16f0efdbec95fa9e82497a8c714faefeaee62ba021e3bd5161921fcf48008d4066841561255a06189e386ee7ce02ef32068709f0423da13c17d675d4984cc2354d74475171dca3d82727b8e0f2b3bb207aa
023bff21e5eada707222733eb42fa4331fd2ae11237deef585efebdca6c08216000e594339d4fd7b605add246ae6113a2fa09183c0d3fdc5eee4fcb5ce771b7545f2a469fee894a7a7207daf3c8d4aa9,748082b44ee76aa1bb057f192075814156da9054ad123f6a7de873ef92156ddce7b73efe08a7b10b43619877c23320dfc6039a4e6e5d5f48708ef0710bed0b54a510850885697f7bf72a754ff75b159a1d947db5135ef890ded22e6e1982bffdcdaabb63d32cbab21d41c47c67325a955e4143a48916de471ea23e9c8487f306
f9a5c8d9e38943131c1f766df4c6ee801edf00f333db9821a153ac3217cd5f07e3105bf00d246b1a1c9b2640b47d0403bc965d62643a76592e538ba8b729ce7566617fddfa71a71aa1db297d607f84d5,7d9811a2204000c2118e9cb5e8f17d310d58ce4bcbd9450a1155fb9daee9c2bbfbdf0b1d62c83fc4fd3fa03f9e9fabe9387d84c67353064d97199bf819dee096fe02b9f40aa68f217d12b1b7e9b51fb0e37d5d9c8da13108b03b46036046cc324d25e74a2b26ad02c2c3547261a3decec64c83ea0168575355cad0e17d591c08
b6abc84a98b8a5142f9341e0cc5d3a0941c244c38fed7e73c821aef623d0db236e3ceb4cd1834d6ea8e221e2e4ef6be43560dd09af646c2b9dba4905b0ede7c077b2012ec5c0482973a253578d97dc12,303f816407270f3636be5ad573d6e802a813734b87e3d4f6a28db92d21ab330c74a404513f856310318781e400f21c8bd0759a11710c25dfa94c44847611bb6c49c448bdf133a9575bf18f39cf3fdc2044f615d5b7bd6177f8c566bee761ee8518d1fc0c530626c2dd9e7082e8016bbcbd478d66d2824e510adb525d7fb19e5f
7355847f6abc2cab0daed4758900faecf7407bca7c865e6ece51f6a3a6f9addcd2ee6060a32990393be1fe29d43710c6e60e09e108cc9d3604f6c786a2790e13b35833b4bba894f0c02e75ceaa672a38,4ded0d26611d4a399e059efa5fce0849c811c13ef5185ca08fc4550925ec094d571222ff49825330fd272a14702a6c0cd4735bb5e8d4f17374886ec1d7334f1d1995b8a4bec290c1b133b000855ae1e6b462aed2367d5c3f4f4389368ca8f268607bfff6d5b6c6323d60739968e19225e72ef95c6c5288cca483cc4d5c7881d
4f8ceb325e5939b56deef3616f8bae4f0a5e5ba585a5f033c04e80dd6533538f53930e0c47a82ed016249990f0e863c71a0625a2ab258f9c6bf250a209a24eeb2048ef7af838c286f017f9d504765a14,67102790c772f27a62ccfc6e9e45fa15948b895d07f8775e9652c927c00fb5b7039e2b50811e62f74579ec6afef630e4fb54682cd95f356792b2feac93f28f6ef74a6ca16d16ae79868f79993717036c23ec2fc2290724775c1d4c9f2ad7c86d59239252e7c99aac1f5e1b77bea9620e81a4485cda996579c5bae7dde6bccab1
9a93c3ecdb970e5fcef13eb00054ba83f3245ef8b29f9837fca92749876313786860a60628088294092146b8aecb4512ba441c36d1f89be129b26a5305df6c12d9417564f366391b7eeea2a53ca6302a,13569664dfac571ebad92cbb21a51c9a5ea8d238729ec1eaf23e7010e48979893553dffa4b7a67f4a0763d2abb8bea628f2e5c3285eba0a8747a1b41627cfb7283168b6657c675ea27655b13b4b8c71da33648375935aeb819b979325f578310d216fc6b6642051aaeb0781656753a285ecfcb1732199e93a9fad4dc54008bd0
eecaa770fa1bede69376aa31f468935250ebb91d1872880b6146bc62a71bd88cf8c54cbe2ff54a512693741695e80924986295c9a21df4c61e89884a1c30c9e307e012cc61c7b464baa096aef0b289ae,8e68d93b206a108ace6c74976f9b998e8e7958604bd3e5714ec230de20e983537f5e5604b7ea3016be725e8a1f72742e7feb584ab2a45fd12937a843537086d964fb0fc0320420f9121a5c8497a3afce07b95c1555a464becdc6de0b150fd2e8f9947d28fc4c32544749d46697dfda1985ff0344d2cae1337e651a8a1355272b
0862882feb7d683efda53aa178fdada6ab5479b2ba1396df9d6eab7666c8e4bc146db8c741d5513916ba4f394919bd765438738c0d19715183803d61a176252fbf0b174d266ba97162fc175905320bdf,6c3b1542ad394e2c5abc278f957df2f186e0653169b2fdae74d8bb985499524f21cc9acbcda80ededbcbfe7493cd1f8ae1f50fb0fccb2580698e5fda8b9a9a47790840023fdd466d87fdace5ca45e49e60399072c133049fe2eff2844984d8cd15ea7d2442da0456637312539f93de956244d6b714942ae40376424b1b87fcdd
d37873a77b6b798ce8b3b75a1b5820b40c0e66d394e7ed6356361c6656a205a34e13bad60f24c38d7a88e9df62f933782b9bbbb7896eb7f196fb70f51d85cb31218fb1a0eb95fae6fe2a1176c938c63d,b0b120e31ea9a0b292efb79502f8bd090b2a66be6570e43c918ed2cee2612f5313b0e44f1e7c8f540e4babe2f000090fa878a7b262913c1940f44171518cf614145a2c31e9094df357d0f9edb7824a2eb7e0a430fbadb26a900bf59006af3e46b07a7b3e2a98f1a28cb4c5a6b7e4d5b6995cfd0cda511622f92eeb90f1e21333
4f513baaea2a9af9c286ef8d916880c6c1269aeb0bc20f4858de83d5680dff4f891bf8ef5dce695eb9a2d04d71a926d58e87c23a40ce00c4a7c26280d32c2d1965f9b28754187a66caa34d0c2a1d0c32,100f9b1617f4a013417d769dc49a0ce6c5e01e5fc60985428f5b63bd5bba3d0747ab7814fe1990fe76d299a66bfc7d791a295413e648fe6e9ae5650cfcd495596f14eef1cae10808c4379878a2b09543159643f4735d98e6315461cfd7ad60c11c99f04ccec272e227d8994a5566420c56a097366b6dff539838476978099f25
52b16fcf264327df8fba4f26fa3bdd53a03026d9693977ed3051e697724f1d3f7fdbf219be9f6b4056c2b86aff18d59a5060d2e8c9557d2f38a878eb64e3599c7b534d24c3e7ccd9161d2b3aee8512a8,98296055dc0c2ba2db6b32ee0b9ea67aa9394dace87bd192e4259aff08764a0cfd38ab70ff29d4784ad2086a60c5884d1e5e7cfd0e61b79cb4ad7fd622318d498b598e6807e6665ffbd8a56164d02be1b4d1d46653cde367a026c45ecae690733bd7e8bbd546456e8b51cfe6c6a875d7820d3fbf5821846d41a5aba86a6543a6
f85ba309acb2ec898c766c27814430f6187b4816f7ef49e6e3865c00984a8f1c316a9ad655a134c3d5c39e3565d1e0adb1c9eaf0d334f03f352b8f016b4e9fbe09a28ae56d2d50267b6420352076ae3d,4e8913411025aec1eef0ca92e920a651cf0a6893aa808f8d22fab1e75b5950fb7be41ead4f72ddf6966e8f1e7bc4c0a35a7f6097e3ade1c7ba1a198e7bd93c2e7df9fc1b66e99980661f8ad96b854f64355832d18a1d7a8166c08ef3b8361b3f1261bc0571b0963d0b2f5b04b6b7f47689bc866fbf2e037453b502610c039f9f
03b248dd3581dcaf6c6ebb091bc6dac97b51f7e49a24042bc1d30ec95cd5d1de4dbee54896a64986b08050172e4a4cec56e5a36d7b0742a53b51cc8850dee5ef8e6435bb96481ae05b9f1a3a4b8359a5,2d72ad4bbe2f4088e5ff5a00feb6dacf2247d7ca735821871462065e987fe83abefe2280af654102d397ab1a1437f182d1df8fbbc6f5c277486828a4bdd011c4e9513b51bf1275a960b0370cf622cceb3af170dee4cde1024f54e4d762ebe0eeb5b03b9fed6be954f157155b58f3ce02e7f76b7ec486a9d98a7d7016acb8a744
0eb4d7a7d6032d2164baba20b933fb1a2dfaf843a04dc209a7ae6a54ada94359a52365a80fa0e78800a22aa5397fe038c88a84194793762ae20f3f1aaee4e124e9481a3e072d23733e3e1c13647f94c5,9db855d3f329f614312733ab803e934066342d2ae5a3dff6b82f40d2e5a94b188a81b3ac0d1658d54e9b7fd778653cbfb393217a41418bd93bc8c5eeafb62dc9773b38887d4a9b5efcf886e614a8aa1d9dd9b12b2dea43b2e78672180047606e254bcf88ca859d5af032c5278f8c3ead4133f02f12360a5cdaa1e5b7eb6d792d
8eed86b0bc669e42d571456a06a9f8b2a6d54fdb8626690bb2ea6b09a2cc40b66a361c38ecbbe1d3790f91fce1b4534ae533f226be708071c6209713ada7a4a1ec751453817ce2880ab7bff6a58f7a10,60c31016cd6b7df2afea0bee9d0df8b0883046a68df0205fd9abcd6c14d8263d8e4af2c9a2462ecb896b4400ac3ed3744d3447f376546f0319de333e97740f21ea1cf28eed9e749a68d277a51d215673da31d11f0194f8532dc9a72f36d5de7f141ac857d579e2750074449cc25bef7ce7c537b84ba9cd102392c66a36292d4f
7a630c18413c0ff52eecc0c6fa41c3bb550834834fad61190a0a791c9f1a7bf635f234ba2074a8fcfb423e64e93adcacef9ab7457420a5664e82734709442f2bef8ba44c663085649a8e38bde89b13ed,72e584a20adc27a75140a6cd41a6140c5b96e26b89455e800d48a215025d54052d902ea63670032a63ab9ccc4e8e5748c387c704972c697c8c0447c99427030d5f747547c4617e065d2f8cea4bc79e35260956347f2df1719abd8c2b3ffc61faac61e55d35052c3cd7a6de95db94e6c9c0ac77f399caf3c2335e8dac3f565dc7
7cc952f85164af928a92798d392ad08c84aa06215e024375b5f890cbdf6a495d35a6dbfa58521fc960a4601e6129c47e5fb5bc27016424f5a2d818291b4ffa41033aa552aae39126ee4a7c75b4bf0e73,19a6c31817599403bd0a8119936208dcb3913bd7e74f60267d00c956ebc074d852fa17b9e005ee67b29f36c6b5ed1aac4323d18feb71f4ad9130b1291689a16928f74b21587167070a6216cbd359e665d8260b3c627b073303ae65f0aa7caa867373cae686df82f66ac78ef876257e6dfd9981cb8b3d87e0152ac0c9e236184e
862600654bb292b27f2ae084102ce306b52b4c717513e8c3f3cdce1ffbd8efc47bc83cc53bec12dde98fa5d09c74119d74e1867991d2a71cbf401fdd72b7e125b927865e85994977974ad888ff496206,2e7004efdac647495f8dc154d68cd11e06efe1d4b7d4980ffb0b9fd8e8c4e04b14b551f5094da662a127266fdc853999ec58aabbbcf132ede9be00c58de74fd48843172a99d04a0d382c1f1eefe4bd374b9156ce75d42e3e445b909b48c826e65a22344ffc21e68a40759097a788ab023cc2a2da6056580e1c93cffac50d608b
c82b53697eefd239ee70035d4e1e911c858d3750f70e0e86ac8eb9b6557a317c73bd0959c1f30e4da7959c5a448e1b4df9e65763c18f666a6744ed0d47565c9bef10eb49cb351dd31ddc9f5378965713,8b886f236f6837b6db4f89e24b2f8144b74cbeca3fbd9e111871e0fd3e29540e591c81ef79c55686147884f7042b0a08ef84b18f3766ca32233152be7c6cfb34d9e34bad0352b62ca61ead3ab209a8ae83696b8127a027d06d7ca8cbb4422ec9a6559bad34f82a9af5d074a53b3389f0e79bc33a77a65fea9b9a5dba8e11d9fe
06fe4ca123b33348162f41871794445012bbce6e34e0b1ceadc58bd2e2706cdd8960f6da0525881ba6eca40cef3f06db6595a4f01e34fc95b4ace0b0cf51563c99b38b4527f86b19147054a04bc6f65e,797225ab473ef54f580457aa2cf59740620023e00c1b1e9966cab6830661d47799c5d8000982755965a9cb69b8635a754f08264d1476b3dbbe847dc05c2c3b2cc82d2bbe8cede300de4ec1ec69d6a0a9d1cc895d6a777f2c482e104e6c74c62aa7197b74c76bb116ae97c4cbd7a82c998ab083c974de5e3255d0c563e30d3ee3
3a5b28657d35ef2df285e4213cc963f8b39bdac1b952bf6de70fa040dc650056dc522114530d40b5571fc20482e100e5fc5902522f40026a466950eb0aae3b39ca019a246572953e7dcd90015526a6f0,b82e2e1e403211bbdc1b9873ab97c575891300cd34a3dd526560b838a5719c1e0e670fd5e8e1286b7f368cb18fe247b70824017412381ab55d95f8a6e3c03ce4656db90fe75b1ade8b4e9cd226b7a8c46f90e70108dbdacdce28f79e8ca27733b2b698bdba6d7e1e4e7b41d84b44568710a8f986a8451056a2d25f7cd0a6c284
516d69970a94bdbdbd38cc2dde5cdfbf79fd0043c73be480101d49194ee53c828aee7a8cb8c7a5abe9243343f71d07c26d7baa5e552db721b092ac6dcec9f5cf9d242d58ce853a8ef61fa6471ff52814,5af115523e94a043901589dcdc59929573033df4f6abede441cde6e46432b587799a75aea258a5b11c042eabd5daa10bd69159c3c0eabaf91b8c3149a54a131fb613d5d86d1549e4171a7ecbd6dfea41e6155da938b452f2d41732cc6bd3f6533f870a9df44fd8c90a230ac8b9f657c801e3097a71081bb105dbad57308e522a
5b7badcffa78947fef3cb1d703f5a468d12ea1a676302ce078cb9bb82cf98e40c1fe70f362766d68f2b021f861e3410e81a6bb670d1f0c6df8a86210d42440c4aef472ff06f5344902866537d52a90de,692886fce1ff9e1b6ac4d2407d658d7dac640e3c9318cefe9a0a9188e6593f40440a60e5e698c93e60c2054c5750de688383d2334151bc943aa45f3c2f6b89b31d6dbc83ebb607012642738ad30ecaebd940835fe8527728e51257e21cda1b22138f9e79079aa3708ba942713004f965d9294efb7ebbeaa400b0fe3ac750a7f5
7489177a0e90e6858fd77d171c5bc4254ccd803db65430601d0bbc24e8a6dd8599634192c854434996579f4e8809dcec6fdb2f2129e911e236735d25d87959f9bbacc1fb0fee888a58ceb197fedd0142,61e493198746db4469f3a9be211054d45798867acf623ee8976997910e800df13aa0e4611310492b55ed7e10537b7b6b75f332383777cffbafe4402d0749f0b42e65feb592f4cfcaa168677c63945fcafb27a669698d948e15db8883abecddc0f756710273c01bd28479f4e0c771cfdeda60110617c7becec2b76d004a5d798b
d48bcd893bcbc371c2f34114bb2014c987ae3cde12bb6aae12bf10ca2430242a0e3b734f518b96260f465848eefb5a3253ee3ba3e10217d87774f6361ab8bdbd8dd1e998eba3e263bffada35d72d6bc2,c0c3be2cf97b74a00ad99a68c9baf27f4ffd74b0e5925585f1a05afbb3521f2337fead0caac81bce4b9283d6e79a86c25aabbba9648c99e6a10854fb34d7dd7a5f3b148f518a2b19cb0b4ee7b3f87216d66051d4e5fbfe5049b5d149e240518582ce1b76a86681aebff4e695a9bc8eecbaa10c3d6a57647b6f19820c2d92ae34
224e30342a25aa5aed148b8441277da12476d0483b0f7f1e947a53e21dcfe1d67195d6161b47e4139d1eb5af26b880319be66daa04c24c5d730c2c307602ab97d7c1b18ea51884da659fdbdd0643e627,a3f81b45d140ff499f9c28fe1caa7bfe7073350cefe0cae9c595cacdd0c98e26151ba05f7d4333a636918922904f87118cda762fad094abfb9c05216f446cea7e8d308834bbc0fd008201cc88f0414aa68f8a4e047d33e56eb2822a83f6404527aad6e879091c43cb5f24157bbbf823ccaea3cb9e750ddbfdd69309c0a612a38
a31b1cffe5ca4d750f8f4c0252aabef667a5d5bd336a89cdaa5bd356263d7091147d83874746fd1f04c9664b7d16cb1317a264a443e916cc72f7eed6a5d6f70aed5859c544c0b1be6a35f715d04cfea3,6cf9d8c9b8c704316aac4e18fd4c8b8ba33f66f6870cd51218d40b27442be64f5b569ee8d430ccaa67b13898596ae3745c7ca5fce2cebd9985e5195bddc38f8c1f9848e5a7fa28e7fbeee3bbb421207c0ad440f4b3276af1752f7db1a406284ed0694b83a9d39d86d5f73214584e734de5e24fc0162e0199d51d59b845ebfc34
46bfab8983df8858ca796c1445bffba5e13de16bc1708584a4e6ff6383aac7679a9de62797a98f18e05321557045ad99eb6a7f74003430334f234d55d49c24ff97f4113d1c50b8509ef4320156e8d53b,2747e286c58683787a8daceb64f4615a85884616fcf098265b79a5ef87d0122d48ba58228671f2f4f41db59bbd1764cae576f9437a6e48c057d3cba028f0c1dea783df364079b6bf20bf047fedf14b0894f081930a347d2042f7931ecded828ee99e01aeb4ea963ec2000e337053483078ea138a1a3b2cbe98a2579aecd45d77
9b8a6a339496229c8707127a182976df1025629909d6b1d6a02c5262100ae0a26e4c26cf9eb7801c29035c54b1bb843f0cb026e4eeb39192c49f628d053a9d9769c9e5e9a36e7f43421cf21f2cfb3861,7bd7d62e5fa1c9a8cd0a50f18face2530ec92906fb6b1f87ac347d5ca26c7fd8097fa12b1a37c3acdb058d22b31f1084b8aca0f9584623326a215076aa85e3a04e837a6256da1cd2de9fff1c120c7296def78684a527c3c0739accdec111dbf42017874b50bef5ed92beb61ff3f286955ce431d57a4de62c2cb2640b24ad981f
ef0f0cf4be970bb2aa4b8ed5cc5c338bb13ae0890a5024e3c06343f2fbb014fea824a595e10fc8af75985acf2f416edd3a1d1134d0ba2fd0c8af3ef23f5fe3a051c51b72584852ce2ff5a3459b95fa50,9502edc1cdb9031bc6ef3b1df44b378e7d2a95ff31108c0f75decf2c9a5c5f1b88ca912432755c262b8496ff18a92b6b093aeeb65dc50d6141da298f63551ff673443335a65cb6f51105676ce69a76600107c5a62974b1fc96763c9dd1116d78d483520eb0a4bb8e883249b7e8bb2217189e4bbf288f389d74f6bdb7dd3de2fe
8d2a21561e433762255e44a8ec7eb87c339f11939f599629bf664e8c13ce4ef0a19fa6e8115aaee879f62f90c69fa79c7062a42ada6e682ef7dcb61981f8400ab6fe1702c7014d345693b5f61e03acc3,58405977c4c3fda23fdb2dcc2cbe15afbdb181f71b92344dd15669560f31795ac3af6a28f1b9f0d50cf148bbf9f4757704abe13fe34b6d51362e43a998ab09289719090c657dec9687efe99da9cf9e6687a7010d9f944aaaac9691f3c6dca6d0abfb1f8bccdb4e6c3b149233b049b412640e5117348eb0491ea76c0ac22a6085
cd376e64a7a1414f1a05dc860160f3037c8402319fbd36f7807d9952976cb32818381ac95c3ead946a50df4dd3049a0ab2d7e2f4333ce52f2d0f8874f633eaab1c594c1cd9b82ee9aca57e1fade1e110,5ba3effd5908ce5270a5e7970fbe33d3db855e5e4c272603884e91eb7b5acc72a809dea7bf967ea8c52fb476d9270f03cb2d7635e5aa74c4def96be072eb410108e7e155edb09bfe80c1c39d9d049dff1a1169b295fe2ea5d4e8233eb169771221c358921cc093f7501ed946bd66ea70436cad1237bacb3fbbd7144f10de9c29
378bea7ea10cb1f8b4d227032825b37d0d3ead2decdc2d1e9d1b5022906c3d6ad9bc7188d777d7b47218d8f5afed0eef6f222fd7ef6019cbe40d3b979d50e57fb0b8b71461cdbe1af9c5efae0534d1f3,2e88b4eac9a4adac5333fb1129b1e4dae93b480df2ef5b2845b5046a04e555804ab4bd39d4f5b058c0394de99f5aecde9abf87225b86279ad68918b5cd9000098f23c3db57e559d373a81ce6001a0105bd01710ae88a5dc0f6c17a70f027b5631e0055139c155a15401b3c9d0125db07aae59c213f1f5ca6d92f9d8926ad9dda
eff29cbe8baeeddbe5eeace64824a427df240cd5035f0a7f0541d4db23318e767879dd31e364683bfc88c3db24bd0fc23e0ce1f40341c51638cbecb51d5fcec0836d9a031692fe430cfc33c0f68a06fd,90545dac01400ba7100d131bb3b07366b0780fdf7f8ae1d288b08b1e4347275c492ba3556f79c00681866d05b2f788f17755e35c6bb42618e910ab746464e733b75f0922d68207339bf76af04e10771f4f1a530a9fedaca854207e262b9e4b01160f0da80091109b1020f57a1f5bbec6aada395586447328c83361fa351eb928
e341f61fddf53a22413693ff85c6fa98c78df3ef01ecb812b2ee28088512b164d721ee9f0205725b3f4b4a44fd786b5b20bcc9a9cc8812dd1f178eeb057d7cf36ba215f877ea4a7e42406f6451e9db04,892efb2c36438c17e8006a0af94895f70da1b3acac71e0dc4cf405e34d9bd6e6612a1e56a13cab611e4505303ede1c849565448b64f81dec6b737c0dfe6fd039e5257802d7eb95e07526db34a8af6c300c7657de52f1ff4f78484c98c800d8af067aa72ab249a4cc4cc56eb22e2ee7c2cd155752f1f88657e74228535648c39
4a94e2dd709a0675801e6e6646f2b1e5b08ab8bd8d4dab4ec609ba89636c0ce8183df29736e1a794225d25305f6dc7c86f7327bf872fd4c8afcc9534d56437bfa8a19e963322dc3158e37adef68e823e,3ec5d7e40b638e04c30ecb400519ad1fd198bc53807f4048c01f1ef2fb2b891fe5d521a036d4710997519d7e90e7a3fbc61db3f6cc530e378e7ce68edf9fbf2e0333c9e203425c4e769b9cd15340495c771aa0a5f7166b91dbaebe1de924aa2163917ba9e504b2cbb5e1923e80ec2b9b61a7850856e9ac1b908775c31ab212a
2b2dd31591551cd5732bfcadcae8dddb40e762a8caec198e3bc95e8839359fcd4ef89658d4b332e2fbf4ca384564bc1098a73f94281b4455ec0bd76336b0d8760d365bfd348bffae67a76fd2f93e25f2,632543c6895471f1bda5c952112ce6d053504dfa1e877030881d4e8936f348e9f827cf60219221ca104fe846db81502f841f43a53d427c91968c4608f8c8794ad1a17a6373a9e5154af542a84866e9a2e9c9a35d00bdfefd16e705e2717ee2a10b6b4db6ec5fa201f87482aab53b42a59758352e7d413b78dc48351bea82dd07
827543d5edaa2aadd54b4f3887ef0cfc27f080e0220fc387daf85d780106c639526e24eae321defdae041667703ac36fbf4c3516c65d8e8b457619095102564702d79dcbaa72dfa521bcf3da2134c9ab,c299e625ff16d325498901aba9030409841e04bdaac26470f338459d19974ccb1afc63a4727d7bdeacbc5dc40b6d8cea6a5be31a4891f5bd4af5d2cbaf5889310c281aedcd45d08049c906f6f465c0760ee3ca042f3c669c75136be770e6a6e64960f34c9b8e18d8a246c337cfab608dba03fcd0054fe44e62f4f61363c52d85
eb26e50560bdd05628a0255b6ca38e2311c85bd765ebc789110e84cf9f65dead832c16be2084e17ed5402de3e594e017b0118879ad9818ec774c10ef3b14921012489045bf916946175396fe479ea3ba,80b7ba40a96bcd101455ef95dc478ec71ca3f3af8780f16e6e45bbdaf0c3fd01eb16a525ac07c144ba6d9787100590d7c42364d0c6df94a742873be1fc48f38c49cec2fdecec4510203a1e8740f523e9c8279a6a49266a4ca03ea9844d9b56a4d4ed2f15bf737fb8702b7d84ec0db56405bb0c1d602627843af3be91f29a3755
5f13f740aacb05cc000649c82f42a8446046eca8d6591f599332dfcb5b06738a08d772fba167f36f98429eb23ec6b341111f691c0725285459c14b1b5d605eb6d1cd58b4878374a1a81f88027af8afb0,9fb050add3d9a57020ad41f98bdefa2e7b41b6586f41825813163818f4eacd4c0b4c7900668b93c8765f9901d901ae58fde0dfdfb88feccc938315882da03fb16f6ff94470b81322a694a0c3b7ca5fdbf15b1f32c9ba8b710ada3e38d23988133a1e69cafb33ffd510006e9ad8703068c3e0ddddcbbe6679bdb14f409934abc6
b89604f0ee533002d517bb62e9fd775c91f7885d2de96774e7ecf86aca387fc2dbcde960b887af64c304920982e80359525d039f4cc80d124f916bd6dead3654dcd1bf8d854a8d0ef6b88e7ae7259a4e,c71ccd378d4d7b055f7b4033093fba811fc40c44935c71c80a4f801044277680bdb49d831ce0fc2aceb6647c9dc19aca58e3662d553443eb0ed111dfadc81730d2ead38a2e1d6bb9bfd50ec98d490833253a78a1908c3048f95a704eb6692573ceb1fa5438f61dc137d878ac57d1f920c22b7c8280ffa769be1a587c2a64fa2d
