4aa9895937f5630cfc9331ad206946279f0e799d1248e237b45f79170962278edcbbee1b055dde590fdffb50c8d53f9398e3a3d5ac4e7ba06ef18706acfcbdb53dfb27a9f17a1dd89484bdff8e5c05c4,89522ef358cc9b96564874e14b2388aab1bf1f7509d26fd32b35669528c61054ebbec610f7c5af7c6a6ee4897ea49d45550c6a33cacb793b940efe69faf5733ae5a455e54d6237503ab58f5d47ddd6af4ca64fe8d46ec771a92678fe73ca369b79af714f0282e96ab0904ae9c379e19e83c44ba765e85bb0d68610021fa23eb5
6c638a19485b5f96c9a81d0a37222bbcb3f7a07e6e15e2c15db137f77dac5710706e062868b335a64c8ebef12883825f1f2240ac8945e18e0f9eae1e069f27a044fc425f2d66355f2897629b0b0e8173,692b05b0583e3cd33372539ee8697a37273f41d90b87048a748ec293fec5c77a98771b69ffda5e3335ca947cdab838dc46aa2a7140f85c50dc16221f6b6a569e4dbb4363e55f9128000b8d97a52d4ce31d5b5b0db322fad8b86b6984bb1f611c2c87dc22f82e99901e8e51b24bb29b65e3abeb632e114bb269bc326f50868c8
c72126a59547a40fb596b8ba291947e0e32f98deabdf2b7110041a7874f52d8615bfdb25ef0e73a350f7e1ef9bcd8c41798a0606802714eb4db29cc5e4660d23b1d934eeaf5392e4bb9a9d7b7ed7a350,240f89a6912f16d15a8b11b5bc3821c754ebc156e2ee081ee045d561fa7bec6ad6a0bf94744808c555e47e7164b81e392bb0054039b6f53b02ea11f312653e64824ce50257470904ed73c8449c7867e9192f19c899799a7c5a60aaf92d72d35e7de702bf90ee1b813234f70fafd7186b79e29cd801655b509b4d3fc5297bb4d2
7876d9b3179bc520c140ba86b71ae1f19c5e95a55cfa976c28a0431790ee3a8f744ffff63123d9dc459e0bfeb6bb89f8378bce9399b7a6d50b4f45375c2a6e2fde18af7cf13044e960d36d89f64d1bee,1ee5a64c726f28bea7536c7680b54a376c319d0331680589c539e0df3f98f4ba245be3169137fa4d4b8e92e9b88cfcd42b4d63785e6347b0a817c36343c56c0765364e747af393fda41e83f56bf90194e5ddd770c7b6d22feaa32172828ab74f4229e677639d1b9b119e4e9962c5b6d8231111325f08551bc68a070d93e3f950
21d79e7d00a49a4619a29fd0fe9679d2aa96e02ce9d6e78fbeb476831526d01527be1159247276348f5bb69823bee2d5209b91f7a98a300f9e69f01a46624e3407eae847898a1321eee6e21d24991718,2cf6180d1b900c7ac02fec1c6eb99aef12f9cc7fcf6bf043f132832c3ad7bead97dbba232f26702f019ef2d2ad895d202137a5621855750d9dae58a6ae71c1e74f446eeaad0f9e2ed41c75af3b6a8ac49bdad9017c31b8ccf8b9e50c15ccb7e00304c88d19e945f83ae19875634e8c81df63123635839695b3dbe888f65c0e1e
0cb80420f080d8dd356e12c9a4b9582d15deea1fc2eaf79f15d4e0830e45f45c3b659997d5dada27fd0829379a2cb77ceb2d67336107715472fb7a69b99d2b0de97725f4397cb3c4b748e042c706de62,7a8f5e91487ad5d0a9c111627070b4691cc25d71a58f72718059ffe6a1d6f65c6ec5c349ce0ca8c2bbf7acf73233699f60d57e376ab15702f8528fc7cb0d6e1da56ea850d833314b4aee509d24e521e26a64c9026663d85cfc00d74bf73a35e72711892e74cdd2189ce338b92ebd4e3209447a260607b91c85f2c8d97da39951
b059dcd9d708cf3517baa97cac694e5e573efae45fa5efb3de87ed5190c9807dec23a2de027e99b76a8d5b2086b0fbf6d127799fa98c0a2ddb144d5198a5b21f315d0ca1f44207248a2cc5cec494cdc7,c0938591abc08199af1ff489b4f3e727332ccaba79305695934616dbc53e0912d7be857bfce0a8247d4f97c5a614eb6f2bf29251cc2e5dfa971aebfc4de309f0f2b533a4f508bf35f32446768731daeeb9f0216abfae09c408e79ca858f3b8276326f790510f8dfe12e4792315602a6075f4f231b22018c7c372053b5d47a9
e82d5979617e67bd47877d3e25697ddf722414360edacd719886c8d458bae4c44b03807b8cd95299fee08afae56c4a25febe4485410c20d9d81227ff79c246b30016daed622308e40afdcbf11ce84b9a,632ab0acfd6a7dd1e3378ef593d0afbde06916646008b4d89a9cf5eccc0897f498141be15c8f786755f571e3f9d01719408aa58a8e1c871b2cb0b7adf778113a6d780f862928878e765cbe56f8927c32b3e1a0c623b9e5f00355e59588bb696676236b5f8e52d8058b3037ab738e2ce3307c395ca9063d57d5203c11c3cf7b5f
ed727aff66860ed0c2273a0f64f9a1afed191a8b7c29e3d63532832a75f9054119004fddae032b09f7a63b31d491d10a1b9ea85611b297b16071f0a7edc367004cc5aede83c2952c687f8e5b41218e17,40ed144f6975ff7de72a2a56d411d4cb7fa569aa5130e55781ba4156fb7e88213660644d65fd551156b9b3cc5a1883273f3a344cd9cf4e05cbf42da8ca84a3cb96a3ce0205d8a5d5379628c54ab2c09db8c45abbd13069fb48253cb3088bcdff616734c7fabf1590a621a13446d6c5ede81a226351392e0a986770c502341b24
2644ab30e331d746d99b3cfaff3e2ea1b98fdd1727cbae4c5fc5edab94abf7df252f668f156b27232d1e0c49452e3dc60c37f497d507fde8c918ad39b53fbd9bcfc951d42239e88f1aa80aa8bad86c09,5c37580467980e5a29c3fb5751668b780ddb44b1a26b6ba653b0441c640211e9d4762b869ea3d7b5396e7c384dc5fddbbc4dab13e34009e2cf0ede86476b860992307bd419f96f0e3a1de7367b5942097422a88778eec7011c743235b3fc3c2dd03b98978738ea6491ff3dc70f1700d21f08db6d7b6e66c6fb6d6e7a26bdacb0
fef648956e181886d7f8d045501f128ada7061f9b5d1659fca8d042c7d2d9e9879584c0fe2c329224962768cd1a5f7819fa53f439dfab235caf7fa0f65247c7ffcf03fd4ef8c3768f65a625350df070c,27272da108351839adb4d207f6a194df4fe1ddddea14cbd6aced7418317f9f3414f9c2999a388a388ae2ed7fdbbaf7faf575a4a463d4886e85f0bfdcd85d5c406873713693fe755812fd90123569d0d53ac49d26860897ac4b0149ece5d96c5ad0da5d9dab896e06e3a335e3f2cc061a177a465da0ae2aedb507d45cc720d30
d3a5bf9e4152a5afe46c2812147b3341662fc9db2596033695f4ac3efaa0d36ddb04b8dad0c09329acffb37410b6c29bca6094e237db75f2d222ee9469449f25ee247b90890a4597607ae76bdd2f9d4a,ba29bb0ff7850bd21d719484c36d7fa251f9b5f6e8f0c1a61417b1fe589dc1e148e4ccddc5a2cfc10b7c685282f9c702c69c8ee834e91c44fd9ceca80f0f3a4ab676c6ea6cdafb03ae060b65c8ed8058af4170ca60c75fe9dfc636ee8cde2f8d805c8d6e4cbc8a5a9013b0a83358bd2ec7be10a3b1a5c4a3c5225195bbfddee2
ec67b98d0f2631391eae31ebc30cfb3380434b9cab28e7397d9bed61537ff9301a472979851f556c69b0106cf11443650f76376b1e6214c8f84cfcc9d1ae103150ce9b10908cea795139a6f8bcea101e,c45a51ae8bf91962c87d60333cab11b82c4f9320c72b0493ccf4d8477614dfba192682c2c491452d6366f64e83444beab9fe1f8fc25bfb2fe22ab34381fad084c910a561577744abadcaf8fed6bb398e11e381415c8fca9152d44086eb20f9d3f0d16681ce2281913d45df3f6c839e1e820fecfa03bde2a2b305155afd9df46e
eb29ed6a700a23c87c040ed9f9f7abe2228798a0b7bca183ac82c64f237b851c40c2236dd5d87ca947a70726e3998f9425bd6df2f503c4d03c195bc27d18f5ae5dd5d6ad98db30feae6a73dd74976970,597074f048a3f2a90f3f1fb02eafa34ad5563a54cf7724ccd2c129abd05f8b8f691e2b3726a5d4ab9b6cbe999d1255b4c5f2d19405512ee0c937215ab655ad3d939b25dc01f9c8fee22e1051a0b0512ece9ad63a08036fbf40df8902a3f5f3f916b66fb6cde50305855a784489e8cfdac998c461c913e86602d7b1230e142702
b9655f75263adb1bf88ee4b6cfbff6033ab64c72777331b74796366861c5ad816637eb85583c73f5c537b90b75f045f1919d1837d26c5e1fef8c84a006749d6c2b5c1fd63724ca732f8f81e94f2e6b41,5b323339d55f08b336e81f8298340d1009a1608dd597f48bca9c3a03e392fcafa6710add9851cd602e069dcd58057296be6666009b689d48d80bb39048f10dd4c4149a98c826994a2f3aaecdaad30befc2ebdda42a0a9a15b8048d4ebaffaebd49fbd44ceecb0de1615752340259d49569c3ea4da941bbfa8e467e718d4198b3
e0b53008f1df7d7d466ba6fc635997716e73524c49f5b5979821ab6686f9d4abf6ffdc229359699d1cb3aa3f9240a5b1a7c625a8b005a519c79c7e639ea3a01c8baf61082609feb21bc72be5757d2c0a,6ca4030fa974dc13a2e36e05fefbaf12d495c80298b240f88f73d961d94da3fe7d5d9936f8b123fac8cc279a5648de3636d5a7714708ee60033ccfa473a308003a0ac1ecb0e6b12c5c416e8c036203bee48d92f13bd2e35985cbf7f7f8a6632affb140314b0b416cb801fd3a75f67f27f92f9387e03b1260065f389c3c3f569d
c7205cb3e668bdc4c3ffd6565096a0d0e454551745db37175390a506d0102982983b33c2b4b01fda1239e4f298dbb2f79a31bfb7b4126b14ab4d3f6bc482e4e4b9b0800d9ce7d6519328fcb36283cc4b,bbff755131f0485d15cca5304ae9f88363de157e6b55730fa9fb6be290d7361a626ac410bb0d327536f1762ed6d1827d7d1d544cc44414324e9d11428654e9f9c82c155f6ac81595b78f8c1d3c04215476942b6170b2d5055f34e6cdbf76d3387e65c061a6560bee5c802ba5abb7cdbad7da464d140b2e6d7c192ad42488efca
0b29a43b75ed51a13aed743d5ba9760258e9be82f5422a30b36d787a4f0ae18bf4808b9829c300a5a2e4b754aaea9f16030d88728fe4f5cc33f7eb6857072c7f0a4765afbf57897cc3b3600305460950,ad2c05c069a99d40ab356eef2f8d391ab40153daa5e2d39b790b1d26af819b53d95bdc503d352b3d97e54942af3ba6b2cff17593332713a74f18a0840e5a17cb04b70cab48548e60bb3e013ea027b3a3c2ba560479f0c43104590ee507ebdfbbe8a63b72448e8033ccfb6017f12198a32e568feb9a68bf00473c7fa830db7027
3d2957bd04d57c713fa80e191854051cedab5b2952944c9fabe3a7aa19bd66bb8da1404b8aa0839461d4c45244e7ef69e10c451626ec4c813d478c6e855abc4cf8a11958691d6684d62877869671df92,85dc0cc3089f8deaba08a92677268f41274e878ca73f4e57f878423428daa770de81234862154215344b494422db13f3769ff2bca9307c7ebb8463ccc2cc8887bc61468013dc52bf0184aa201ab97062754aba03fe0938dcc6c92878622438e18540f7bce1cc95626828ec6f3ed97112eed3ca4efb9113eff7515908c5849eca
cf35a86190ddd6a19872e659cb2dbfc7b3c2ce538d30e68e1f7ded410c800cac22376812f37dfcc5f6c7ba7aab66898bdacc38b380c5c735cb3b4272e9ed0b0cdfc9a1953978d6dc22421ed02460defb,a0911dc19e64fb0a428d14bb5d2ae8f331c1590dd59adc78deba8b0d6eacaeb17e8de766e0742703b328c6f67ee8c2d21fd840200e7f3b98275d577ecef853e913b0688440c19f441d4053c955652661b272e5dd25d0953cbb88d5ffd769d4468c6ba709f18fd41f0ce813febe262dd751c4087010b4da2c80c02fb07544e259
f77ad00194c835c5fd0efc311e5b7c545c503b9de5e925246c7c0bbac8610eda53652af88fa85c6c1b0a0af7e935ce11adc765f5b494ea3892bd8812ed5aec772a2baf02a8ae99da65583d5600b9a92c,4b277a27867f2dbe9a5d94d19bcafa1d484145ff3734d8954cec86fef12e1841f75387fa0a93732271e94d3fdb16b7c8ad12093358730622955082f8ac89bdce99e126f44b204cd53f481037e4e47df8e726e1ca9377a8ed9c477b73cfda54275f152b6212fa67d76d2739a63550486a7f7c9d621f4ac0d4be3dab66dd281dd1
589eee375e5668440fe8623a42723d5e2cb6882c00583492ab6c56a1585f66bf7307f2f4767237c5c2d450c20b361b36fa075b3adab3989808c82befcbdb0ccfea87b0978166f631ee5b217824823c86,513cbd79afcaa0d53bce32d480dbb119faa5b6a5c40189416f7f5c61883597c6e160f9b5c6ef9c75ea02c2fb24b9f3b4dc6e799f1f4bfbfce4fd56f3274395b1715474fbff311de09ee292518e25c2c0cbb0ff49df7aa6ad05703ceed0d748b61a2a7bf880456c55c8f792b610c824a9bb9beb7650ff03f7a9351384cd0aa66a
948cc61008f0ac67eb0ab3bb2ebef03bae81b8b6137b0dd23d35a85bce3029b6644d1111167d6d1fad8bec62b04f5592fefe0ee533774c9770a121d55f79a58f33ba994c3221b4e347a0745f2081dbc8,5316e94c90101ca6014777b121062e28806263796a24ceafb0640dedf68a2a0dc8fce5454169ba560eeff76bd6995aca48415ce1cf595f050a42727d24f897ae7b8f5deef4f3f5c56d502495e53ef9ec8a0c743183ca4556c8653104cb4ea3e92c1d1a2158885d45231400d3442960f7e8785ca64ab0fd9c094ef9719d339c9b
123ee4a3e284215ee11e8408aecf4800165a17781a2f48d72b39aadc96b63594910eb241a77f89dbad0ca349e8f0ec819830f7474f1ade476f27bbc5bfd45080b9021694f29c7c7942d13ae2c5dc0a1e,8982ab165b98f98672a7ba27122667c19926beac3bbd9868286102f0370f604628a80b9f4eb650c5913d3c670317760ca7d59e9ee6454588c5bdab3d3b4421f0e779ed4c6987c58e190b6f2eb819bfece8a90cc422e54b1d93830c165f53d892e4212b485c3870b115fb57391e1d13901fda3c9c169a20b0310f0f0b802c328e
fb59dfdb0ffb9f4458abc990f55ab884683f2b3824c0f4645ea2e74bd92b7d246a4e60247bacfb42007ad0b4f3c9eeb7e7179cc85b614bf46cbfe7f823a7cec2e1c148a6902eccdd432dd5c361502385,7a1a3abaa865e9e8550b5625ff6f4410f2ecf6588350180a3951b76cfabdd79192f5ddc18d52d933a7440ec7a2364826b57d5431769250804c760b8d6819464a2b260cbecf5f588203d4b0fb4bd23a99a2f3dfc3b53e84cd4cb5b291ae71b8648f52b5510cc433943d643ca16dca741f2f14fc27505a47588d85b67344f35567
4ec207234e74ba42268f6575dff15efceca0169a62f00c02fd8421a2b1fcc9674b0fc6c159d19e08df9bdb16f1b5f2e2c5699cdfdc0f076ea5b828c5521a43e4c79484ccbef258695776d1d80c912334,31a4699669ad2ed813634a28c44956b514dd24a37d816b4ee6aeee926144a9f52a5bd0e8c52d1fbc23f0424dc835e1a44fd635458a0d20e2afb03b75b5c4fbd7bc1e3c4494ba21c511b06b4a5f6bbc8fb74dae28c2a3a16be94062b826fbdbeed554606ba52dca6cf117ac06a38871dcc18b8a7843671a0f30a2c27f007b1300
8685e86886dcb07827e0d9dc9490822882da224b4b9c6880194935c922801c05beca6acaac4731db80459b267833315c144cbd64464794f737c1c1673cacc54b8cee44ed6a623cae345b90469099cf1f,4ea081f114e2f92080f866c5e93359bc55d19c01af44dddac9022d99585cbb61b02c25b6c83de2dd8a49f0f1636e3d8fca06e86e17f6e06a048f6055df1404fe3a4489741c1fbd0186ec16149f4bd8e6eeeab6baba02cec53fd1db36043fba070950424d08b51018e0dc560785c9af5572a8777c48f5dda8049400362a884293
18c588710a5a1551c415bc6b2e7994818a740e805256d6df16f0492c0f7d8ed683c6eef5c88c1d669ee8e3a37c4c6b3277c47ec3c14fac6f09037314ef835715be5e80bd71da68ee505292f6a9335b72,58845686c4d2568aa7a29b3ee00379547959af5a5a62d9f511ed0f40778681d162ec918883e8b9a4d856a9e10e95e151d5eeba3b74c22c25dae6bd9e52a982811b802458ed815d1a9b2e1175f6a97d78a5a53d12a99a2d9ff792630fdca7534ad5e8dda554da92aa06fdee67a899b0024fd64cdd740e9a4338650b7f36a52393
9f071dc835284eb4cc1dcf48ecd4b36a3280a609508a935214c823720df2c1b6075ef42a70f77d8cd1bd7f317058c496b1ebb72b663678093987fc1f4f1176f9ae6fbac58f7bace5dd941c0cdbfce7f1,8fc684627cb17b060679f4ec4a6d5460019936023576bd153fa037eadf195e2c8594f44bd002d7b4ada79bafb6852106b0e69cc87bc5f8272ea9fcffb057527752e29706733afbf8f620be2f3891e79a801c1e0af690bd28ea07a943dfafcccba40229a4973dfc3ec376ca286a26bb5b3b095f44982414b48c68fba6183191a
11a9582459beda04b1abac5ea1807486c1d6787b4bcd3d07d2a08aeac41ad7888d2b0889ebc5f7b74528b9534a98741e83fc609f4a0bbf7e897f14f30425d11546afd0316d493b01e895b3397dd906ca,1e45a6bebdd41467806d63504d42980eb0f934cc48c92cc72ca367a6348a0923c92ca4c9dc0807a4f2abffb171079e5b6ebf0ba0c3dc47b09da61c6ef8a04c326b847dcbbe2d1d9f7b9871cb032febeffa450d150373d8beea467dec0001e7bde79c406419cb84e800e58dfe67d7f83febfccc2912687c0af8f4ed5ed5dce73a
1c59aacc28c56196f8d86edad7050af734758eb5f44fba75dbd89780e49d39b4a3d1895990377c3559c770ac3d5a801d069c6188c99c583bfc99a96925f009ca1d6298bc7812e1a4dd5458e6f339d8ce,b07670cb9a7471050ffed66461810cab70d78a927da77e3d86c92481dcd4cbf806621cd14e8e6a72688bec6e463fd4fd953a339d20b675ceb9042a7958296ff7c99090a4cfae89b06f7314338b1cd4282be4b6ae5ac83a29c7a3beb8f5abc3a2d0d9813c775ede8fa7cc45f466f7a0fdc9a86aa8db5bc5068b2e342e09554285
c1fd915d5c077705d57a107dcf2d374676768390d7fc8fe2b6b311266f23574832098aabd0f3401ec0442793439e5623d47f1e3a860232a70fcfb1d927ac3234d42ad3cf875924393521025e211c3488,6fbe08daf356cad90a20ebe0c220deb402a7ab22953a83a102af2a9886959a086f8cf3ab44e04dffd22dbffba60c5da50582457858e8f9252ff37e9ffb32893059b333a95225f9eb6e63e803b8cabe877dceafd5ac060ed275d710bbb355e364bffc42e8f4afd60811f7da0157ebb6cd75e5ed7570a99c72e4f2cea554562016
2c7a3a1d5d01dfc185ab9ac5b479a74d5188c15010d23e2fb7e709ed7ece0e2748c23ecd408f0df58ca1feca731535a505588bd705db433eb5aeb949259303e6bd3f04042ffe83e20e49eb7f32e3106e,83cd44555f36ac782c4f0a7c8bdb53b932547d9d6266c180c9979213ea4c95ec29d320c7a473f3506adbdc9f3825eafc775d3ac6b55bbc8188378f4850479b0563c7c83bf85749a000aa53336cf5a9a45093d3102f2ea6265b6ab4f4f1f281aa958a79a5fad8a5dbcacd587349cfb716cb9e6666d081ce24b53e8c442c17d1e5
ee6e5659fa817c2bb5480f0a5cf26e717565153d5bf1e8152a4c14191304dcd81dcc241710a048433c4c88f90367b64ce85905ddfff49954514cf58f681fa676780f228d4397e8e88a874016ba1b8e79,2351bc8632b8635ed6d5720a815be97a7251107078a99eb463feb5deb092ec5d94657f0a13ed95bf4056133f757ec59c6d1bee43cfa01a4d39e3096416afdbea583a26e4b8b7db70fa034bb992fae602d4065efd8dfaaf298e0e91e3d26e3212b112cf7288b2acacf5b73619c816ddf5a508b6c0ca5b912ea156cf0d9a6935f
4dccb64f1da4c5dfc39a44e96559acea2c2b995127786ab51ca9ed44a06fbb305219380a6e7aa7e5da458ee66db5b17ff065179b206873c999842029772c8301e99335feca9a564a6871f2cdb9b01220,52e31cc82207add089f8e1b7c8050eeaa058015a00381759457c18de5a156e7c773e8453f8dbb4a8ee551a2844dd1a271de0e4a7a664ebd3b980a7749e827b4710319f3986b4f8671d1ad3704b79fb53c438172ccd33e6a34a32c6014de6cfe7df929aa93f9fadec12e3c4c934ffdbba8f2149305a78aa2bfe4e6e2f4681a936
de713aba3fb1388aefaca92e1e9f7ca4183c0445b63aa20c2f1af6709389ee515845a31f018a993e0d52b586f369a400b95a3a9b9a78f9edfb2e0003c6f3c050793a498c6a00a2a523a4dcd23b180cb9,77d228226c95feb6b1bf526348252188019df309513fe5fa7a8e0dbbdb08003edd0593133aef035acdbed212f21d91a1f5428792759655731c39056e9fa24830842df53ab5470ea97710be110b98aec6462992a145b87dcb841e39e6f34c781da63f35a1c3fa0ef677e9dfc45dbb9b58bfc69069b1f8259d11868eeea6c32831
378efcfa110e0c6fa78e55237e228cd03d5541205c8b71765d746288ddbf6b76ebeaa975e1f0b8fa4784241ab9da5c70b7ea78f1636026825d1c436a58064391e0fdaea1479e9f4b46659603efc07bad,4c3d4cc6ac23ff04983b7e48838392eb664a0b7d152c4b8081507a92191359047a6e7f04f110e778dc254a380b290bdafc5eddba66112a566cfb8baa6a00599c0ccf921b8c4d3f84699d936cc3ad3e8413dc4b1e28b38f892a6dc55d1f336963c309dbc26fa005ed16ece0de2761dba418d2129ebe6fba8d6e22e5051e35dae5
cfff0b7bcd8ba5a43931abd82eef3b0be9f9f17f5b6a70fea5ebfe5a3f8f34e161870a41fa1cb007b43f7b328d86f2e8d1004c82b906d7daca7022eb761430210270e91a906bbea08770e2438495bab3,8ad9e52f87d704b7489a952658a5073cfb8eb8944d293ceeaa301883ee6764a803f59efe16fe58cb0108100af4e4c910df7217da59cd4a893673f510169cbe6e83d66c26a35cff5c7f31220012d95d99d6a40285e0143c33efba5c6f892c4648cfb16ab69f0464a46e71b502ca47e58d813df15e97ce3678056d108e40c3c758
1376a19075a181385e962c44ffaa04d24e1a89dd03177ca1d9fe465dc9951029cfefd871c6950b55edf3abb6f80d4013b27688a7cdf27393e00a4b338acf283ea85e11d93dfba51c9c7cd4d0823bca27,5b4b17ede95ca9e8e427ace3d171d7bfc13d3f238cf3253b84ecc3f44bb59d931f2f566ff9bb2f0653a7763dd781eaba637b412d8a0ebaf24ff37bbc74ae3a3939b8cf50525e52fe8b27861cb7e7820cb473227ab7ea6c582d15c6f8fe89e1c044fd5ca141c1141e738d317f2e3d765e3c1b625571146b35d56ab3b34537065
f37eaad929554aec3f2a8539fbd3546ee9575240f293e6501c075d60b82131e0265f3fc17522deb8a83bc07b446b3a734b8a73eaaf3abb22b260321bf8e5dc61f131cfc053ebdc05d64f66418f4c91e8,3996480d14284b8a3aea58dc7e31afc453b981d08527d0eed2d0dca4058f5de40bdb2c61e0adf5c47e9f23e1a5cddabb3a090ee0d8e8df92972c0cff2d1a659f9e28af823e6000c0afd36dac99641f3007df4c88eb40f77a5f44fc122123ca6f252c9b4ff033cfecc47ca48e4d06fc366595c237534c17e347863b71bfc46c19
756e511c77a87b28befb7078113c21d6ef30b0f76a39d01238f46266fd0d8a9bb99f64ad53cc64041168780d2055befd18dac119a4c206b12d3b503a9c7a25901de395aa3625a25104769a0497b05b8d,5382e6292f8e4d7e660b08b17eaad6369324970104ea4c8b91543dcfb3f3368b5f3fb99a537d517275ab729667377f49166212614181a86a1754f09e32b4af7f74f38885e24a214362f2ca41438027f9c7fe18afd05ac021172f5ddd4bcb8bd798347be2e0afd1720737fda11bf3a889c401815ab22dfa8cd4404d6af1ad7fa9
67aa8d7d157f56c46f4fe161737f503cc9f936e6fe7e8229374e0854e116436a92c0bb14b1d174d0e4ad96b9eeaf3c2fceb80622a85e8a1cea59407b4359da93003844cf73eecda27dd67746d0601881,1322cba2b767b51f5aff82b37f8ac3e6cf227d0b8af224de35a2b1af956cdaf77e99b09e0b6356f0a273d3fdcbdb6e90d10f3ba36e4479b11a8a92f27a2a6d2ba037e49618d6c0c125b1417b3a0f4194351d5db9668f856a0ebba1af28ab3b361ca602ce2aba509b1c6a32b72bf95a48a2740d1fbdf13d33f8f61f8c063c5481
ece541e7479e04a5aa1e83f9b1aeb01653be7a37a26fe596a5ce063c6a2893de8fca5c81d4140f343073c2e123830c28dd4d3a4f172e2b71a93d8b632b7f8568b2767604af6f967073f09e0d88ae732b,617dd82f5839bf350d8dfed997fac89742762c7e0fd06c2f6754d223aa449472aa94a0106dd2f851903cead323d2a55b8c4842e1b13d169ae72d0ac8a02a2c446bfc2c11c7cc1a3d85dd82e4a7f9f57047fc3dfdeebd8d64c650ef299994a8e5c445a00b8eaaddc3f900a62e8a41e7378155c029fb48132352e135f2c0f639bd
8495057f1626b0cf4b2b68b2df2347ea76485060fc0a92556c0f9b0ceb0767a6db553d40a126351b3d27e706378abae27d51a284ae7c6d57e105d93baedb445775d1d6959d638bc65c00469e70d4ae68,6aa74fa979f013783e8dbb336a86b6b16adb078eed120d7901268edfe172e6e48628c8c9ace909fc0027b2a6dd7fa9e955b9c4ccd38070ab6d14015c15f8c3c431e90a4e4a39df43f23532e9c775997ba729545430ebd7e3de07ad1fefdcbd739657edf6b02a642b00f91f08582a5adbdeaf13a331e3f7a8f662c6f018fbf148
5ffa30e79c462af7f8571021617458bc4517ae0ab600a86bf20587afbc4d689d1128dbea61c02d4c8295e6b3217cb2cdb95d4ef7ede5b80bac69bfcb10dea1f6cbf0744cca76b6d7c6744f7790b56115,4aa342a28d30fa805194ab28eda311e90441a0811f092ecb439f1511dc4dd266db4de659e14af56d475a2590fcdda425ab1db6f8f85abbd2496d002ed9d985f4d29daeb4571cd4d0a062c09f1b8a04c19238a6c2bf4715f1560ecab0cabacf2c7d63773aa72d23584ba229c2811fb645c5df506ed3bf8dcf0c498e1e4415ecc7
06a2ce7d89469502e6cf03a49f9c7e584c1e855e690b3b63485102cbbcdcec23e5e111d23513cfea73ff942ea0414a2814a8f42db983ff6ac2f02d1e6dfdbcbbed7bef6b548c18d93e243407efb265fc,4b7211ed4d262714465d5aa314c8e24cd11e5ac40a2033b58501d80e9b24e9669b757e1fa85fa0b8d00cd41c2c5ef7eb1414158ac32672eb1f11f2144601d24cfa8289e1113ecf54978eaed6602cc1f0fcc2e47abbefafac186de158c7c841a05e892290c02338b7dcca6ee90be97262cf1dce3854c47563ff1e21a199e2bd97
823c6437d53e0f38bd2d43acd9e32321236c18ea5b615cd5f1926cfbc0ce79cb16590fca48616fa785fff368a44cf7ad4f15efda2815b9c28840200343b74eea6f8a0973f074efe222f8f62f384c2804,5816cfd6fcc87bddc53b18ca329d2655f704ec2ae7f7772f82c89bf1ca4ead821863fcd6534aad96b4d0c51ff1b562456931cce4757f77e0bfb963d913771909d5fbe14146c8651805775f7107dd40bf7018516d4eb21a670ba6c03c0fc280ea889b7b75ea4f55783c59d0aa3aa96692084bde66610e01775ad1b055bbd400cf
14289ef9979b1ae56da52a27d2303c30961bb6b14a600c85d6e69b8b5bf4c4fa7aba7055b0cc4b5ec6597ec4c3a3d8b16c4c282feb6dccd63c1e45ad81250ba407302f2481508a6aa296539d662979cc,24eea8ceb1e17186a95645fa8f34f8b96a24e80c7cf3037094a87c315e92dc7e4cf097c82a3a42d67ff5631bff796c7e768a7c843f35e90f5258462dd00f41428802feed103ee01ae698d1f27a072cebc58af06fe930b3d33c17bf3ba1c5224f6890062370e94b66ff59f34b2c325689a0ec1859e2e78dd6c968ef1305a0456c
10cb0d2de0861cd766c186dfcf784ea1768efc5e6b08210a8b88cd267f1805b4fe8bbb9bc6e89171eb1563c685110b27a87142eaa06fadd88f3fab16143363e04229397904aed1b77d4091e0f89cc42c,bf3ec6c820b0acab70328e3116db5ed0fe3ec37b1d47efd4c8925b4ea27c987639984eb0119253162f154e5d51b66429fd284b9108dc8428bcf534691a53ad6323ea9d10fbea494a6a512514746bb1d89c8413e84999fb291cfe666d19b2cedf7d0d9d692cd469f156a24aead5115f067d1e6b171d6f409babf7694b05db23a7
59a812feda1fc79f81b30f5f31e33ba44bb8ff87fbb73977e70c8ff936548adcd55cd121e44ef011ac30ed604829063aea37a2aabd17bb34003b8c88813bfd19f9f83553205654517e6ac924df1e571d,87dc42c9bea6ae9abb4d2e86741cce6eed9abf06d784fca338d659fcef09dd958f6178fca693b917ba701c5e18ecd240dc10278de148a4f7d5b492af4f97e2d2a6b657bd75b1a048be82758bfd2eb6c6b16f3239582560b0d36c44e8261ef1300595fc8e6fd80d1066f67ea57f0dcce3ea60f7f61f01b208d6acc68099577196
6a71b058e43c54effbc47972992297de8f04230a7a6034bc4fcc577faa00802908c5f18d765ebe5de0200129befc48efe8eac7e6d48dc7793fd5910e374250fa9a3c63f035042a14db8942fd6e13cb5f,a1a82e701249ca923b7a9b362659a630ac111b7a736b804c96ca440606478f1d466e9e468c831dfe31c8f5d887125463ed2cd3c3f92e95ffda562812acafc86cf96b26d3e8cc259c57187fff77b239fbb3b67d0cca599078e768052a48251507890157b9748eb015f1cd9219b9cf67e1ddabed278654874156f85e1294954540
f3c71e5489ca8139522c0fc04a97db65c82a8cd7fdab96192bddc4f74f2fa4986e0d47d62d5e88a597fd6325d5bbda3f9d9f15dda956611c4c1d52f53f683b56aeabeee34b01a0286bbde8d0100af462,7b04f11c5452bd0218947201af74ccab7d4f20aa3794a093d40b63bdf7c8b64b735bb9f36aa6af673d85597715e40fe69c4728198cb2ad7619f034da1157cee9560a0b10dbe441800a90a698f05f477ff5a3a2dcd7e078ce3cb8d7221c1de8980ae9317afe7f538a259e683ff4b96efe0d973a6e3501bfb4a3ec2aac613c5cb8
c94889a5b93d0da9cf7a83edb9069ecc7605bfa95cc30a927f9683aa6c0688a0a073f3addc44762d90c6cc3ec4b78f97ce6ac94caefb0f60608214189b1435fe59a1a9f33af6645021d1ed3a6617e133,100a4dde5ed52493814a3e4596c89d6db5c6c35496d8a3a020fdabe4a41a8760fa6ab6910d59df602bfc61904b8d13b9de03fb6d1268a813f7474441e529417c34b301e765878707c06c4fc7afa9110b04e7445ea7b7fe8ac7809a79464904af45541d7e02be0f7459fc5aae5cd1fa75644b6edadee5997fc49390bf54936b93
0450281c603e146127b9213c584d47e0870645b966443e72175ab5efda92c74a0e81d5b3215eb985a623eedbc68a5825988cc6f968e8f642c41097e0df4d30febaefe53e10e9ca8d43c71da5e0a59c5b,b4c4685d209d2411f38b8241f21fb664383496abf57651d3cfa1370b0f7729e78352ace49b6ff2cdc9746bba4b7e5f407ab18afab542b3bf2a408cc75c64f2f5e363d69c56f5853189777f6bf29cf022f64301c5fa8d411dddac363a2fd3cf307a77f4d6905d58f45ec204a916d73664c70f331d9740dfaa9a6dec99bf8a7469
1c171fbf5d81726c47757fffb6a843a246a8704d6853007ef4653212ca4ac2053aa9c30dda26fdf8c0e3d694aeb55ae99441f9487f58b9d1a16b30344ee5f2e9d3f13d99f16a30b6259bdedbf88ac2f0,be4a771f5c8a6d51826d5d531e5bbe31c9e028b6d397d581e15c914cf7b29a6ad484b70929ce4162744ae6c4db9b545633cd95af2a55abe1816d41e31b894cc9e350a6bfa623eb69a35a23667da8b6f78da92c5c8e279ccede58e7e9cb646106808ed8d4be7b2503d97f8c5c447fb6093ee401202811f6f3c38a8edf14e531b2
b5dbef0889c6a88323afc405a3c9a05d7c6e65f282308a14912ec29f983288f06309c6299fa4bc4fcaef6b6b626b1db17ad620c0345cc8a1b7f05003dfd7cb4202fc4ca89f2a6ffeb277c59abdc70274,37f10049eebebf5c9e9254c58b83ba3ee408046e886e8a4205d61e56c347c9f56d62e67a343d583ec4009b09a378a9c2a4d1ebc284bdbacde72bae4e282c4547daa9675b9fe13c3051db1a4486005c6219985b1e65cc5a0c1c9e52a0dbf6c1e2545b3bc7921485a381ff581a033abcdcc8bbd4935a97470793e2e6705d1b9b9c
66313ab55e597845f54b190a8728a196d1b414e70ac953e248160571364fbdc97f3bc04b7f9de2ca0430d0fcf2e2d303364dc1a121502db3511f8b5734d81955dc1dd192a1654513f2328f2d25b34d39,4e4d3c5925aac7e04ac3ac24b65073eb8fd9a64665110dfa2bd6fa1dae234016ba084799c9dd7e0f96e2d2caa8d7f0cddc60996b8ac379acca03f3aa3f7e331914f9718e8dadeaf7bff35111003d0db1f9b8063672a6f5b2993ded1b23525d91be07355044343e487c87c79430475c825a860ce7376364cbeec1fccf75f9b2a
8b59d1466a076841c11b25291b2e90e6857316cce15218163d20240653bc058ad14ec3c59d7953f3df2f18601baf88701cbb430365ef5d0fa35fb0432f20d4c9eb4d7f2bb666db62e4627cff43db4f80,8e0ea2cf98615b318df3d6e866366defdb6181322e6e425df885908454eeab4a09ce1844f1089a41ee5a59eef54216b62ad9981d07aedc690a2b961f35164ddb21458a6920a8f87f9d80420ea7c0ee56cbc53606ea92ef87d47510f8c74e3384ce17ed383397193a43939b7e388c8f4f27faa14801c700cf49586c465f254a7d
c8ad18b498be1485f06b31ed4965dab3a59ec1309575099d2aaf918f8ab1cae0cfcdadb029745e48c42d97f31dbdbe71c0081f2141b6b10de15e70bff6c350f4d2be105488a905ba371c50f2ee686a0f,85fb288cadd2927a0bee9acbcd1c45da7ccfd13296a8105203c94725181f7b8b84eec67921680dcc2d8a39f6e1bf8c6f4a39751c5b72e8d50259a3df381bb557a372b15fbf78dbc0344f77a62ed397c23c93f12e97cddf22033b5587cd074fbda3d5974fd3bb4819dc9cc2badd21ff57f091051914d7c336f49fd53e159539fd
9d20d2ca0a973f932e67b71182916a62c9051e08b3e7118048e82eae219a1d6a39d90f0edb7bda9075227889bc4437423eef5453eef98ac9d4b643f1bbc3d35d06bfcde8bcd066db2e30b6e1c8349798,264b597a7142a91eaee3bbc01ddbf02f3f918b387a2b9b3fe1d70ece2f493e3d35ed6f26177ffed9cdd77e80ba1273a23d1243862d0e889603d5effd914839916413d5f7410d61c1a90ff280b7dcb1ea91dc09ecce234936afbdb2681f8079d8804483e8a7688c9db91e30b7bae5cfa8685e31977acc8d982cf3a7f71049faa9
38566ca9f5d041d553559f5a806cf73ba9c4b2b044c4a2d588d179e92e371d7824a092af66ee333dd1cc4aca651360c8d953fb76714cc2e7e243c6c362d362423da0ff519100bc6aca8abc63bfddc6e2,ac366dba8d5a7b6e33d58c170492a07f14e07d8d31b30dd7929c64a5c5f8df55dcf32fd066f117514c57614458b492c2b84b9693578ce4f7f2104b22896b6174a8705564c42bc9d7204bfd9e10597c7d9fd06882c94f7e29b983a7fd2d3cc6d3c5ea6a6fb0e9b4ba4f2dca9c86c838d770d4eda106e60f200fc08552848c1d7
e12583a10b85b7f1cd9ac1d79814e8aa64c3fe52f53d381be7faf3bf44a73a4e8111234bc01cffffabbaf3f6338679c499ec1a80084a4dc22c92fe96e96adbb9c9b849eec30da9e3ab2421cbc77b5f1a,bb778baa61fe9d8ea8d08570c3b8a6a1fb4102149618459536232ed89b74d3a79ad49e33a26ca55875704675cc79fa305e70faed439a55e5e9d1cef48f6365ea7218777fd0f358bd5abc22a70148857c650da6221bb1f472869aa521d11bddeb46c8320398eea41b1e6e1155c19c5bc30edd7fb9e8d64e689101b601faa6795f
e8c101c6c2bde467d96370416b0a731208500bb28d9f9630e4d2d7e8b99de1e5bfd812c218b0a78517eb92612bdd5e6b313d17fc814330d58fccb4f27edfad2810a27cfa413d07b537d8b7c8549f1fb4,314104dfb3f13ef469b4ea0d4e09eb90fe7dfb18302225f990266c50384a09036bdf69bec0c2521ee72c9a365b3b86b52a67b4e492439d20c8feb75502132a80fb8b439039e315a02682b98c068ceb3480175b044f857ba2763227f1afa34703a62aaafede1a2b58de12d0be5ac00ee575dbb7a484f3fc305123b4b747b40e81
422a1c9a6a7e738fb655d2600c2e71f9dab28b8c6b639787526e979767cfccb2628670c42f82895cc3b5b67ce40642db8c9fba5c92307bce81233daef7361cb5df91a67f444524819510150b3071c18f,c33e81290ffd0b5a1df7991cbef64f84e51bb5a173ac12aa2ce8b6e5c51098c17b3609fa6414b8819f54e7b2f1120b614c98f27e62ab3538cc586c56d05c9a1135c58518947d9f80501eb410ad9284f8b97e754b727d6436b0535c8f22f5e3ea0f36d958f0774710edb5213e76cbd2dfb813bea15cce7ecb4afc61cd43b1a719
20e76277e178b4a722d641fbeb4edd69c388d62c49b2876a9697c851f3f4666fd96a2e8a702b49c91f76e82d1d31e2f61f62244374fe28f2345976cb6f91a780802c723720061c1e67f07423c4b3cf43,17326d9173d4ad86a048873e587dd4b91dbc78dd47754702ac7cd0909666fb4420f7d07683e635856390b33c03d82eb649c71cc5600dc809adfee88dbf5f1839f5391fb7a94064dd3e50fb094bc66574e585e923eafc93f1ddb302bfc050cbe8fcfc9ca5b739e425293fdf1cfcf00773b832e6d4c783224f52567a7d392c7479
ade9b317efd69b0de0145396a6bdead65cbe0c2d63554d1c1f7c2a4d624ae39c3ab9e5812ce62c59be3e2d95d5f8f920cdb65039d66ee132efa352cb0a574abe69c9435642088686d9730b0d1ef86ac8,4c03ba993cd90af34f01ec88d73f3e32eb6e8989c701c40dfe06ca0aec5e7382f85a3afa8b74df6d5b2b5d2729ad3c9af1285acece0117d219c334b4129bc1c146a5eee1bdc3985ed631e2f5990ace70e9de201d2e935f688797c914f4c9eec87fca1ac1260e5847f74ded21142f856ec02f6d418df3e85c553ee52bf09c0ee
c42ae5cb1e3a882fde4674b5f23a06343cd2b0dc3070889c6f4a84f7e3d31411cdb7697f2dde131714a98316ac46bbaa9144031383d69a9183aeb8f1f1cdc702aab23dca9004fd28a1ce6b718da90814,c88a5db79dd213cd120acfb88cf21c837bc91ff4b3b3f1a70d55d180207850336aa1498c7c3fae82309e26f1815a6fb701d5caac8497c94fb5d0828bec5f75440976534fdb026a87bbcb8ae3e764a221ef7e01164ffa328bc247ee11e3e389e75ffa068cb1ee5ac9cb4a349805b4bd5032cc41348758e711be550038d811f6ae
e1aa65f72b836ec43cab0b257dfae499d0efb34ebd5b7eea18d3b44513cd75aec2eb9b04d9df92d1bf5142ff005291445cfac70cfd220004c9b90e23501e13fd185afff97f6bb265c23edc84516d1a7a,76230de7129f642d39d84163154c769e944ade47c409afe4dbb69c2cdef76e429b0a92da19da4188afcc472c0c1340e5738d672a236ef17775649f7152d931c00729757165b17ff992120f122462be8929d4ea346080f01993e4c589f49e684e314471c5a05e1dbf49814ced8eef5d013db628f892e1d6dc429b2b18e0ed1e06
1939c7b73d45c204bb03a9f4c43265d7c309ed25746fe6517d257f8fdab5fef2522e43fdfce8c934932e9623b64e034dd24301c003028afe50b62356d0c0ed7d8f8bd7a1b32fc776613f5d5c2c770f75,5c113131a2c7a00c6ff8745af21a65a1dc4c6411b5c63b163f9ecf45d34fd63eb93c2e3913fbb8d7cb1fd200ae37c169c2c9680472450b6629e5516fda08b392bfbee8252169475165ee85476149d61a2fdfa7772517775444d5c68897c561f0ff5ba3957d11fecbc6123623a7788722a9926ac34c5aef65f23233f3a8076179
e9744af402cea6a726778e8d32e5d041ade9fc62d69fe7f30509cb121689c9690648df634d11b7aa2766fce51287b2565b4d63744838f8ac15c47f1d0e5a904c669ef33359e09cceb1097adb13dc3bee,17d4fdc20e1c42d8f88808dd6e21c950aa5f3ce19680765c030e4cef59c61d4c468fafe94bfcf60ced163b130a27e5f83e6e56bc418dce4435184acfb4c4a0d9db15851eff06f0c770f2f79444c74a48fff1358f8ad74f1c22ed52a0f4fa6de107afd285a16d785751da12c3e9e5554434ca75bb41c459857e4d042cf362cfab
31a234e5723b19dddd4c2056c13cbf25ae8796cec5d5a63d3ae60bb7886663fefb242e65578f4a225197becff34a77453c48add60766327fe069ca6fa708c8cd9704fd465f7ef1bcbe5823c9272f064a,c269bf0fec4d46dce657b64a1754eb38418353a59449bd3b05a03d4082532d26af25f8a69c27fe36aae13ac5deec3f513f58f1a3b13013a0d2ed6dfb6e859c9e2a7fb5ac31ce9674c2a1c442e7bb488cd12646dec51faa9a3672b1bc82057992be660ff9019e8cb91d5f90684e5a4025f924112230004d00b93bbeb320184094
5ecc2c08ca71865f95174da5c3e9e308a63033279739d79a7ddfcf1e0a23854d9e1d0cc80401636bdacf06352459e5b3c13bde3fea98dc5315981b217ed40530ebe701b9befb65a18d011b75e4679179,c24bfb47098c7c7603c5231d8b4197fdbe36eb502f979439cf3f8fb46dad378ae94d18c631248a5bdf0a45caf5e539ca6a8309d55f5133c71ce51fd17ff9a43052f008e6f19f5b8a7043236c9ef6e36e3ff60fa19785cd437184fd01061776d92ef747c14719d1f7d67f386a35eac538c7393886e4f2400847104e3c2e869c7e
7e6b4481807aee630b85161795b534a4bdca96ca1c4fce6a5de5b26cfe517a42c41ecb55d0b7eab5f1e79bf75edcb23bd29d5a29fa39a2e18d8abb80e533fc0aaf162df0dd6c30a82ab3148a2f62d0c6,72d343f1e076192b3b7226c527f495e13b2d5470925336cd480cd0250c92e2b1d88ab72887ebbfdaa37a3a1f37719a517221082205d2bfc8e28c6635725d33e87b27bf90e35b58b3467c94e0184a90f4cbca0a6b40773e769c4cca6d43cd482f0351246049dcd96a2790e2ec9c2942d4322cf976df20eabd975b17f32ddabc35
6d1955273088b4a5aa120b1b94ea25b159c5d7e9c387e59ad7d48a59f9ca32524c9572770eab1884e6c05dc4801e4229a4b0f92d6f97a24119b58b54e4bab48fcb7777d6e90d09a00cc5bdf7771bf746,c914e28ed87234323620ee7b04e967b3a491848c76ccda4f115b82a0d71da56e1cfb460f6121a9229f7ae874dd29d909c13191a3f3b4784e721dccdd856a96fd9e8dc48298a9fe66ef3d7e890a3f122c61526addc0b2792b24303dc806789b5446dda73da04d2bcbedb374ba9952b4c34a6db9e3aef6b3c10b08861e629c4ccf
692c897d08e5a1c65041860b85e6b1fee96e4f823e3707fed8da499b0a7a6c8ae781bcc10877db109dd2ea7504aeca4918b54b96bfe4374069b6d1b242c4c7e4aa47a9c08a3dff5cd98d8aaa4cab7c40,4596d7c838423fac4757a48126296fb13a92a322fa111f18bcc7d2a887e0c710134fcf6784e464ca85d260023599a4dfbf315cde0cccf73cf1fc2a9ad857cd008da93c48e42f1106e59bdecfd80d09de911dae06a75b1232428e9c0e390713c9100782b8147675236081e0a72f5e3d8fab22edfe8565f0be829fd6db3b3d5b03
be3a8b59cf9304677540331de280922769a97ee944749e68291941fa19c192c1597ad8ebf825cccf887d9a8121e9c1b927739b26db6c0941d226655f2b962c5aae5db0493866cc6fd541cf2aa754fbf3,c2783b62b77ffbf8f4963270a30711d0fc50d40e3c747a7e9e910c9ac7d3cbbff9bb90007cb0ac869201a97381bfc34369f447aa0626dc6e18f6ac5baa99034e2a0a24cb0ca47f0a3f6171423c9cd74b8db3d3ecacd9356f54c9fcdce35f2b907b9f791dd9497ba76bda0d1d9e49d2d6fe4a80b31a00649841eaf780138c4d7c
b6531107addfc2e54dbc67e143901d7b4723e79e36039f628fc0a89058aeab7342b7f8ddce77c68b9f86d49d57510dd0d7da13541e2c671685c5e1a084b83a27a8778eb0aa1af29164f7d46fa770b6dc,ad787f2cce800e98a07c6baad8e4633cbdbf40b2785a20c5e3c0fc1e9bd98029c0ce82a5495fa3427c2976e2a5871bf613301aa357c517cd290080072babae3e6e48bf938beb38bd9d170e4584a3d2a266e7116ee2d05900e49990476f9a788c8fc58f8ec78c37f71cdb7231f1ba94141d9794a3f2fbdac6a74abca6e9a1576c
3aa28e0177fe417e5277528dceb0cf41bb99f49e87fad13cf0217eae1826df712c3823907e69a883aca88cef2dcb560978424e2dc27e71d47aacf1c8226b2aef6bebe50efbf1fcf0fce83eb51ef7f13e,6e8d913ccd893775b9330fc86bf0567a07d5e2868ade3e543f92bb17fe2103316edb87ad268052d7390197cc038811f9825c19de727f054bfc519426f718dece0dd3a6a54504fff7fd8d6acf50cd5e7b42a650ede6b2d4a7c00b59bd105b04391b348bb94951f6a0be5ee51419c5902b8e34b0a512f1646816c852b9fdfcba06
cb4d40591c6cc9b903b983149212bfd90678ae70d5a47eb7e3766d5534685b3717cb35538ec2912b5f97cc4541c80fd0c460df2de368196f4167f61bc7ce786fcf38f43979d17c2fc3674d4304357f30,2271b9d962caaafd5113e7206cbb279104bb296906ffa1470b8af7f73fc9cb1c8119df0d4087d0b70a105a715af16de239b24f85622aa3e54535dfc428080796fbe18a9bc6d701715683c4ab435c125a21e263e46e5bdcf57fb1c46d40cd9aac1e8fd35b85e9199c723a8808d318565cf52303daf0a39f521dc2aa3bdeac1691
dd31701592a0aba8ddf338bda7b9d67fc9423102b7a8df5d8659232ec87436b6578372a6e284b1789967dab2776ceb819e26ac283a6ea4a84b9b7c7890e1809ec1d6afaf6983ad5660677dc9e5fdf6c5,633cafcf74a63b58447b1f5fe000629bc8fc5a0c7f5c351089342acfb84135a7f383af25b60c81088c44cad42afb2f3b7a63ea1871f7012acfd6fd0595fd356fcf40e3d3bffc05e5444b69353a367c15ea7c7adeaab080fb0857ee35ea7523a2cabc7c47f485ad7780d10946982991eb1e42198f89c45822fafa7103511b61ba
010068fbfc827fe56f20aff3a29e249cf41a646c517b585bfb18de176730d222d332bf679b55d11a4fbbf2e4bdfff111696012f61c476500ea7708079fe2f63bbd475bd133ea23ab19e15f9f87868ede,5696c1f8aa9ae886641c8bec1c03333c0ede194f0904780f339129ceb80f8e4c6b54098b53622566bd0f70b25861ca489b5d9082a5379f645f9bf21c7a21aba6a7a01694cf4661ef77a199e85a1dbd1792f46205509683878a7844820d5687885a7b4fd14636ee48941d4403dbecceffdf901577006da98ac44d8734378265cf
7f07e35e348c94874bd26d6d5d5c02ca7e3c2163c2e6661ff057b495bcdc44fb32e932d0ea67d3b02cd8a22fd3401a8b791f623ee087a109b8fe31371bf714b2e5b652ae811dcf1212d85f36728ac54d,75f43e26813d2cb9720e818c4f3e35ba9f32f4c0916b760882d526925b702f6f3bb9c648ef3556cfaf91bc8b3169cbca56c3644104bf39a71725de0f428752d9d7956ba0f022750896611270e73cf7fbbd3c8267120ca0cc5d4f4afb308170e6e59be2fe34c367c3e5ac0dc5b18b2d44108d8110f92c5d8b425af2daa0344420
6fb8b9c5b87b1eefd6475a6f0efe665a1b72812307b28eaba6539ad6929fdafe1d9fe84b68d30755492ac13d7715ac1296525c63b5fcbbda5fc02d7961636288dab3abee86e4233feff4a6769a1de050,5c458819cce74a5a85d5cf9964973afe58a6fd7f80af3f9c35b2105ad7cfdd393b1442a370ac2e8a2d7811bb08d306d030b28f3c7ac2a5db4ea094995f0173a30a50587cd6b2653622625b1d9f8eaf433f9cfc90119514413e260377f500a48a97ec587ff4f47848a56fc45dbdfe775bc83db14f0092383ca15424a0a11bb027
3e8609e371a7225841d00b23128f450daf570f3a1e0cbd78f76a5b0954d5411415db2ce8e893e684f45dc39be0b7108869a9f965be6114e594e659ea5f10480002e0c78afa78c06b70188ff802bc2d51,f3c167fa1f8b1f47fe8ffcab3d51a8ab4854b3ac844af45eb1847531d0c123e6ae7925207c38ae336c5016c378df613041763ada252722438a471fddce98e54703d54dc4cade4e4cf9999b3608dc908d0960f2f4b5a8fcc0ecdcf09f2ea741aab17df123db7573cf9f85e06df37b783f74643b10a33024573c794a8d9177cf3
