5724ea4ad15218bf5e8bc0697b74ba93ec06bccdb5227b8758f35fecd1554b6b0a63c6365162b880446b4df9f5401ebe39f7ea24fa737ebb30422ea8145a1ffd4ee648c1b871444a3b37207ff268e6ca,53ec53a38129cd0a9fe19cdb63a5c28daa33d0dd174cb1790ca06b659e83b657b98d226ec413a24b3773d77a078aa8ddcaaedf581aead722369b550e9a971a0da3726bff607b32a3d22566e3e8b30246e690f65731b7bfa14e44d1729b56ea6119608386321903495a2624ecafb891f32ab25e1a1ef5ca35cbdd503af034c453
ee4e7e61179e40f54d7aecde9d786e0304fe5fd13e41c61c2172a02f99e4c19e1d0b3420fbd416cdc5e390a4d34b54aa854462c337b7b7fa4499cfdda7d2188109d4b17afebe4692a7359a05420c8989,93b123a9a57578a486d8546e0ddc8d54651afdcc3bd7f1b16ebce2f3e93379e5d1683e3e755d5b91dc7e45096c4ded433cb2a4db63bb47685b094f9c3d94f42cd42c116d04c3e7ffe225c3a38df33a7dcf5847c514fdb975ad75596cd91a1989fc4ffafd4ff9afcdfa460b0e40c1a0c49ec73376cfa100666a945d3bbc9a88f2
2e5e38a5515c1cd3f42b2068be856424e065a0b1951f696bc0196a165f9c00f0f01a883237b8e9eb792771b24a94c67afde3f73eeab9f06d3c8ea4245f941065ba69ed51674255370d9d87d4fe0c7d15,79da2b354b97315b53d822f33d6e5c0dbf9dd908ff847a9207ddea162b9ce1bf71ace6e28ddaebb948ce7ac95d55a0f8c64afe5f5aa50417687db5605d8dfb872b1222725c79319c24ad012a5c26e661fd9806715f78344577fd24d66acae2181d7c958555b33177d85fb0f13225e98d6a98f6314ee438c6967f8977caa31f3d
cdbce177a785da4579482f57e0e3a4156b5e6533f514367f642ce73979404573086a5660f839d8bfc985024e079ea513b5ee9d04aaa45d9f7a039099fe9a017a5d0da69f390f11d36527c78268152529,ba54c1d07f7ec9f32a11a1d278280fec71e87e4d60072341c6dbf9227da3606790837f91e768df499dfa66e9a1acfd0835a31bc5f1b352ee6c2421fb62ff21d09cd6e770caa28cb9c83fcd73f7020e7f21059518c52fca658e3dd1ac99574bf778234c5a0faf4f2217df455efda69e6214a313e9eeb78c334b180a73940228fd
003e1d7bd8ce8ba5f615bafd37832e2688a54e835610b0835cc5c1b3bb2c36184433a2c0b362ad8d43bc7c9f3292ccfae4f4c0457438a7450b44602921bc753f32a3d6c82aff4b69fad9c53f45cb227e,21f747d49730b3c9604f51881c859c9fdd4081feb4ee77e3264cbafa744bcec24beda1202fdea4e8cb79f17aa10f3b92fd836017c415002c78f454f3e3d5a1a55c428184826784e3534d8c350830828ae86caadde0cda5133632e3228b28b7cc38a36eef014cd8b90fc9f0eaf1d9eab4113f930a110524abe62340779446731d
f0675444fc18c443a81ef3796398dcb7b3d93865b03f4198fa57fd6422d49b3f3f871525a55763b1d833ccf8c53c2fdb5083a8b45b516810c4f2149755113c831d66052527b84d0b37ecf54c6ddc64ce,9a622586baf13570fa7baf06d1f590063994778f4886d19466455d32ade91d93dadafbe22bac35f3cfe81aa7b2aa6c2938e2f9297cddc11e9eb04262506a62a3a67150612c0349ba4d34e97b80f588a8841c9946f0c73ac00666e8f044dbd381c9b9badfd9d0f46e9e429b85566cdc51da543c33126f851c19895a5c3ea47f54
13b2fd6731864842442525c0f2f96cc8f26b2b292b01f375dd726849ba220444278a0442d66a914b3c33129bf239d31356463800ecc481b5fd145eade1e50880a2937ad09e9234c4fe8efe423f17ac7c,a92cb79b84d182dad7523213ae191baba17f95a351ff024d4330010154d8129a45053fc5e602bbd8167eb7553ef3b76135d45121d5fe883d8ffd90e67872ce525e711e17d85ecc5e9c2d57b3018aa84f47cdeb712adc06162b6ea2dd96cca18c0ab8a89f893fee543be91b2f3324e0b593a30ee5f976ad3d5e59fbe20a48cb78
cfed3b1ea390a317e195bc5451f5c8d4164b9c85f29f2559a69f41d24a0b0f07b8ae392ab9659d64d67d50cb9034e3463905b8916d83cd62fd0605461ec8359a12f87e0674ff7c292c10c160cbfcec20,8f33bf478ba866aab8518e29cede6b547a3fe96bae1b84c1cfecd82888a9e7ec3ea872020b9770259f225a17ef9ea1b5d56d2c18c17cada4dd6c413575ad6de9f548a761eab9660f05ee676e50f602d5fd2d6698891b0f5083466584ed23dfc1dddd028f2e750ecbcd166b9d7517a2aa7338e226c58d42b0ebd45bc485052e67
2cfad3f4dbb880cfe73c59c1c2e4575a9d5d8c62d0af8591293bd9f04cb9cad2585c567bd441740c7a282fd7c6d49f7e139fd03fa5611f108317dd169566b53f00ecde2b0e41dee89167433f603b0fd2,1f226be5589e9966ebbf8d409e970b59e2c1eb7f76beafbdc36a5325687b2c901ab8fe620fe7beaaf58788857a51f742cb7dc5a0edbc455f39d5d1de40a1c8930c485d3795e6cc3185139021e40b92a6bd8dd3ca0a8886b20a4d3904e92899bd1fac317aef1a4a96461ad1e336978fde02aa1391f6348d48eff4a06121eddcc2
50f6be45a4e146c8b099298695478d41fb74cd2a2895111e55478bd87f412a0d0ef53c71aadde777228ba3746b4fd7db93c2fe509d124c83e0fac59bca3e45c47cefc4b20aef80ea2c60a0c15ec29ed1,66f6762cdad7f18a59563e92c7b963ed99ffde0b928adf627d8ef34bd15ec583001ac72036c80c9828e13565f86631fc1ed104a44d88e34598dca10e9859c3759dfcc3a648aff0310891f76ab63b8be1d3b2cc59a71b7fd783bfcbb9d6ac7a109d3e659f8b32e4ca96750f90e4715abfa1fc2235c80c32b1588ea5026d917e03
c1efd8e1a0b171d5860481f8766c815363d3364ee7fd1db3fb85655e1a8b72d4d588bd89dab5c6a70395e6231c665993e29b4f40d7ee7f057718a6eb050e3626fcf30810f5aee241980fc568a78717e3,80743d4d435ddc851e379824f5caca2bbca506e3a81bddca4cd2bca5ecf27be7b6c2360656856f98a04194e5eebb57583334798738a011ef75baa0ebfe9922f6ba23f91c05d2a2889491846c66f139ee63b1efd1f2aafce192c50a0cf32253da6c48a06b6e03a3b10031e2c4cf2e6c7487eadc37da38bf3ee3b6d8412a4faa96
1a8e74e043794b47d66b3bb4346a1987ee2deed564d7f391b276c5fc4e1fae4f1d33f6479ea2f1fc931c94d2f46ba9497da59fc8e15e397af31f3ddfeef423eb59d646a7b0eac5df8864ff4de5d74e92,488576002f6ded72eb674b4c548e236fed1f60765b75f60fc4227b54c90eea8a792f6aab3e9c37bdaeb42e817606fdc72ffc7b08ae701c683a09f8de815bbdf3d743e6717772f48158abe5e4870417a3a3d685b00d40c4914a2a7a85a9c89bb8cd352e01e0dec2a1f2f80302245f1139c13996c87548b2242588fa53fbbb22dc
1f68916d8e3b9c3051d7f612210156aa2dbb4d8529a64ddbd812f6eb288daeaa75ea41d95621358f499eabc039d4c5aef63507215e195f843e181cff8129dbd11ec36e5c2959e2683e7a9ee4857cc6ec,93ac4349bcc51e83051250ebc2e2be52d89e8347b4c6405226f51e5212f1cbc0a477e1af5130adb87ba0fa161e773888fe5d60ef83d8615230bf238ad0568ed893c0d3e243aea221ccea193a1f66563eb4c0595d6b627c791e48be23fd6d398eee8941d3ff9c5781e039223dc611e6e764cf3bf7435557896326c763d517bdf0
b7cbaf02cb1828f56726c4640219ef2ca753e1052310b00fd323218d22a26a6fd65c344f6b6a3d513dcf07f1283340904cbf7d843009d4155390116bd08b410430b89442f73820eef34ef9c6495f278c,b8a27d582433acf13935cb0e35fd53dd20fc5ede6a7ab277791d363b8ff0bc01dc98b09fbd19f3bef60d3868e48280ffffec2d65457d842c3b16a1dd44006c0497f4e49e87a11df5f44d9303e3a9547062afeed017ecbaf01b39c023ff241bfa67006f2240e5bcbdbc732f09274a3f8c82d4d10e1a4986477ca48f428c70ff8d
4df524edfa7f0b1b615a38ae981982607a50c3d65f6ae35086d9f68ee848f632a6de3cfdf6cc0486dcf9e684020129d34d44d65560f94182620badb1b71e4ebc6f7bbf1b604b362e0e8fa8755a912075,c7805ed6eec6c7c1a30c06762678d637945ee5fad7c819f16b2d844af10f0dbb6a71b464af7446c3e82413adb0a0ff0f0dbdb54d9f61584df56031f91a5f3506d3161cc59aab8b068bae24661c485a6b995ba2fb90f7753839027435420fcbc6cc2495fd35434f3a36a7156e63e793d9b310c70cefb01617932ac3c9e8013dbc
f349a5cb709c1c63ca16a9255a2c4e116d9538ced973a5dc191d2de8cf269611e0895b3bfc07d7e15b2a0871f897691dfea2fb8b01db02b3f43669d54a31d286dc6da509a9532a43bd1f87a604885a45,1572398b30c553b8a9e74d84e36d830077b5b1734bc778a5ea73770ff7bc5197ed8629186fe30ab5b46814eaf0797d4c99153aabc835e08509ab7107e70d5d5c29ab6bef8a2ce35c471294d095cc65c02546ed749b7fd84d7f32c7f4ad47545b65936fda672c04c69d50f5db6fa43da1657821b33e2b36f24eccf5d6e2f93f45
badf18e20824b1d44ee6b47d79da51d09975a64dc6989342cb260744c53703796de39ea3558f985bbc47c307c0991b0a21bfaff2731105bdf7f329f28de04b0bfbd0e4b5d2071fc307b0654794684278,8eb77cc1adc36aaf5ab66145af7d1f7e82b41d401ae52360df7e5978079c6d2919620279381bc54fb35acde7d370118c5a55f7c23279cf974c46bff708afc8c0247726cdabf508e8d52d912438335cbd79e301286a2aa8e5e2efe58ed02227f629586c4be2a360944c833e53e66188a0b34269d646057e9411ff97bcb515cc18
ecb4457e3c844f593e1629672a2b7b792f13f079008a97dd7ea883ec67d12ff46a52af6f05fe0823f43e685dda8fdda54ab266304dacf78513f83d950b86b94abeeadfb2e0791c05f2fd6b9dd4291847,6460b0632c5cb975795fe5318b82fa483f208b5613d747b0a52b764fbb9b341afbfce53f99979d2ebdfd17b80854bfd8d9ed6264232194b5d2b3dc76f4450f3eb3580eb57526a0c071c1961a5349c76d9feb6030ce9d44b77efe200f9ddd20b5802a800197b2e0a5af7a52aa1d24454879687c3e6f5bc9564704cfd8fbadc7f2
fe952cd3d35df2cdd6235564743c09e7da61a6afefaf75ecf5b886f60ec1c1b295b7a14007271a2d5041c0da7fcf2a90b07a0a5209a7c4caaac165689977e89ef0476c2f587f6edd2c648094afb2b907,b2bf723db85626419a4bb52fb0f1d68a0f8819418cce7fa54c0feb8a63cfb599a7039c1b04b91e7c3cda609088587e2934a7e803215b462cb53dd3c83219ce958e7b76af322c278f2d54df1bbcb5a00396478efd1ad5d0d83b0a4b2637727acf5d55937c3d240da33cc5f6ea502ea896435a60f36e1f318b144444f599937b6c
0f32cb4389940181e167f1b1a5c5277db247ce76a6b1a479d8ba44cbeb46fa0fc1696d5b7339ec7c03c2e9e8807abfb083e2455f0725c6751d5af9229c185810baf19690edc943ea5f77b8d788ca4a4d,4ddbbfce8fb77dd2902e9f1331241695aa004e60791f92b5fa16b5172d1ac79c335f7260c2da154307ce57224d1399279357fe4f765c34d963dd995c4e1cabf78b17afdd7676604583ceed7500b8267e5aef7f7329bd03f58e50c120982ed73fb9caf3f5791df188b9c7dbb6589264194920e08f19fdfc99138906fc0c17bc8
8112624f042576b1062ce88b60cdf8f49f77ce6ac9f1d129f0adcfb113c8c1ca08236670878bd29ecb47d66342df0e6191442be977214b9eae142c3380d9e4ace9937d58f62468ad8d69fb6102e58a3b,86103fad20148238fd0a3d6353c5089ae1ef1dba9237d059b36a791d942b8b1157531ea871cf28870712fd6f57ed300783a941548c58fba0e74f837435564e8137a4edb13bf205e4f45e0a78276d130497573201983c972a4c39839752324dfba9e97a238b75f9977b5612bfb177f158f8dc6153cd5dc46847625d9457f356cf
b74acf91100dfd2cee6922c1446d552c0101c1bf426bb608ede29c200128639f8bdcd1a3ef3d047d9808d1378ac96bcfde910903e1c741cecd978d36773be28436c5007ebcc6daffd51eac6315fe6b7f,c2550d8d95b9876073e11ef9cdf3338642e9092a050cbc69546ce8c1908498802acc9ad53b6fd2602e261b7e1231c73b8a882fed711cff0b9032281c89ed272a6784a1d98d0f6ebae907bf7913c72b928c0eaf2e7433d5f2c350b357c6d20b4e197bdad0c359c4affecbdbdab6a9c22aa268633b92f5796ef12db212a39792b6
feb143cada80b13b760da0f7c1b7f17378c987580e4da1180c2a20fc839215facb6f69cce05b66db97b7ad1525c2fef2011a07fcb21543307616df75cb6f0af49e6b7bf32547e0114fffc08b0e733844,3b3eff5205cd2257f69852ac04934ccd52bbae53392348713967a97af49513781fc224c7828ed20103a4802d94f59b5fe38bc46f5c81933523922ffaa38a5e5d3f29a9962102fdf51e02a8518e6f43c338fe0fc6075e596e5b0015a70e14c9fba47a3996eea685f0adb90b75179c2cd0f96a2549e3161053999c794a701a3ecb
b8aad2759fac7df47f22c9b504a1501cdfe08322628c56425e00dd0dcf212d390f25b1be438ab9722b03a8fff9b90d1df4b447850cb9211dbbd0644832628ca71cf34df1b9791e9c19561e3fa5083586,aadd3b1759147ccdbec90a71f75161e1f1843c109f1ce05469b1f1c32d9fbeaba84d8762714b9021cf063d2e6404969f99a778477662776b879757afc39350ff125e4298152ab9e635d77789205432fcbfc0f2c16959b617f92e7a5c0dda41ba8c9106dafe52f0c54d137bf91248ed6b5e8a008c9315b73f4b7bc98c94acdd75
8f46f9363ec21fa71f9befdad4e840c79670c28a9e79cea3075f70344d284b908e8dd4a2126144f98c9b44f023a5ad64420cfd1ead8b1f89d14689c363e2d81e009e5c8780d6081422a590d30a8a4119,64f20b965c034b6ce64b04e03ccba0f1eecfbb5a235c53fe7d4edf341f236ac9f52c981c350c30fb348361397881080b7c4b642bb8f7119dcd7aad4b6629ce34ce4dbb143441c7cbaf4ede1517b642d16079ba79c785051920a16de43fbb7c52c2736bb1ebd99b26ab9df1a9813ca287bf9b8ae681af60f3c1446f840bbc3321
07fc1522a0bae145d7864a5d1d2477512fa64752b83512acd06f5e22fd6e211f6db02ec5ffa4585402d2d550388cb4951db969eef24152725e2d2f80c6a245efdcb5e30bda5e134c244513ef73806525,8522a2b23c1cd9bd0252762aab0b0303ea4b84b6b87856a2395c2d6f07f219bc8497239473dd30dd0e3eeac604d618a82eaa374e8ed45edf662d22e7d0ef372ba424609799d1c8365b0f7cb5836db7f63274aabb64ec92938bfd5ceff662e1dae658a33548bccd269cf2f38cc88516b943c0e71a6e6c7c0b2c7475881bc82cde
b41311056e5ad713fdc61387704d2be3ddba6d6ed55d64cb329af7a12fe2d9e11d3bae14b744c082dafb0ce996bc51b6f9e2709d533a6931149086517c2c8b90511456f079f4b9ae012fc8392e4fccff,bb70e9a340ba53a0f0772e08b5eee9a913a9f221c32ec87f37c88be512ea9f17d9d3898027f0e6a843cabb547a411a6e2ba61cd1998f401f7f843dc1d8973e79dc55b180c1ddc202117f142622a2402707f40bca06dad7f470bfc54399ecf636c13300ad63819a3f8842ec940f32be87ae8c75917819232d1c2ce3023c159c5c
215ca10a43ef306573ae75d4e49ec3b7bb9624db2c907cc3fb4df341756b0576a0daf693d56e557b92e4beae0f4b1e1999a181a82d27e34ff31fefca9c780aa43c388d6eb23c81cfcfc6f5346350d267,75ca103aa1362cf881639d0ddac6191de2b7b5a4a8f2a8048ce4f8560a54a61a499211c994dfd4ca519824cf77b1780c84b30d3d7dd1f1fbcf834f2cf95448aaee247035d13d5dbd8d9210d7de6a41ab2c9e137b57ba81c261f4ac617c159c0a7fe2c06f935a5e7b967d211284fd5b73f2de57e26461b6d3f9138adcb98e58fb
0fb1b8d3144a230756a9d9f8ecd73215cc6502706198fcb59e2b41555097eac424d330962f2b54a84196e63e68f0a70515a9a9a8595136cf40d6df762e173ec007c3b8b7cf24e145ccfcba04f5e1cb7c,6d7026d24229d8aa834ed82ba7b2c84ce23a0d29235c6fb0e206d77edea7196c3ce24be31d2e019bebc8be1814375727af14e61a6215d3778c7fba3129d2c07b3b845b058d911eb1d76f9a7d295e726c31c4f251bc9c536761f73ec554cff2e4baa2a0e750870e62d1070c179e439bcc372f8f07364a7061e235ebda87ff936e
634ff9f71d4d4929652650fbbbd7d0998dedc7cc010f8665d1281d5949619206b0a4cd27470b6a5e24fbefa576521d20de777d3dae8ddaf39e8dccd658414ae6c626c1a9445000b61e0945b5c37661ed,76793ac05edebb3f762570bb7965114bba29e2153f6ee2a1fa2e7a7ac3ca199faca8f80f64725a226c21e8622241294ff567f401fa895c8c44a09ad7e99733a2d6ef9f5d7cf0e081e4764be47d43ef1b4900f3b1f0fba20d3c9e5833597f40cf2ddc01375586ea1822069ff82c58f020cd55d31edb9e686848d5ce3337603f1b
dee88695545753a39efbb3d12bb097e24d7c7a4074d9573d6b96b43ba488d8d426fdc4572832c3a5270cbd954a497321398b4576397fa6f7423b2016c2aeac828b0ef1b9d7c353b3b9e6220f09ad5c49,48d09ea7a1db84654c14404504e930ff90833e6f65dca963ed5a57d59c5337f08a94990bf57b5cfd832378584643079f6db64c3ce3923832d86757110a095830d5fb08579dc980118478780daf5004b0193d80afb48b6c5e8a030d434375779d6de16359ac59ee1d8d6c31906ada9882fae488186d8bfb8c58f9f946ae775c4b
f5de30f598b5d9e119514c640284afd5679151369abf651af0a0bc2e0acd4656f5314006afd64fc22133c6073c2cf945cf4901bcd2a747b1bcd4f5a48fd0f04b4d101abcaf6f399d10a66310ae946b19,89ca6a6f1c33e1f3ba7cae76ca129bbcf5cfbc965b0d4568ef56b22c1c51a353fec4036c49a54531bc99c1224a362357206f613dd1da22460c0bb9357cec52f8df43946ea0227d6b375d5007fe7bdd7aef489bbd6a331e276025ecf788c134a509816c08bc6226ce64d889e7ef5db94dcdcb8c5ee4eb97ab41b5b8642a1728c6
554787bcca1303556c42383f0b90a008bbd649dd121c689902b6fb0dd0d63f50affc5616a57335b5df765ea00dcb54800d4bd9bc8e088b0fbe86a045f172a7e903469273a564a527f93a64a18f2f1025,2bc06de8e83793ff0a514951803681c54d930067659fe8063014aa868f8c55bd775b1cacdbf6c0870a033336863c556237b49e5b50d78f7b111ce14711eab63969a6b99e7b1b9b7ea14a35c1dd2f26c4997ae3c92342cc1ab68aa3747ed2b24e982795a296cdf82727b9ce2229e089677d3e9bc19b8c19c3ef3004733110774f
d79919ca157da1f0eb21d5c6dcd3a0cfd0f227159ad2e90745bd6ffdc393525e4b3d0ebdd27802e7d3d23bba51aa956834dfe3b911cf144a3cc3a3402f6b32cec06b22f562043e24d1b005f9110c195f,4c2884b3064f88321b6be46ccaee85ef2437516a99b7637f89557272875c5fa24f64885a3bafbaa4dc21c37c9c91862a0b4b2cbd54ae0dddb4d06b253c290fdaf15af11fa4e7547b1a3078a31a0d833ef70352411823c0ed60219ef6ee60c82739faaec3110b065c95cb4843c501f2d901083cc17298031340797e96c4ab1cc3
f854133da614a598ee71cd3eecefc8dc3823460734ca85cc80f26214fc41fa83cc12d2787c2743458f551c5a742619b91f8dc31afec381e93f6f56e3c1707ff80944048aafd77e12502fbe62dc712b63,9d9982c9057d9ae598ae41f1f157bad0a4224d926ce42e50779cd706427be4e668719be7351a7dd7c885bbf610e8510bc77c767dc4165378a1365cbcd5bfaeadd1229ca56f1dfafe5dddfaeb9e73ea4ddbad1244683d9ea5c8016141699f24e63dbf646cab00ff74a9554c2fa88b0d9ad0f68fa48eb2a2922fe77986ea459bea
50429e1a7d7fb2712c861d2d87d396523373bfee0e82865fdce7bb48fff47e237143bb404b89143ddc46e5c2283d861abaa5e88f2a10da672addb87607038d106692c9c72dd39b29c051ce3f67ce585c,d770e251b8d9f112b7b009d7774e4abe4a40589b1a6c184a315e80f51205581974410fba127ed2930c476316d25397bc7b05e45d2325af66d74b56d94d21972376b572f5da3a664a0a2242fefec4391d0b59d4ecdac9df4d443f55f2b49d42644d8888effd5e88d699d47a6ee8086d236c06cef9a06b7301c91f3db54a01daf
6fedb04c4adaa225797e380b9fee9f3cdd73efc7d3b1a7256827a02fcbeb1fdf3f42e68b9d070150854a1841568f420b4cf67e16300321d45ad424fb85d95827a844450d5fee71e56001c0a1023097a5,15c85511fde1a6bd19d3ebe0c8516449bb421451c02bb93914a93b3c0a4e2ffaaac43ef7c1ea5642112bb51010ae921b8f9b4687da273a83ee9c09562f56a836322d57ffa282600419d5bbeec15ec77fa3c902b91e997182bcd139846d690cfcea8e87192a59d26c1c85b2658ed82cc4db7d8ad1050ab68fcb9454ea887b47a
f5c5be2ef9670123e6865f2b7956c8236e1487af1fafd1f9c140f95e610bf4bbf0782eeafec7d489066194f87d9cc0483447f31363fe3c53b9384c8049561805e302869f87cc5716d465aed52b91ec29,2f8bce448b773fce4a84ec464c022575d5ee96c82880dbb1503f0e843f5972c8c0e3732d66e36307f7ef9125884c1a226d927038292580184fb75ba010398f924a38451e420cb3c29078b1a1b648a6e03387ca59860f382cce9533ac9525c52ff4850d5d00824f46f65525615fca6fcb08b735d4716e7a7a8b932e78e2736f47
2ff5160713aaf1fc41828b6592132291797d0c6598a145d66c5d207392cf88736365e27404bb746fdf93dbead00cea57f788ec34efeeac11421ce11b109849db31c07a6cad0ddf9d924032b0617ff962,6a4b2b9eb91cf3d9ade46c7d85e2f030418e27c32b36134aef5f014c9b7f2dbe4ad553fe82bbfc4ecb8ac2b6830b0076beb895fcb99a853559f4640536620f5a8cdc4ddf7f19745e48134107a2d24a3878d95f0688ad57c7c0e0629f20ea3a399ebeea3bae268c57a309846d2985c634edf625c198648e483f804553aaf7baca
cfab45ebf7cff0764db33d4880831ce34bd054e28cbb89b89cf2a7a4757a30e0498e837a7bd7cb0e6d6b5664793e008982a842ca79093025beb0e671e06bb0b2990f76481d636260efc02657057614d5,758f6bd1b5f798f3e8dd0a736960506f3815a7808f80b983ba111de07abdf808e1af6fab2437ed3cff8cf794eb8a37fe25834c77a59be653b24e33e04d4dda29a788d7862064cad7037d77ac436265c2d96ff5cd5bfe8484b39fa16120d93202072e84a181fb2eef81dbe7926df00ba23be6ed5c99b2b0266e059050de4941ba
fe36c4c6ea42d5adf79c382a613cc6febf1e2687822dad6f556f4e2d8a5eeab42893f61ba0513baefebf193e114cb3f512dae9eca6f8a079aa3e706147dc2b928013e9ad1f27a0df74eb970b47d50f7e,c442083aa6a92eaffc283523222420dc3eee71a8cbe80a0816692e8bde760de907240cb0ec8ed9ae9e26b2bd411a55987d84d5b93e460a1c528f123ac21cad4de40abf3d51ac679d8344220dd33ffe72461cd8aa40eb84bfc85e45898add50674532d4db9be12402c99d346fa3d2d98651d163482173961ac51934a5186428ec
3928bdddc1df7857e69b282d507ab098fcc4eb0e211db766dbc67cdfd2deb9c74ee3da492d70d049854dbffc59771ed927e10b41bb75e7e0c6cddae609891ca33b9197ff586aa7052e5536ba6ebadfac,61d79625b888f1bebacb45348387303d034474c77e051ddbdb60d1398de7c92261646f88d5f30c8b22fad0b033a241cdc91573e60ffee838f140f217f3b0c2a3d123f42a56cf59e07fb9cbb7e63c62ad394c8e5d2c4bc0e22ac38bd7cc022fadbe6de60ce95afde4273f364a796232d283c8f2dcf5a4fee0b534fa9a41bdcb30
8b1888fe6a012f63d0079e5c7225886e78f24742d8a8fe572c2adecc639715ddf5cb1531973297f65b221d84294ca6c802ca69a45464884fa3693df1e82fdf1e01f3aed8516b4ca8d3e249bd49bda582,af79b3413471af6f0c68738d800f5de39b335d8f7aaee9ab0d794333cdc142874917834bf16231bcefce7ffffba491b841be24cab688591a9e20ed2c248d0569fce94bdfe30deac182809fefe16a94176d7e7e70f07a64adabbf0bfbd1843ff67683c92310c50aff415001e18067b0228b2c0149fdfd14273299f853355dc9ef
50892aba0daecd3287e371e01b3f65588141a3c5b0c79a762befdb9e1dc0ac82b897607c04a36134d044738fabd81f62b49fee5f7fc25f53e30d2b2f8b332ebe874f882ca3237f0fea3fbcef8653ff06,c151ab267e5f2aba6a919bfa0422d4e93f24c4a0f44cfc5fae7c1ba2e406d291b257d441dd4d058ceb46c3c260c173164ac7a1642ca481313ae407d737a7d50e8423a2a5226ea7571eb6776a0a8c747ad38a5c8df6c2161e644983d88f6af257757b2b3b3135e962301df17224134977fc5e9042fb52b6e296c8e4ec7c8e0907
d300e5d03113d33c869337e5f9fbdb23b6863cf3bab4da5253c156150e4820be40bacdd4341576ee576fa844ded95a0ab5bbef4dc86c5952b1c0834b9ffc0e9a4736f4fef04e8c57f9020e9bb46b26ef,3342f8d11f4c330349c4a73f87d37b885f26c54883c912041806a9aa38dbb0d2f01bf18d7e7a1a4e1bd682b3a99cb8faf062b4d5b71b35a018ac589df7ae5c7a7777a2879623efc9d218045a015436dc3d70a16a6fdbd98e0019a8c8609230eb793b8615af73363497794a8583721bb8ac85f4e04ed7b4333bd05081fc00083c
131131a0a9c1f2925a3b4973e1e0bae1a735b0a6a9f6351a293a854c336257e3059eff0a817b83616684c60fc3864466cdbaeb2082a390911fe558f1a439f71f4a04a9e603ed892e9281da9b73146f99,80e18770bd37b2630bf2154226bd22a0b0f87244d8b9bd3558f773a20c68511a62d0332fe454a279792e69c69ce48ab68e4ff1b14bb3e84728484918646199e449495d666bbc4c45c062f287b9073130b570f6e0107a6eca81de83802fbd889e40eb1000b2d6e4d9cf94ce3426899a9767ea2199a5b450e14923826bba2ecc14
4f2a52b29e09a6b2f9ca923dbfa991405a3bc6f91d58def0c0de0f086df2ac89750100d9cb732f4b0c12dbf1557b5953a63b903784e103322b2c150a541823d04d5e51713755ad6e37321277bb12edfa,5a56721d5a0b5345744a23b66cd5b68a4e3bfd25a05d7c6d88ad8ebba3ba8a31a869a056cc06a8c404b22ee4b932141b1b86d6d58e6394695f963a5ab78f9422b1f6dce396111c08eae7f531b0672452ee22ee29a463935fc0e5cb2c7f9b3f2298fda522c1d341b905e0d14bbb36fd5a0ccda8aec19a965d889638a7fddb0126
7d3655c0bac913daa4c5ab9c444e2f5c1764bbf7d669256688d58bfc4e1dcf1ef6da796b4f0ec12cfad73b2a3b9c169b42dff4ff6dc19cf5574f8f1231e68febd54bf81b07f692ecfe40d64d797a29e9,c6fccc52555801d3fb3acff014fe1413616c4110f77d0a0359edfa88caf88164a72e36afa2e45d2d29a59a1a6414c2c3a34b63e845724e6732f948cb2f63fd7eb5b78a1168af59ce2a3c1c13f93796d232af04a982e8f1204df7ce9c1fb9fe77f6eb4a822343fd9a1631fde8a5007a906b80e7c2409a7e2c9eacc0ed95932fda
4d97638e3fab5dd12710a2c847cede6fbbf9122b466d3f9755336b54f3ef56b95c894f1780b6952319a698db4a2ef85c705347fc82a80a11a3edba00b23fcb3661d67ddbe61677004323fd71014c0329,23893e5a919b0e20774ab481affda1d2faf3e60c39d8d478854759ef659c38bb79660508e25487b6840761cfe19961d09d7769eb3f2768b30015c45047da8c92472e4261a8b9c3828c05beadc6c55990752ada0990c966b4caeab2005ee84ddc67b043bcc1c6eaea83a0d6110cbd2926e8d0aee900f888d78f480ed5986076d6
f6282436867a432fc3ffc2b724a463acb68f8ad7832789f0a6f75cb9d6b9de93f38ebdf046daada7c99f10ee59d85b5d363bb9eb5ab2654466b592629dc208a2b213df750a71f2d950de1a3da1bac38b,852cd9dac9e17bdb1a95687b2d163e696b21a1335553004b9a018384fb7011cdb6d896909a1b42d115aa7286559febad124288f91104a036e57f5978ec47e1c9f73bdc1084d8d2847e11783414328e8c649f3202ceb68022dc44c475980444c3d9c3b156076d28f2614296e39bbce9aa5fd7049362c1eec319c18342a7de70b6
1affa8c7cc828d0ff16a5a94055477a445ba2923066d5840c9f193de419f7bd0c239e50b9a040145b4d63f723883eec375c7fe7d1a1b4963e615162117c2ea1fca5c0e85d8e52f7f7067340fe51dbff7,232e77fafc035765c3a92dda6eda134a7f65b5d7e1881e507d90cd3a627a23d00992135e1358dd5e1d5ecc9bd5362a04ce764dcbb0aa012ca3dad5d3a0a3cc9b98cf51e4b481bb15dfe94138c7ebb228ab39e9569b78c5dd10908f5c426881cc4116abcef70e2f32fc387c03e5c508947ba46ef27c6e4886620f61a34de46c22
d0c988b07b984afeb98a6aaed2e54daae304a37f5c72195f0a6a2e38cd2d38339454c0a97b7bdeffe7e89b761cf40e06486fba4a0de6bef554fd2c670c94b2634755b2151a42dafeb2b8bfdb1a9a02f3,7d1529a1812ad5d048c137b5ff47dfaa3aa982ab23c2a20c6aa676ca08d0b9538568ab56bfb92e8200579f62ed0bf9bdade8eeb74a9ae651ee312a1c636795121d59f04788b149a2092bd224f0a46d3bbf185a014d6755b4a2c31831219aabe083cc97ce2647a7010c900d11e35400eb26f198573a49196d1976ac2e2518b314
d04b56eaf72f1abe358c894df093835983677fb8de2a573e6d5a54072fa1cf693a7231ce4b15468ad74ad01041a9cd656996c6f8dce8bba976bef29e321b8f5ec3578da53dd7277e2adb57060d06702c,bceee23e098facc0dff7da08502e7fcd354431e1804c808ab1dbafbf741f7a568c1a84bddad4ee70fbe95b3726b2e2db2c6593d12f4ff96c01e68b6ef8a96b2d6068ebfdfefa2d0b053cc966e62859878e690eee6df272eb176c4856a93b7a4fc923b03c518844571941c3365000205eb3318d08ef21f666cfc421638a099af8
19a99e64129a1a9dcf600c607e7e01daac29a86663f523b866b31c7cddc6a6772551c76ac8ba336bd77a5c6459029219ff90c9a8bd6748175e8629c252457b0fea1902e68c5a9bcd14bfbfeee2d81404,32d1ffc85772b3cdecdbd1b6d7368076710e55e19c81ca960e24603e4c2a288cd530c6020ef76c4cc8e807e92dd9b064a3a54c52fe8c1ecaed1ad3c8c2023cfb703eeab0c76b8d70e9cb6fb3f9563908667817b061bd93c8fc33c99d9583db67a1fcbe6c28b3497d8f26a5b6a0c40580bde7178bbb1733ff8fa2b50f604b0e42
64667448f53274eb0c5110c0720a33134e90c80b29ffdeec0ab7b90fccd896bf9b256f57d2d57b992b830aa375c02d6df825a45c8ce4fea979ae49a429245ea35bdf0692e1874093648a5f557b9e6247,49744f7442227c907622c37741dd63560abcc3067bac695d193c6d4e5f30ead3b3afa022ed16a543a953f675cf4cf186b133e15ff1fc10dae42123742b67f3c35e26ed0e398ce4e8b9c178f59d3b0a6356a8047a8229f64828d29e2e6d4cc439c03c114d1bce3d96cc459329873a1c37338bfa5103e252fe1a8798f5cedb15cd
7485731432b493af17868fe9a711addca894311e488568c58c127ff8459f6f3cd7c51f06d4569dee3af85e585b5e55740fb043622b335d458495da49a6d8842d008a290ef8d5cff8b876905e19b7b8a5,94f49346f87e82deba524a53d8ecb7941323b60187e689c6b0a9837afad363b2461ad6ae0d96bb39be3afd475768bf6ee252e5c0d289d1a781b4f9bf843304d7b87193fc1a8c954e0096e29290baf4ba5fdc2c59b88e13409ac4e85e41f1dae7ccd04e3579fe8909c4f46ac59584b430f71d1c5614f66985ec5583b23366c687
ab0c64fd40a0dc87033bbf5c709178f59ec4e1295617ad02d855984a206f7895cb729145b1e7a45de35441e03fb9eabc1a3dccfbf24d80a128915bfbb15735936e5af69648dea2963eb713efc0d7488c,6a0117dd44330b1b2f6f834f2c94cf136918111b9a84e9b2d5c8553e15bd876998792f00d82061fe1d91697b811e658e87a376b39abe9245bd52e648c622c1e184c5e37ca9f3f9ff1cbaaffa6b9bb3d4944966641b1f044f12d0656e88b1480f365593187f87d7b0ea9699966b407524ddadff5458f27c91954d540f0aebf397
6f81fcd8a2efc1d4cf5e6d15ce773941ea7016c7fbe943d3ad1fa320d4daf61c3237858f2799ea196e87dc41b271d342ef152ad9f3037c83dddf5ab4adeb70f59655bfe14a0e5c3ee0988f7f37b0d6ab,1fafd5af06c8eb64f03e4ed68010a4a85911c7b37330c0c00416d415c5f8a32a48af1c955cbfc2b516ebbee189dbecc3192d4708d264664b322d5c4b62fa51f619273e210f896257a3bd4f6372c1c73c9fd695068f39262852eeafdb471e8c6bace0adbe1eaadf8673df57f8f78256345f47487a1c00119aa5fb080ca1b81406
df47b78b63c1dec28f3de84153e3d96823621fce396c61d9ba2392aedef28d8dabb50bc6b29e67715db128afb443194a86dfaea1d25fbc7648d9f9e13482858574e79996f402ffc8df8c5bc5ae0cc744,914201090b2516a819b5c0267fdf2802f98b55a5e0a5402ce8923fb4cdec8484c7d5ae3863f9f55574a0a04012d7466ef7312714538621b87b7a4b10d988158e1b53de5b61365e25b8bafc0bdd76b9d556d46dfe0581c6281d3d05fcbf41836da536a36b4514ff6001b76fb0004fd65497a360bb66bee298fa6b6eafbedc7b9e
938bda276470037c5cbcb03ea0a18d8b7e140e3abdd48ebc1f3580ce55b701e6b17cf30b3fe7bf4bbc3dca43bd3c348b8c59296b5993abec7c12dd5e2cb8ca9706af18a2d890fe55304133c0557f9405,4c6f03fd2f736ebea9f6da7ddecee2d7ff3f5e721713eebe708d3b0284b874036daf95a583e3f609d1036a04064157537a56bb6386be14f6f8db9ef8914c12b27cbfceb05071bd37ea4e18261e8dd0cd8dfb7ba5afbcbc031b83bbee2f4942a6f18c308d49d7934bb48a5d773e93a45d69aff80691c930dd8413061e15fe6d56
c6342692f3e6aed9b18995f5535e89ef4c34778aadeb6f1b94c512d7a441079aa1ab621e62fe333ded28baa306ee7643b65ca3a48bfceb0cc8b0dc939653609cfa6f2231033c95b31f948b8112e5e01d,c84a41476e9b26fc60a0ff576248b9abc2ec164808da30f04a6a341263960d4be28527ba59eac5e72af20597a52c85e7261f2c2fd63cf1134e2e04cadcf2eabc1d845d3513e1eb056221f11cdcf6f880c0d47b18a7387a95b66b00e3992b598a03c7666ab51de5293dd07ae6c1dcc7c604c239a7b339aa64dc627797a942d5e3
34f42538d937e7879b2f2a389756ac8762b7d5634384fb758abd91da17b343a616ee84baeb4354eeb5a11b41f8c39aaf301efc1745aa53073a52e852a6954645b26b83b4c7b96d33dc136acc77171342,9c050a7ca1a288804a7f2a0b2d6e734d32a36095a533d4bbe363ed805cfd8651bb12c56758043e9d0fbffefa29998503e3e0c720bd6bd126fca468f719e0f94664518fa4c0b5bf1b2e4cce43156b24a18c0dde5efc7df1b99f1c3104ab61b68a4b7bd0e37ebe8f0697cbd68344b7aca6fec2a738b44a6e37cdd50c9dea21a972
cb63f307217e54f7a0ad622f883926098e392d2c4757fd621b31a4cf9b796d5fd4184bcabf9fba585d66a529798e166202b25d76c0631c80a41399a5ae9dfcfa936b1e63f01f0a832dfac7465e316bdf,9998374e54d35f73c1ce53404a61b9cd0981013e98528685941cd9acb4ad3789535b5148a9b979f46b27607d08188136250c1dc3698dfecac2a94d6e8b531b54a3cf83ab8e1b1ec3f1d48a39a4c4144150cb3b6b4f989e85ed142499f8da38d4288e7663bb2f8e01b1098c23bed7e5af59cad5594066e6cd045f09f06f6d9dc9
bc89e95fd58029163e300b16e449c46ed39c28079a7ead804fd1941ba054892380fe4e65cf2f7c0c18f4a373ebfe772c33bab434839519872c08a490427f405d608bab6b360532c44775b92c479c6995,11569c5d1dd1824384d9ad7d6118c16298f0506189d5cd174e06e2a4ef5e0a6b5eff769a511a183084067ada8883c9e16682b7073e006403b42d1399e8870f420a3e4db7c756336120dd3e37cd239411382937c93677dd6a70ad85c5f9e270486d569d9f1397faee84092974dfb8b93d1bcc736d4397e2fa590fae1d8b750f39
f18b8c82628bf2a9b6c2ce92f3ee7ea8948302bf7dca0d98cc4a0338d2636db2b2a63fe51c1cf4c41acb68d8cb9290d5fc65739373d3425b59428c0c7c42722ada66f34af49c8b28e8f5e7e42b3fb5ca,45032694eba24e14d3a8521cf79a4702cc6249337dbfeb5891d9e335c34328d4c2b1fff9d6432d7e66705e96481871a8f236e64e2dc93a6aad017df853633da29ad10beadd8e076e02beab68bcb6b14d1bf48f13dcb54dda2f96d80073e8f4e23edb2f8c6d001e80e46f7620f69717d4ea5ad25de17df2ca8c641bcdd397f979
8d0ade096a6a18d9ef22b9cfec453e3b97368e7dc55712d6e0f50799ad2ceefa55807ac62aeb11672f48e65c1f920311059b8ae8f5088da7fb7421debb4d7b907b9c1e3ef49da5c6e28ffce658a9d31c,2ec78213c6f03d8c996f280ffa60898af42b4586bc837fffdec4de48ccd50da6f7204a21d8aa42537f1803cd54637adea9c8f51d9710c5aaf6ba152fbd75d217bbe0df8cb60e5d2ab18a80c6a442c7b18905717780fb14286b2de05b27dcd6a471087a1b3e4951b280ad62d60fb296ec291e4f15c14f18f1b8047c5d0a045963
ce41b668742d2b4723359fb0e9eb0151ba97929dada3cfc3b7b2f951d35113b57e35c06cefb8f0d1a8da3415cf661b10b84d12809bfd7381ff0590b3fc165ceeb62d5eb72f57cbd2078ceb2ce9c92538,645e37e466edd3810e61dcfab88d819cbc1ea83ad6eff918f16d780ec4c7880f7c81bc716486729cba477913512c67905353bd70766db5ffdde2f365392763473b61eb6cce422221cd5c20b23815ecb27297827c34b867bf4318025aef5365de935fd59df177eeccd7220a30c4ec99ed2ad26d70289ff57deae78ab1db70ea51
5227cc4e4836dc7e75d93d8ef19c5df81195041f39b6c9451502a8b28c047d63512d2684bde174ae9e93e25e110cfa675d4221f48c1c80d559f10d2768ead7cf2a3416f7c92401b91d7cf5197b67b2c1,4ab45a36781fb49b64a87c09edeb81c6473e353fad4f594e4400cae3d9f9fb9f25fe570bc4acc3d70e48653196a176377dc5991bdbbe68ea3903d1b715ced2278e6b166b0a0b1de1ff0170054e2fd24a5c6ef4abe5c557a13c3ed2712ae69a6baec974fdeb905aadbb1ade40367e8aad6a07d55bd26cc949d9185156965d6d5
ace70dd60a01c5258b1f86b944ed566acc17a5bda173be22bc1e2a8a5745022744bba18f225b2adc0d988205e279018c76c9ab15864a7a275fb5bd02f3e9980edd975253d6fe85f562173cc6102180b7,9173aea9ebb2be970d5c9826febe05a60a5a98d7f35c2d39104573de5a779f868e02c660e473e3a0368f65997e392be6ea5cd8ab44957ae54f491fbb750cb65e2275dd41e2f9971251cb3c8fe210b41a80e69b9863f42d6258ced04c52c75f0de8008e78e8cde9de887ba26dd5f04d4b485c115e89ec27c9eda3c298c11ebc37
4da1ccc04412c89dcd2e63b046aa18dd993edfd660dadb1ea339287e4423637ad72e29d9646e04abfc8e6768ccc5cfaa198e0f4c48ca865431682b5daf4e6a4abf6d730bfa8ae40415a9e51e34ddcde6,497d873e62540395419c1dc1fc8b65949490aefc403de8693d30327c4fa4b45469e92da835e4a6483e2178d9981f06e5c6e287363fc43152e14d275d4801eacd94db65504e5030d92b37f3a25892bd3bcbb3219cb606cb529f015200604ad1b2dd60b9915c4d11e5087bb83eb141d6ab1db5d62af74c8092d4f07e25a52983ff
ea901267687ff8c2fea104603acd1b8cdf12ed856de57bce95bd04bcd768e309cb3173bf905ee196f4a3e2ac1c0f1047054c9556976489d33422380c35b01da14b09319ba8126d376b0b45feee4746bc,b582a8aa05cf0c7c2deb469bd485c967e9aa59db0103fbb04c319c1c3d8ba030d9c0e04941a2f401dbd73f7ab227f7e49440882268c0b681cf6bf0cadb95acc533ac4b328056220329f3ee11a2bdca353244e9c14fe8ce305063d3686c43e5b7e1428de12e0059adfa80819716077684bddab62dc7b37cb571cfc05427c7da8e
39b89429b8a45b1bb5d1f2965e9760ed3041686dda87703ce3681cf8700ee0f9d71f03d5244c5798ac3ca6fef7f008065c80e5011f72c757769d11f91832024cbaae698f90668d6bbdc6e6fa0805f26d,877d99462516b1983d2cdf692efdcc75eb1ec8edb2109b3a18ba427685cc76063257d2ca705d3f22ce54984a6ac2bfdd0eba1654f11822b85c2a09e08e96896dd45e1dadd735b8c7d7438eebb0cfe09063cdb4ed90c123cf2b88498f6fc660cf188eed7a2c193fabb4ced14cf43011206cd5c4452e0675b27b5b1f37238a65df
8a8e1ad57d4a7a6ad2c170622234912f55ac39fe107db926c483e5ce497b9a81bea9eb836f16ba94768debfc8b4f7718d9283babeeed2c70f323753e48e902afcd319e5e9002aa3d3ef86e73e54b24a7,94cbdec871fd5fbb87f11f88ee6508fdf88849b53cae3c358b86ac377a46868d68f08451208c2df32d8976ec2b4fb3c6ba8dc8aef71437c75e7cc90999e68d2882b1cbf78e5682d93e12fd2efbcd71db3ff1c097bd4314d60e33a3c99b58328e52fd5fdf522a9e2da24a66d0d78e30e2a27e2deea6bb1d5f86c11a3622171498
0d6803aec1b439c23346aa3a9dd4320790c1a953bf7c1a942ddd2f90c5fa36717335c3f4f42da899eeac1e250a3b36ceb4c702ca6c4d9345e8bbf46f6da5066205e6af691c9dfe7bc0de9ac2d7c3f65c,7c72fe9b1de6d2bcb24824ed9b840045b9c8c14f656a5b0d2b5679a91bc6d1fe5ec98762f7318dabd43c6eaa78681c5c597569665847d98923461cce7acd076f0ecc90a49333cf11dffecb2dd2244c100af3be76a951dffe1705d75bb4b19ca7e5facf1802d978b55279dcfb0f92eb58a96fe80bc1a6cb41e153b40cdadd42a9
395c3d084ab733b17479151a72b5d4899156d52b178a72ebe64fe52bd0dbacc0d06fc8952d6e23b2f33d56c21a1a38e9f43d574c1feb421bd606a5e9d61c6d18df55c3a43f01f8b641db9d6bde8215f2,5738c2f3a45ee0505fa7eabad517fd943029b216274cc868808df3bed5c91d4b2909b649d86109782be98c4cdb2834d99e8d5f28dad62c53d97de1095d782f26b96e3b103f96cee4d8a1a0215db5cc686c2138f0ecd2df9fd0536e8dbb941c8c6a797176cb291d7fa1cd040b5dd0d1a23126f6abc512efba09b8f2186d6886c9
b41889d84a67783d516576922db3373c1168cc74cbb23e560cc0874249ba9e7d72860f73d82550fbb77eda5419ccc22995379fcfa4bbe51b976d81e22e05541a05e3b19fa3a74c232942f3e23e0f5993,919f586329388690f44807ff17c9fb71be25eec9654df17663e6082c2b29c467bfb5ef8c8df9cb0c73954f88f2da243a6e937d131fbcb49492f0b7eee38724e40c37cce34051d2f871b84b9597ffb1c97a7c4fdceb8bfa782adb97049b6f463775644174343151d72c72827ce6b1b6fdac7d56870b315c5e8cecbe68c61e48e2
5fc1401e1e63341d366aa06609f1e9dfe9ab33db24c1bcf3070e27f122778795d73ef3f3f25c702b21ddf35d27d508e8bbd0903d9fc607f590e93195e0fe124b0cff15d86b08b3d9c874859ff8a2d195,b5b61241eb8a7cd2901cb37fcd566b3411ae191c7c7e8432df70a149830348306e5fd84148ea034f69d34ca200234e6991fe6588e69cd1b2b2a1f4093244cb7fa600cacf933141c7a7428459661656651836483153f38eee8118a9ac64fad10512cc3f48767b37702439d6b498c9a9d5fda692abd7bd250840b63d8785ae32ac
94b739f4df2d85701d02c88d3646b89a54573db5ada301c0cfce9b3ec6878a32a4c962ddd4a687c93f7ba56ba3530503f9fd12f3cde4f867a64382a29b28dac723de1f5b507063735a1bd74e1841906b,95ef65fbfefb359cd7577c891b6dd2cd2ab7ba4680ae4ccd3f2ede0ba09dd2ab361e9bdcfc2250514754b85c8f8fd6f89d62a855907ab25606b097bb180075fe1672bc78bbeed0ec9db5b15a4f939344a27e3c90b119da34924394f4c854921d18589f6b6a20b4c5e7039a2dc2c035ab5f5453474203ec63ae4e6188a646dbcf
4abb482d90358c5240f9af163bf25ed76741e4751919b83cc12e501c32e9e7f18d2a3aa900c4dd7902789137f662e9e8f7a7c1022739edb4609ccd70f8e990793598e12909b711eda0f48caa22385d2b,3f9faccaef4f4ea7de32a453fb3e644e3200e9bc3d432bbbbf832f32bd27667cebdcff8fc1866ecb6484ee371953043e33d2298222ff044f60dcb0a9471cd9bc4e0abc863bd1b83d0a77dc3a4d210dd6dab78610a4bedc9ace94a29765a4e58ffbea54aa6765c818e26b893a91a912f832370a6f56414f32ce5b7be2b15af812
80ba8bf58db58d835108fab3f22f76ec584d24beefab38c14c26a363c6498fd2118b59a4fb4d19ecdb24c344d0b913585667aec7714fadee4fab2167fc7db8e00d86a107b8d553f5fcb73bfdfeb20abc,9c000506630a87803789f1aae77bc4bfb8af77c59fdd04cd08fee0df5fe328c9a0745e64f681be87d50168004aad6f9b62cc48c044cdddb8d2e77122015a41e37317e2c4d45f9f21647ee6c54d997b407906abce636b3372d61beddcfd4b73e286fa42ec33fda5de6aa0663c90e85f75264bd53c4075fa16243bad17958fd83f
4f4830e5201fc7d89eda4da7ae28bd7dec3199e0a1f14eecb686253a826bcb6819223d5a43b045cc7211bbbdbc179ea2766a775c2962a691d34c41bc15cdae5f4d3403078c2ff0e33899b8393825c67a,3c1c42631b1168aba531f324e94a8276c942e3b2b581c20e9bba9259af18cd710563305a6dcec1cec529b31956088f2bc8980611012d5e1d683849308aaf61f658b96e185759874a88c59a5756b8b916e1ed8157d16f9524f806e36dcbf9922be02c4a65fcf2daf5157d71c3b612ab19356c750f5e881dedcac1e9651e19a514
dd64cda5ee627606d2c41a31843a3b43696a7a8bc2eb8b18568b1b6d6b44513f7706e5d8a164bff2b7c9d15c9372a73c18eaea0d2802d443584ee16b073ef64bf9e082c277d2bac83493378a45d815e0,71786bdb623509a16d14b0baa743a31ece3a7206f8fd6080eca10d70aac79765baeaac6f15042e93f94a269104589f560905852ec705aca53c0b934553977843fd522270118231c63561a8d7749bb5e2f04b187e5e178fa890f78cbdc2b8d57a2b6e1cb9a73fb9ef6e5cbce8023e80aab9afd84ef609562172b83bdebd2b4ab3
b35b2756f4931590422d5a142281425b2efd5193ad3544dd10e824f638cfe26b82d19cb3ca8b51a6a8e386df781b593e5ec419896b5a7e05da24b60eca1d0fa43c146e6816e96fb9599079cd667722e0,826dbc6e63ab05a093a1b1eea96fd0442f135d54bce72a4daf44b1e8bbd1a7e56040905180fcf6178788b7eb1050688bbb29712d909e742f8ef4a80d377fdb5d87b8ef077785058b987a849bc96787933c8a0bf52b3e5873d271b24420965a5a07b9fc701b84540081f67ead110cd3de3f59a7883455bcaff7dfee7fd94fbe6f
79180f5de88df556d222b038e16bb36bf3d05492eba8b40ee6ce2bfdeeaed74b22c062892c6a6884c99f3740cc278dde9a471b07ecb781ff76e2a817d5e190faf97ab0864bbd679d823e77b494454e96,2fa4084d6816a3a3bec962bd456ab546156d923348ab10be3ec468119defcde30283f0d0dca3367780f23056bc048d24e6162805b53758c0eb6974412eecc7e617c9255de7e457c087a8e1509ef5c5391f8af01534ff75a9d93502f8b9d13551fc3a6fae8fb0a5446d89f2794dc6b1b6ce9befc2c13130cd74fb98190c2e401e
