2527e55b38860aaf7e4e24d317ebcc9b40213ba3533745568ab3e3197eadf94a35cb63f06f5eeaa08342f49fa162fd22638bbe68523c4079a96f00abc3ee082d2013135ef28613b45ecf256abda81fa0,cafeadbf4db40c20cf424b3791e60c1945bc54be858582265c8b67fa14b813567f61dff3f42b34772d534e795ce093b0f78e9858ab74bcad963fed40c7371fb2047c908af208c5a7c13654d2540945ea3bd55e1ab5f6441476bd6fac29ad1c13e35009678e6eb3044df8dd32cc2a72c27b8f510e5ba7a5f06413ee7bc0407a6b
1064700a93ed0fcf6f62fcd122627bf1e7463400973473dcf6f97f84c63639d5685968d458fa44f236069d9bb633ab62ade260f1c5ad3e7af7ee6c473dbd547e59ee7364794d8da7628efb3334eef27b,2be4108854466da55b64995eb728055f15b2f18783ec94c44361b5782c57aac0e3997c7198bd52d386c0fac70fb41557c29f94c4fe9c6caba8d9f58d3dd38f3ab369f0a1dafbc8b3d8a0f5959a9b46559c8609bc4822bf38d45882a8e8a024c46637adc0f2223d367e72e4d0474a3b2d3d707c66842f65aeea9140aaf4bfb67e
73892ba25b77ba5cc373599192fd6db47b14b4551c021ba679b7ee18dac7029a9eae62130a94da1229d7b7375ac7c55130fc9b6aaaa66767bfe195f7074843a7d92e8f9f462d363f57fc27496f571f5b,3713c2dd97c2a9622c3aac9f0b8d291c4850713db2fe557cd6f53efd0c237fa85ded9bfe4b96ab3a5e7b94a2b62e6dcc43f294be7251b09d8b9444c033a117e01ae09daa7609db03ef761ad7a3067fc236d80b1a17c7f4b9763cd0cc9324244070e35da71674526003b73878bac8839c541f5af7dad1ce28cd5b08f46f3e2d2e
bc7ffee424a982394e3d932ab2a3551bb65ca48469095b22019abe17044a1d91da8456f1cf1b92cdea02d1dd5f523dbaebcaf956b38da77d77957b18b82de50297918747f04f1b4c0490b7ce206925ea,a69b11eb310117e6e9e7ff69d65537079a63ecf03df8ec3ffb26fe69acb32aadfedc68960cc54d05aa40713e8b937620b92a0702e4cd95f3ed02590cc6069960f88958cf4902e99d23f0b16b8675e7b2c39d4bc6708bf346e13366bd4e6249613456432cffec3fcf3b3616e39974d3b54d25296936a43f712c8b0d4b68303414
9d6511fb9781cd72e375db3ed126b72d0980d38799891215968f2cf5fa6a50523c9326993327a3995b4b0c079e663549daf8c54bf95867a29a4a38d85cb6ab5f720aef6a0e4e65e4a9d868d8c42f6939,6124fd1aaa2286eeeed14546b1992a9b2308ccaeb909586bf3aa18994702022c19556fc60e5e0e603a530e118ce7b973cb1e8c73b9ad72fc48699583e6374114e3ba3ac798ec651a7b372301b2f03467cb0c1645456718a3264d53e37c6988f46dbd36b4eb6be82af48c693eeb9707aa8a930bc39fd92cb540e6cf635cd9c925
7da619a1323cf45960f7ae6493e191b03e74c750ec301a93881fd8b334fb09e1aeced284b67011752e1e6f0bb6a4db41426510cafc783778f20074935dd05eda3c7bf00cf99a434d0fc5b10ba8b09d29,2d8840c9aebe1e8fd2e7f055f8c865ebc995292647f6637ccdc7b8fe5995f6fa09bd5780c3e151347644973305180ef5ba3c8e5f01a34b4ed65a4e0594a18dc4bf6735f803109cb7a672fa8175ab212ec8c3bb0295127a2ac73771b79912d568da204241385db33a3afa7191aa32f30998d0aaedf8d20eb25b8c7bb43c1bab6c
3138ed17fbc29999e6ab63b9f61851e40de0a8a21086129d075433581900bcb8d2cd05aac744461a2d984e773290561987cf5cc639ae59623a6998d887ab6ce47535550aedcae0cb961654515db52fb0,42263a628142e592af6fbfd463d7e6dad8b8fb48ad7684cc7db8d10cc7d0059b833fc76920e8df3784fe63c9047c2793f9a7e846ebd4d061e97e944f9848d2ec45ef86ddf70b273ecbb41bada924269d984825fc7ccd5f4e95dd9ba3746a386a3be6a80960b4c0476e5cde75ae6cbd041eee8b71c55a1bf0690421e9c3c8d5dc
adb45f336a58c988cb51c20e35a106a2cd19da0b9a0826622148723f9e99741aefeed940475cf4a667e1474f8236d5536cffb139cee16dadf3fe4bdd0454986f8a971131f4008aa3e81c39e67c4bd13b,68afc0c15fece060fb2a201aeca18470ae5cc0372dfb5cf746ab74bd234db378c8006e02154575f0db8babb9f74dcf480933962787a1c1b963e24e383d4c3f4fd75c440d7896afa85cd66e861a0e4fcef2006d4f334cf1fbee56fa65b9387ac2a1749dc6dc67b5dec085457caf90dc4b3cf9b0e16a0371fcb6cb0090d0c5b8c7
fb7620ab90459fe2a7c7398332a654eff433092530f45f5e48cb75afc1a4e81e197b251ebaceca817c813bb918cfd7c8b5357c51edeb56dfb4dde19aa6aea9ef4daaa05da2c5549d9047e887c6a9a80d,82305812318e3f2ab349c978508e9a275b8eae443a712b527b8fbfb3f5342e3399e11b59d5c6114e7d8f4489928a084055c66024c4e54fae3de48ec30cd9461524a2e838debd6adeea6206c0bf6fc5b1f7edae6ed61bf42faab81c6159742848d0f03bde0ce264f8ade46e7abd6ae7104614aef6ffd174e143c435df1a4eed8a
c64671d2c438f8a5be2fae24019b1e8e6fc4242f7a03a0563b0c9da809189fc2b7eae412281b0c6ac8ffe690c0476e1d66095e2d18ac7cdace46201284f4fb8ca6c0fa3ac1aadc8882e7d06e48c37145,b47df4a27600335684d14188983f6d7bdf04edd1a497fe5c422771b5a8eac4dd5bd6b3153650c238da011f0437b651e14aba2b2c91d53d70d29d13e8e6f820df42bd22c1baa664609eeb57b6cf296c0af5a4dc106a1e755809bf73d0fb82e983d50a15d41924505a4c03ad4914ec28b5f82137d897aa2c534a083844eecbfa06
2042a8a76f16df25e1a53d772b14fbe10917edeea3fe18d947a3d204c7d9999ec5e4c3a4e4e9a2f4ad3f1a28ec79a142b7c9be4e88f619ac5b5cfb4088fddfff641079e7d8967b9d44a59d3d1af48825,b4ed478bf8fac89d560bb29045617bba942700e970e321ba55f4146b5ef9ab333c634e4269a2a80896197f4a619b74c8e7257dcac29563bdac911dc5b9b2f39408e1f0990dfbd190a162ce2075bb038bc4375e70a37565abdf5d4c31f9ad7da238e5f98b82cde7846476d721fd582d45ed21eb7030d933dbbcaea4a9b5d2493d
f839e94492c327c03b0cf7e9e8c231dd0b790ee6acdad214a30432a1d6785eb38d0804597dd76c960aef61d08ed498b3efa52b2eee4290011fa927867f968003bd40810fa9b6239acaa785c1ccb50cb0,1cb86bf2cf77a8264b7dc94d4380c49f86124a00176aedb80c018536db8306911a0a399a02ffd089f4fa6522baaec0fe81851d78b6576ca6408d93311b582a18e7a737be5d5574db36347f29b41d8576f491d6fa5c2d20995d17c3cd85e59330f586b7d3aad6fef7613d87a778ad84575cf46157584ae4775ff29badd764f86c
f6df6594d8faea35ed658ffd32c655fd6421d295f61a226535189d51d748a063e5787cf88fbd1cc2ef88a364d37b1a0ffd0d0969523ef9b857161404b6ef38b571c7e752da696b302284b65d7b25d9d1,5bfda2b23452944b7be5dbb0a9dc526135626c4dc15cf2559239270b2b3057b9684056ff5a00f14450f145ae0faf1c7f802590673e0f0a937d5eaf59ee12b384186a936016227394baf76f64cd3cd68b83d5f17d39c0c7d8303a1fb77c69bce09d88aab40aaff51cb915a296887ff015dbe959a9c2fda5d963743a3a29d67778
84a095d6ef5a7213d6609948435a13f445c762cde70fbcbb080478624a3ed017d4750a29a50bb93d691f00497dca9feeb758db40b5ccfef89c6879731388b6a5a82439ad714211e73288f11896231d3d,4dcb9dae9eb2a8b8b267dab28905755feaa847e8aed7246c444abb8d0e253564a2738ccf74fcf523992355d0bcaedc7d381b806f95977e1db97caf1478b704ce86deb08be25198de09266f87be0fc2ca681e863f3ec5595c64315d5e2c36da404b0e816d30e15be7d5c91ff355a5cbf815d3969cab27dbd2e7ec29cb0f0dfa73
d2270e94385e003f0af49fd38f6c2e764e280df1b76391b7c12a7f5b266bff6703c4290702b64d6a84485dd751360b961b13acd762eb5e72a88020024edb5b9e6d63497149dad59e0a52887cfbe39402,800ad9553ee21476f0b874be021bb13bf7c601f2e52726e20c73fa07be3b2ed10f53a020d95ce23def19a69f932089b309887d38490faf079c1d0dfaee5fa7662fd11b91b74344b6f67cc911bc60b63bce3e1a5c166dc0f4d822aefb73dd4f3e46ea4c9b0b5f5a465669467ce9f48c05a76d539c45f74a9fe73c6c55a67dd9e
1e848321ec2b77068baa347d9f524c832a4b064832a7148233fe40e798b78156335ea404ddb26fc0927dd1f6495af83db7eae2de5a6ebfc68b21116625eda8fcb69b65ecca6f300e8ba944a71dd33da9,4969346e2d9639f55403ff87a9d61618a83b645d90aa1b4ff470118b5896434200aceaf7c011aebdf33123bcf1270c8579086171c9a46d72ef2277e0fc08a4fecd00623af6c639776168c19aaf0ca74d1b822acb29d3564740e1da068f78d130df17967e12a5b59d3147c01ca7d538b405cd4f63f914f3f897e1f3d830efcee1
2f413bcfd3d32b93ad6fc8b52fa4e7df969381da3430c51a9cac2c28e7893f4321d2baf0e9b93eca87ecff6ee3f112471f8407593c4a350444c8383ed4154b6595185c325609468e607ca744f57c1c38,6131497f237a20b1af5ecdc5365bd2513d442e00079bc998d704422afbb60bc82b5f9c3c41171986a14849dfb30d1251ae90b22e389db2374ae5638d1392eda15f47775c72790856b8f4720582641087c655054536b9c1a143e1703afe4dea6f149c93078606306f5bac530a9485e4fa0bbba502806fd61e4594e57ef0c8e1e5
efd9d5de7c45d042838449325b78b1660957fd9ab0ae26ec286df849fda02ba440ad0a706e4e3a5d98eabe043d21b4ba5580cc98188f71c4bab4ffc198739849e509d432367d9a9fd52998072ed210c1,b760b750e4a084ec34ed347bc866337f07b7cc431eb9297065c16f0c9c3bb5192a119ab1a8f53a33102f20e85bee070c84a051376af51b06f2605a858881c699da9d9672be72a2c768963e4ce0fa952d80de9a037a72d7caa5ccf40ceda11621e1f7e20437645f8a176b6b35f51b048935c2c51b136d2f378892828d254b7412
4173d195d5f465342299de103093fce31c106c60f8921a5df5c9a62f5bcca17176f89bbcdee90adf0eb15b24730de52e6bd217356ceeed23a07efb9c602d4980d7facc9c512358d8cd0e4c6d90790f20,5193c1279b1e3ea617edd8576033e8981dc0aba77593295af5daade3382e6bd0a92c0af13b16e3255036e3e1f50ba93b8de7f596104d18474856868daba2acd307f0398eeb8e5a55d71bd3faf0c6aef642b3add08fe3aa7213320567eb1a942747ba0c8741bf1b0958bde3542d656af6e87d6fb90b3f0b7a8a0555c344b71da
bac26a4b559bcafeb4412415cf33399b7a2f08a37489bef15ff2ada3a790080bc1c9992c64a784c4656943d9854a45e91c854afe0e2e90274634e0227454ef9bcaac3ca51bf1aeef2233b345c0814836,c0e18d8c9b81f8eeaa9428780f8c9ca0d19b35982ac700d7fdf218b0e2d33db975425656715d9664c7b75ec06b374e809e17ea10a9e33086814145fdbf86f41898affbb5f6b4b1812a4756a2f06921578423532e6aa663a2f4351d4b8fa2518e89448ec6a929617614bb1bb4fc6e5bb4984fc75ff19d584c5d1d7a014044f3f3
664efa5cc61b09c2ca8bb001be2d6c8ca91c2e2a688c530476223f7cb436c671a512b15ddc5d4f23af5307b5d5f57d1932d856bf2d999efbb78cf6a5cea4b62f8c9667b194271909aef99fb023f41eed,26389809cd81c68e465f857e3ef58f8a1788c98646ffbce7326bfc66b9619f64381b554727bb2992c5fdb7dc179cfece6bd503c7adaf737dbc720ae1ad8754b8599a33464a06420050525f2f465a91d6cdd1ad68e718c847bd04278b10c731b46e2052f6ab780b34e3b544621ce322c0774ca3423fdc7d658d10d703f9d18220
2214b283fc0f5aa4f4c92f9acb77f1fb803916e4e3162cee62a4cab97b77e5ff6e1e857a7e43298a0f1f56158258e1eaed5819bef0bb70f070ce3d16d9c25df8d32f5a9b65a4fd2f9307e4aa684db2c8,17d7efaedaf21bc6b92698d61d234ef382cbec031215f21957baa27deb8883436242ecca43be74924c87fc593f4faf8b48f2935240cf9d363f1be1b78894be43dc117b118c82c73fccfca43eb7da7069e68feb142a89922e7aa198fb8f1d69c5f21202829ca7b8a6358aa4f4644eaecd2acbb8f36c313c78324e6e0a7b3bb521
12d4fb03092295a3b95732bab0bcabb9c8be963911413f00844182bd82026ec9b8ed4987e0d46256cb700b73b62bbfd28d05118f9076b1ac64635bea1f6f0d92487d21873c029df1988058896b9f6c7f,c4395b12d74968ae3de0502d66ca06bbc8639e5581223e90eb8fb91e1e51fb3e54ef136aec1d03f74cbbd7db1ff7d231207b2d219e4dcdca5adf74fd0303266cc57af6f1c31f75662c81dc5f66601790b1a9a02d0e4c0f3f667ae65ee03ab161ee9f413650b9508f270092e5324fe9fce8501d6fc747494110097268cac8152e
01c4c798b8be9e4b0ea8234ec19489ad0e52df1da05ac0aba4e3e3010af507c75424586d9439930e0c1d63de49510a24eb2ea076b356d0e20b52b8485ad9e55270f7f4f90981d75229d911c06fa5e4d1,8e57f29b8e8a1b14c9fbfff76653ccb22c1e817a8117e07b9ea33cec47123a216f45f92ffc9e327379fe3ae95a269357ba9fe9c635f9e244ecf4992860c51530cdc157b6df64bd0a5e0fae6dab19eea3a9845c2c5542d1b71bf4aab09b115a7a6dad2f550877d84c6dafc8b2b363a664e5b0822f8da18f2e640d15fd709fcc60
3fbbadfc79c3db74809ed030b47ced660ffd9b637fab310d2c052d35abad1b697606191b57b5dfc4129ff549343ee557fc74317db489db10ee70bc193e856517991089b47e9eb323426e42e85229937e,ad058e7a9a0e8f6a1fbbe57a6e973b224d9e109f520c0f08ca0cb9bc9347c2fbe618f403e4883ce55ad658ffe316430259ce166dbee1e3505d32561b58435f3c76213393237ed9778a6f7f3b046ecd3db0f664f8b59aaa4496ec52fa00a2db65f85bde70116ef5e3df35f460473832e8c28f11cb5e7fede50849508845a5e144
603da16fc820832a85b9623932b28e1a58a05e8f1004f30b9b6b9aeec2bd6473e88640ac08020ebe67bbf97832b8f4c97b5ab48e7fc2a563b1dc20a243c9faefaa60ae634308280238b72559b30b99fc,bf77f20f5d843af4d10a9d2cc5686066f35fc82a64444126d87583f53659325b3b1233322971ab11ffa0a7a177be918563df416966a50d6e26a42e9f466949bec93732e43ff43a08cd4ede5370b17f300536d5e39952e423afc8fa6fc2d88b454305c0918f78087a3c29cb7ecc8d6191c32727486806c64c6f5af976997e64d1
34776cec21cded382e32dc97076af9f940df710e2886c898bceb8b29231d1f22cae3dea55c582b75cd1ae7c535a869eeffa8518bcb438946d87e49714d7b133d14c825a26acb1657f5c767163d3dd9d1,711f63d3b97069d101471170a21687657153d05e008671f566382b11521b148af324aa5cb06c96e293d9920bbc0f06dff634f13ca72fa012ccaf70a17ca5900dcb06d32d2664af5b6d1dca97a2924b959abc36cdd776d815a9e1fd4cf37bbe91f7690b2f86859f0f2569dfa802afb551557a77e1ae8a13fedf34f3d6645c63f6
aa9b6a56fbea56bb3dc4f3193f0d1eaa5dfbf0091ad1b2a26931ee0ff4ffea4500eb53e0468400d7b3d28de9e79b0cf52022da4181319d05f00298c1a66a9dbc6da98aaf255fd920af31bbd3bac0e75b,5c0780ef8144d816de751098fb9f150f7ad03919b1c3c4ec6d254cfb5d7266b5e9c0c50825fe4c54d1c881e194e657cb290d10e4f65be6c15e2798f06de2148520f68d0e57e7c2485d8a5b2ce53e327f86fbdfaf5676f73b72310a1da446225565cc8108684b5d2056675c69209da50b02b8cf6a6faabc9b2cc978a42c42eeda
0843b13b56fb8174b2a796bd1c2bf3d1cc0757241321021d2d6f526ff4f60c02e2f0ecc8ec4d3097d174f44b24955092ec9d405f84a5f4539c954c48392e5bd91c69f08adfbe9c89e0478f23fe858fc9,70ea53471e0a30b12512a1d0d75bbb6c8269b096119c57918ab8ba9fc8f657dac5c10b82a1cf028bea653d00cde18ae99bf2ea941889df5cfa954a16e7806d4f0647b15d280e5b56af016c757f91ac679c1569e21682417d2838fae51b744cb7c6c3453c4188a83545764d36e7f4c8e72a300029338315061f24430d1ec5a2e0
377f0685a596c609cb2e1d34a5194b2cf4d81c92cb5f34ed9f67e86f6366fffb0e1b5e7834d9aacb2566f42c02268d3037fc0ac434729783ffb656b343b73b768d1b25624204741f1f55e5105e1cfd1d,b3aa3a30f45d702ef3ac529ec829144ff00193b4fc9107b438d5a284ebf66f470e70636fa2e95e64ceee541b3442e94f7ca8b12df476a6c68173d3946a88f4cdd90de9a5598631e051230705950437f4a69687187d55b8d817a92a85bf71c1e7ed40ffad59de0c3b9128dffb844552e7267f7f065edaa1b1480620066884e681
bea0d319bba5577e44510ba8d8e3d57f0621aa2e5080171a3b46eb6d83b43789a5ffd64c08bde773526561d8ac396679d258e8a68f5ea87fe6d20393578c19587fbe36830732b0d9dc85cbf62654c4be,9c27d3581313bd8020bb22ea2ed662e6b0786891aa7a0443ea35443928d36606d2586886265eafcfa1ece96ddcffdefb7db38516e5e09a82696cf33fb4ef7bd4e00f9b08e3ee27f4c05b494543df6ec8663e857affb49796e5c6fe2ae2c81863af2c290c1f70198fdb5ad4e53c3fdc235f2457bc2a3ac2b235d8ff37e4d6630f
62e0e8507b39c1b728ccb39f0e04ba18e2b441f927e24773b20a0cbf8518a8ade9f8496c642b3642874b26d593ef894eb99933a2836f1a1322e7c370e889ee712f2b88c46637c8bfb3f2227f8c7838b7,5679b567ef261de942511cbfda13bdff55f1a0946e3433ff5b45c6dcfb16c571950d315a5ac48b9333bdabff20c59cbad4311b7453c00c05e5c521d6d35d3e5a1bbd13c6e612d4899343094bd64c23c538affcf33faf4f50979fd63c5298d24b036a7ec2988b0813d2ef7f4c7dc7ef703ba2465882a0cf5125ddc0500b986a20
affabdb199a1a22d887d90337044e85b3a11705e959ec564cd54af5257a9f59d807d999b63b0e1053ae8f668fc3f1ebdaf0cab093dbf19eb5959d77fdc9379cc666db3a3862a9e9852ff99f0b2bd8160,c5385dbd48b5b7ac9f0b32338b4db6fbd5987d9ca27f4f56399bb10cd15c3c2a22d2f162bd530b9e4c7fabdbb47513b59d027afbbef3f24b0e8fc7829af5d23f6ca760fe739a15ec4faad126363767d306a35b9273f82df7e164d66d33d164ede80be7602260231a4f9666ad637016244c8146f360c09b6133ad0531205ab563
a20bade6180ba8d4687c275a971e99f361f876f71bb988bd912fe79a47ff9ce7f262bd1d21264970d95c8ac1be23ef4f0c99c22843dae38453b616c85aa2ae7061379aa39d4376423310f0c791b30ab0,3fe7834850912c50ddc102269049cfa7108e77ba1c964ea249c05b8971d7f0f002b127c50c090853712219396902e43a0f3df7dfdb07271a545935476ce95eb8b0ea78c6c7b332231c766bf02a68778e8c493bda267d6d281b23ab103d238146288b57f92c1d0e2454755f0df4d03fd30342f659a9e5c109541e01b716c5b088
078c90f64607eddc618d6d2007f16600c70f0e0c0f474dd0ef96665b95471e698340dc6626baecd06c1601c8d97f4658f88ed64496eb15152bc9a903834a4ad2a520a2ab3a676b084eb8b68ac13014ac,b3008c0d05e3856ba405a02c938809d2ba6e684ec75a35f7de1773f7f3a1dacf6dd343d9fb17d8c8856bdb6035d2593096f348f21fc8c098496e8908147045a508cffc9fc7ed89b4136a44dab53b8476b4c92a9dd5d230b352d9406e3b5909e00ac5b2119ac1752af5fb438e62dbefe18abc9fc63c0ee122bb2de5c8c9cc4bf2
6b73542fcb065da5be1157c95ad259678f599d675f30af56b2fac79f6bc407cf9050c3665f38a7e22b46becf7a6d5beb47d903accd21937d66cee4224b1f2a00e2fde954c2a2ac0c80dc45836ce286b4,297e89582ca95fa3983b7bf8547e7404feebefeddfaa7ab189aea71b93d1cca9526e966812ec2f31ebb5cfab30cc2a4217c5368648eb83610378444e6ee571ad7370560347cca4541b57a25e659e2f278efa31b4d61f38c897c1a8c97d44e52049949c68f45468831d8b984c0cc960979eda8a28ffa3041a037621a47940ef04
5ba55bae16a370972886ca0150978c5fa57a5dae685bddb76fd9cdfba1515aa43795b471f358b586a206d7b81ad9cfde67eefed8d53b9d239967aba8c705af9209c8994e4a4f29570cef414e6f68d8bd,a19f507c44962616b3c9a450b320989196992e3ddd211ccbc49f0b49d6ad563a3dbfd416fd620380963cbad31b659ce2516d35243b4216d96d6fcbad902b25e8c4a42bd5773bd2935d399872b225772f4bfd63296c9d3822ec6250d705bd19fb86af2acfae0b34f9b1df590d275156f8fa569c03102714c92d79294a890900b0
9c31531acd18777017b9422fdbbedbe1f87b4b68ddc1569c3d8a82500955fbf43463dcd0754a807317d1115e3d547601ee87ab6ea11bbbf999e6fe6005c38a8f79b9b11a551d38781d99e672811a3759,7dceea0ef28178d9b4542bd0dbedcfdbacb5c0d42a0f187f4627c1957d725dcb3a2b0c338573875e734429eac90bea1c14e712a04b653c2fcbb16d37a91a42aa23c9e69bb9b38e322d4e5e0e98b61d34cedc250702c187c7792a52e5fe3854a3c006953da38eb94dc9970956d64e8170c61ef11e9b31372d9613fb9e44133534
d65ec9f454bcefc2f12b0c1024a399bc23aa6deccb9c551ba29d686a37ac257507ff6399a28fe41a8ce9be9e7a1ae6ec6f8f2700eafeeba27c4333bd8b92478faeec3749b48507588804fc3c89ba7c2b,b4af20d3c250ae882cfdb93e1200e0440b0aa92552b4d796abb5751080682f201ca06927eca10e37228cb4776611d49f95199a7a9c522f11c23227a90ebd0ee18193ef099e4202003b84b059ee44d71778bd16fa3ae36fe496585f5573a78b3f7723be71b926489a29598e8d0ef1adafb16a6f668af6bf18045a0f2784c58009
1ab401e01c00244e79d3714e998473a193bd4eb1b45d3ec8d5380faf3944419a1f2b1c37edbd06f667c5f140d2cbf01f521371d2753584371506acbef7876d887ec30547b769e22a354532641374558e,c937cc904d7d95d5c5121648cdac4cf2f9ddf6c441ecd8decd3ecd5ef467a6606c771f82c88477f20415df6d56a91f0e780c65c6b0746cae0123393bb19904d801133ceb284d1b185dbe0550d78614f21f1ed30a26e5a3d77acd2f0821ba4e06a044ff24a957e9d7bd42846cb17235c3a1c631a1eaebf70035a5d03c64000d1
0a3a711bdac4c64f6e42905a41dabbd0d5766acdb57cbd0c23f1c19c6942726ca75aeac48e019defbe3212835729281660dc35bb747eeed1854fb23a097c0d7acb21301a76730a99e999b0f7fef396e5,63f100f2d488ab887f8a1b4ebc5dafae3a13552174e640bc6d54d7331b9bd277614c79acd3be9aacb138dc69ec94e52c31acecc166d93f25594d666454b57874bbfb1aa9a76d036bc5dd42bd1dc6f8544798e2f082d317691176353da3eeef397bd2bd882ac5376b22073a92cf0b4ea831768898ef7c1ec8e8236eae22604847
628c27d2b3ca3a2672b5d15cbd4e6398067f8b845d3fe836257e1fe84edd3b51f592ac8aeb994aea9fb78ecaacd38fdb1e12632b5060608f6c303bf86e8fe5bba29f779f0cd210387b413ea2054bc719,c5c422e3f7350731c47f698ebc0dd26dd6081533b10a75c8ac1ead55f4e60b965a7f425c61d39a0eaf273aa9c04fc3b423c65cd61dfb7cf65946674c2a0331ca54a4054986cfdebac568ba1c11ed93a6d5925c35cedf95c80c80828b8a8c5998533fe61835f0c2e1bf79ae41542eeaee544da8d20d951874a0d1b5f53ece10c4
600b1ff9377386bd470d891a00da7a5274992a5e473292db0ccc7095dd9b28dff1c8071764e24edc165cb4324d2d6931d7a60007abebec90157f5d1cf93d57cfcd1865ac53126c1b4f875776207c5dcd,3192a1e8e173b73e8a7f89b039b74f576e51cf358701841dcf01cde724e200963f434bb2365ae0c42422be95546ef7f961f3659317ea9dea16456ef862023ed9b1714fdf11ef41047928fd53c120f82e58c8949ffdf0a9457b5ec3be0d2460a47b15d8cca618d6ae02c6c4c254e31e977506b8b45edfd207b2784bbdef3ad3f1
4ef8f58a53d23231af445875557515b45a8c0ee536fa2eb7304eb58e59271ff6400e8b3c32d29fce8a60f070c96254383fda22d3a441ee25689fc47cc7d7f92472a65add4128f54cf062688af0dbb0f6,6114549b930da389af12b6e15a3f9d399a70cdf8905af490731769ba4fe3830a520e298c3841a0d92298235f6568bb1347791ea9c4e7516dca88e08de4fc10d062748003338cf6eb25258769a15f1f891d3d52476a8ddc503a2b460129fda3ee207ce5730ba5c2399c732c1661da678eff5feb9e6b1e0ae8a563a8a32e57c38e
b72918f2de87c89cf792593030271c7949d250e0ebffcb031612c2c87af9b02084558d022f98d0af62e6b961e7f0c950cce748386a11f1e6e87df19c1fb702d2ebb8e22cb7bcc139f54d308ca1766233,595d1dcdce728d9de0563957665e0e6d48aad39f054d447345ec0eccec6a3b53874c43d29831df8d80ff4c15a93097726da2e31c848df524dc5cfd83394efbd457ba793a82acc4710876aa30505790ceca3b690d4e5a2d0fe2ed117687ee90cfcd146cd97e62cd0902d8143520a50319630ee88bdd7ecb1a66ca1b49dd1d967a
8a5286c9dc29148f326993c0c0979da1a65620476aa261e14a6a5311f74552059ba43b7040dfcac72c66d94f793bd7820e983523d1f0084235d1b318437af35da15bea1dcbf00b5c68e711295260fdb1,142b851cd8cfeb35d125885fa3e15d7d948d93f5899f4ec4110c46bff9cc832b24e2ca597505abe8a72f601f378d517d1512274fab33784b8e1a989fe65d96c10ab3072c6b00c7692aac6bb8613aca188b9614389bb23a869aa2a4d2e482081ff16183d0356057d08019b67ea35fd54e3f9295bfa441c767d96813b199fe544
7041e89fec35ae89a2d3696e5bbb3974cff10fd9ce98b14aff355a955a037c2bb6cd73b51a371e033aead074860a7064d15a109976abe05fb26db07074899514585594dfd75028fca04233f499893de1,280f6da0ba845d657f25a45be14df09335b7aa04eee8abeb09ad2e5fe6586575bc0eac6f0190a7ba0f87c52ce470ea3e43cd6da0656a1ca743986fe2ee83effcfafefee6f65b68a01b00e6727187cb0eb4cc8d8b881cbec41901db4b2e4c3f64f3702be5e5050e7da9a1738e941380d8d28b688ddfff8bb87440dc207d8bb576
92a6d7be0597d349f861aa8682ab1bf9185197e30926d8f4b0b260659cd54303de07abc0840d170c3301e287057330d1a553bd6dcb042f88954ad5d82e19c539ed738ade5abf7dc12d2967292491f0f6,456acf6e15cd987f90984feb63cd4f98b5bbfc4fc7322cdbbfc4ba1719d1bdec2d20093ccaaa390ce3b4c7354a915cce745fdad49eab5f61f8e6c151072085aa497939bd277d2a7302210fa61f327360c5b0a393ff025bfe9ea632b5161a63415e18187f5ebad56e7fe2670dd2bd38d2e41784aa7d0c01a64cea0c1c3f936086
78271356c8ff25e430d8b78e355229c881069302cddc75d917273abb4d7024d8477ced66702b1204fd58204c5956f712e6088443007def43e28256c632f73e81457f6b9b0a989e7901269699cecdb8b7,143ed3688982cd2ccd43a6535461a300e54be53add6b1f6f47d35fe266aa84d3049f7d2327e36dbd18e312103d1e63d9a8c903e8c8214b55e29abe055c90bb2ce05101255ee79a5c8d76faaaa1a2eb5957436341c44bd2d88db44a61a11573c5c664732b756d76e0a6798292e0ceed8276a5518c4f06fb0e39884494814f1f68
952cab4c758b10fbb3a968f35b81d716eef7988cb7e0329d38cf8370a4c87c23fc73c786a663de293f14233a646712f93cb73d0bc22ebdee8804af574b67f9805a1a94d5e0b83a42edaf11d1ce4c4236,4d37781becf8040c26273b93ca6315fbff11d1508001ef2033679f33ac7bfbe87c5a91c93794cdb907fc38885fd05f5088db28c32ec9b39f3aac4d6d7a2c18252ffb7c4c4ea4cd626ab75b5126bfcbb320b70b982c672b64d89ea82bf1da6013c90109cee1bc8c92dad6f0db6eb710237d09e18da8a8dae5448a0ca8855caa5a
fe2e259733675116b69831669872fb4abcf594043db062a5d5d5981195f23f1e000eb4dd183b29a42585cd0bf6ce464a4174d6dc6ea516c2dc17ccfb146496fa2314fe6fc16291368e182246d026a4b8,ad73e36af79e9c23f497c2064bd9b0de0f443f827c33f2d92b34250c06fafd70bfd36e0d7e04632029016fcb0ef8279d2fe0d41b44ed4414c5cbca403317abb6a7cd62b15cda2cd704cd98fff2aca7d2cd5ebf2ecace65b5f3fafd8aed0138c4eb9f14d42e749670d8aecf0a823aa32d4b25a0d01714cbe39f93f74d7a276c42
42742904c03c7f72a8e78a5d63f8df97f6ef34cd4813d737e3f12a5d2a8e3b2596814410f89e83309c40990b56fbc2c9af801acc4cf3857fdcf9b8d1f263ad3468c4c2dfb02d6f20eef7473fb1ae7777,6d5625348ff260fa46cdec39e57fcd72d2872e8fcd27922991bff438698b3180c3fcd6091cd7b57d9b7e3ae61a4d7e359c6caf010bdd7109b692c41a70754b0d5f370d15b900b1160aed0859d2a8bfc43c2906f0710ee40024b8634af2ec617251ff819e459f56df635d0a812f7161242cba8baf69ad3362eb269a95f4131c37
0b6d83742f3d21666aee9442badc50238e117da7eacb8559d8f820afc51d73d3b73d011e826fd0fe0c1bbe1e2ff95dec4e20bb32e063cebb21b1c0b1ec8036ce8e0a1679fb8f3232a134707758889b41,73334116ca657366af0ad4ec0e1e55bcfcb9398a5309eb2e4fba45b984aed2a2cf10a1b7a6079a281ef6c5c579245ac2ba5a76c0b6616c2c349bce6726fdf3c96468921de9215a58d94faf374e0ee4be3ab52144ad523854d47f7f7d5815ed0bf4ade3ecd85a7cf039c6ce2e0034df80f5be749cbdf900527a6c5fffcaada20
914957bf6eca1dc297ed45fbedddb10eec3868d53354dac7078cb7a8d6da46aad62bc14ce970d279327d50b8def40f79ace3502d20ee1e3671968861d8cf581d44fd5d6c99f6f2b4d919b9ad9e841f8a,3e3c9a09d0057c0e644d4431e6401f999c6567fb2ef621acba154d24c71f2856bd056952ed55b12b6a20ceb207d14f521c7c55a0e251b73b0030b47610ed9b276515f5ebd3dc09759977864447ce73f79e42ed3efd22894f4ca15cc5ca98fa9e7a8a0350ce79fd7e8fd69ff116da57711af23c2e7820d4ca299bbe8a854dceef
5fd06db7351e9857969299ebaa2c32ca2891d3455b377d081cd5302d1ebc0f85574de46b0fd21a8f691caf46db58c35fc3963f839b49457ebf259db45b2071b9961901f432d8ede9b5fd29bcf3fa75a5,3db58ac96ed8f20be4fc5c7c1f3f33a880220ff2240c5830129de8370c7ca380606f32d735d8060eee5784e0f1c2ee26d8c6d88e6c05883736b26428d11fe7d8343febb5b9f4c8f1884b40096063f3eef508db60c13153505c5df3a8c53322f3987cdfaa8ec67c3b3db08fc00cdbb3d539272da240ca81c4ad2fbbe0d226ffba
54120d2cac9ca395ed9b247c685fa572e7c8249983fc523126a15e8d24a08acaccc6774f979c8ca1bf9cc851966c7d19910d0d478dc55bacd48a9533c8a9b3b3adff1e7e4e3948af4bb2963ac6b20a8d,6f4a207528adfd3f760bdd899f996a5c9c8dfe966d914da12bacbe23f54ecd7a169cfbf8ec0cef0f75883082d774cf7e109bd96b1b61de0231d06b9aaf01850704b26e517f9c07e634092101ed74caea1ae33454a19f99046945f61f4bc6fe0ceb27221e45157d355c770edb9c6b980978fde93bd5eb901e56fdd0248daee74d
fd9f576b2c2df87e2472559814a942625476dbb8c8302e01f0d892d6c2f426678014b4f3eb51e8db410fc4dbf260aba60765f397e2cc94ef9cf699dd2db4dd8022467c755a153a63596818463f8a47f5,57353d54f8594bf6d776be5aaa8df4b0d3c2c0a51960431b03f8e4259b046b68969b8f922c839361361d066223217ec5dd3ebca9c8b3d50ce884ea1854a137555564cc451a92e2904f534c84ae6b520d18d715024e24030957c4b2d613d5c9b668e3253abe45acd6f82474789e89043e0b3f987275c0df3fea1d5695007edf5e
45a3231d93e800470e392284807dffd1b19527b0107f6b4eee70c9289fca3e1bd31da1022891e1d34f0026360a784722f5ffee691611013a689c2a60fa86928ca2bbaa24222ba8ba87102dcd80729772,b699454b04b11ef53e67b39a4de145fd4a9612a4e20771a68bd49ff1f3c7b31114f80d895668dc1c87a565547eb28aa4813bffc85ec7c9147fe3fdd4cac3a8981008eb742122bef823065eb26c6549b429135e668d93c785b257226195b6c0bfa719bdb2c965f4fe750ec3598a816c279ae2f91f8ae85ffe4855763a5b2f9fa9
1b39769c5db0d390c75261269a354e1e902242151bd58ed14f59440e13b9b8584b5a289f8d503aa124369e9e058d2c29dbedbaa4a5c5b19c74cd05e087c45e86013017fad118215b0837be93c456a293,1a06c95f51dd3b69a2b432b3222a73310901361fa5f8da06d4d3bda0dca8b9b16247118cbc57b36855ae22c02d62f2ca278ddd8b7f48337666bdeada06ffdc2f41311c87a84c1a79c695b3661cdfa1b44e1776013dfb46eda62ebce0d7c4a9d172bbaab82fb7d18f246f6230d72c5fa1ee05eee9173b4bb224fac004ef5240fe
87c0aeac5a5506b9d073dbde289e28a9240f91ab3f8863ef9649f63c2da3f0fb7a97c0f52325ac68df302325884dbcefcd86452724572e14eba46d42bca7f59b3cf1a7d053741eee330df0de3ca50395,79915919c1273a7bee41e93a82100297738dc0a818bee18924f48e7eb2215f596dacea10125691e19c38ef02a119e61dd8d5467e6f063374ebec2224e54b2c0747d35dba9855b14eecf1aa46f25f4c282b563de91d138cf872a830ebeb5839f1e3a290458e1fab6a3374a209ed5b49b6c7999f0424f3df9d1973aa00e1b4c72a
adcef5a9e34a3b42cb663c9db7213ee8448788ab4cc5e5ff2567be3ffa23a6f7af26ceddaa5a47bb7092568374de83e9b546aea4953f1bab8d022c5c931ebc9780821db725ab1856ffb1e2c8fa177cae,91081d3a6106bdc3f37858c7281b796084501379bbf42c23876c4142612c659538c72325ab06e75e4becff9829fcf8b2ad5ef31dcb95861154650426c394c81dcf8bedff75df10398f161d18649e1bafea0a840d783d9aa49fee9fd6b675eb7bf756bfcbd2ea3b64bdd55ddd9569039a065e54bb21c3a345f01982b4c953dde2
013ec4cc7622b57fd03c042a15ae3088bfe0efd2d6153a770ad27dcbaaa7e04a187113382bf513583bd24d32f87ac8c405814e2f8f25e05215ab53af969d681aa55e424e681d46ad5eb54b93d2350419,613a9842dd8b9f7ca324d6f8624cf017d005d1c5aaaed5db86c0a9b96025027f245458c904b6e2ce7239291c3bbafb643f88ceba0d757f5cdd3a781fb0ad06f1559b0b034caddff4eb79099875eb98dc2b22181f589feaa1c228b2c99ccadcd2fd8a46c392fcf9f563096e13e58cc895e2623bbbc6d483f32558838edde550b3
2618856a5ae984a65cf78b243f2f9baeb8802a55d483b38c8f2f3b4d0a155157c385648e3da5c8e7a5f847e6928ba614c191e1d599c2c5a9f385238be08f60971282096ae7465cf98f47768d2b0eb54d,6740820cf98f1807c64bc84d5f420ca47b26d5f6696c8a3f1e4b89ecc52fb238d02712925e365a91855afdfdf854fe985aee4cb478ea111d0287d0c3ab58b2046381bd7c7a9770125fbc3f9f20871d7bc230ab336429c3084d7d3fc6f87b0912ac4b966f0df0da4d5b166b05e23461361ee2f2c08e8aaf23afdb1dd4bbb06f49
303e088976968569eca1c522d8de4d00e93eb1278d6589912d04e54940ab6e84f136bd7de8b1ffd2cce83245601c8a2ab82282225c8bee5157914b8e22da2afcb9cee21c79349a0098646660abc5848c,c900131d1c9597bb4c81a1e8ac49973f972a22875415683df6bf0d796804dabe686bda1abb4c4976200c899009c1cd137e65de36e0702977ca39c3d559770b3e38bc30e45149c51266319f7182751e201b4a444892b3679c1a2559237d2b632bfe04cd8e414c4a1069bcb675d49d729f4232e3add85b5573670d207fadc5b82
6cacfd3eac925c5a9d5afeb7597e4c1b49d64df6dcc0105a12a3a37551e624e73190a1ee9b7657d603678165f4c3e81d139564fd421ece53feab8c43f4d4480714f360f1a849caa5dde505c1f4b877e2,a218096b5daff92b4c803a5fdf1911c591f8154170c05db9c761623b6c376e2eea7d72e805c3400e92d5a851410dce47e0636e1263ed51ea7fd6bdbdfe954247961feb732f2dbd809484c05786a11f0affbd41c0942f20866b80857a7014aa439d44b4794ca4e4c82e7c04320d2d59154852c99b4a5bdcfe4e951946eb374ebb
aa0e44889a9591f37e94bedcf8b7a5d1c0c4c38a3f33f75fb6e7e4eef9fe8b0794d0ca8ccf787d44f75b5215b9598c727297e102fdc8df321cf0041a2114eb7290485c939550f1d13d650774a484b8f7,a21da4c60aa8d0a03b51c4e695abd610b542847f5a8fa4662439aca19cc9ec043a266fa9743d0052e1a270754e46a6c3d12487de1b7a4d79830694fefc3d279fe32eb57f8478c9193c0ea2d301ff446a0f6799f0738ea2f100c941e739b5dfc2f1c1352e0f58e2e8f151ba4f83044607a23376d32316ad0bc4510dd5156f4a74
05c03fa8d3a0cebb47249fe126ad8cb5772012b3ed7cd277af32022c245319fb035c743d469ae68da7f0cccb365afbbd17d9fd748655e05c3c0d0f25ba711ab54ec95eaf70a5d5dc7e73ef1a108033da,5800495b938a65f25089ae75df71e45982138679280857337cbf72058f11e51cec1388931aacbe19ee40ffa6c8a8f10c7df9c66826bdf0023c1844cd67c24d689c7597494b8fc84de16c4a7b199a1baa5c9315ea6d94711413833bbf3f61a79c967c5b37e6ffd021706f89429c6855394f899aa56fad736140e5c19f3fb493f9
d28642c418461cbd53f6c93628107da43da7f6528abb2e51e0058bce68eaf5e5b23eceed63b45bc7590baf0bb1caff6459a22b7e2048a2b45cfc53c3ecb618078515caa997b38154692c75a617164495,30dfbbabe9b1ee959af9d74e9f48c9e4e7eed615f0f4736079cc1ffdecf1bc4f6ada49277e566e70f747470a4013ff39020fef9638699cc4fe118ddb94308dce01d0e4bd8e9f3fb8b552f3f6bd0b1f18ef7afab3bcfc1bb7f689af272d4cd9b92fd785f2b7ee92907f2efac0d8d1814d5af3080634d82a09de8e8e2e8e58b03a
4b55bb908015a3c55e273b75da899b8b4804bd53084f416d74baf3f8d3138a4f6ce092d54b992a8142d32ce1cd242d9a6b8852039c051c8df22b9fd346fe050b25d2c53682356d7ea1c46cf8da9ea648,a88e699e3e78ebf47eb85aecd5e9f4cccde0b471f3b82de99810dd475b500edc8ae207bba591e07b44cedf805190e41ac84d56fea254b1fcb55f5e3e4733f8fddb9ea8a61b00f454c33158d9ae391ebfd3084cfe76daf413c12004c9f9613e2bfa600265160462f892f03729a662d16f5a43dd417a4171308ff8241117c9cd7a
2f61699081ca61da3e76a27dbac270bbe410807df6cb2b4d6baac5f677e48613dffb3a7f5636b6715f1eab8c98834686bc1a207b936ff1ce5d3d6a8bd5cfaa4c67ceb08e8075fbd6e29d1c25101aead8,58cba4cbe432497b051afcde30ee25ecedc3a826c1017c20340d35f784c8602fcb56b39d21eb240703c3f6f24c11e6d9fbbe6b2aee29e5eef6971b010b0dc9b191a910bb42aa73665c3e56eb2931c8631f897958e3b95c3cc9ebe0fd353af9012db6114dc1aa2dfa1dccbdc7ac113cb72d59351a2a14036ec756913dfa82773c
defec69ad15202f87d9097109e96f5f03fd1e817f3f93751f2de57b5906d3011cdd622320abfd6dab581917b430ff6b9fef9e7b0ea83b33a66d55d1708f6affde327278292118312953d1e9c9af3b00a,60b794de50b88d1956829d5aad9d4c782785677292091658db042edd5d8c761207c029facff425088c8d57e9ed97cd1ec9c379873182b1c4b893f70b718831cccde6ab9a3bf8af507eb3b6929623a37638c2a245f54141da581802924e88aa277e87362ae8a150a2d035faa7e77516234c2cf977f7ff36e56682feb7a066db80
a4c8a7152b05eecec7eed8e2fe15e825a92255edaa6d3dfb62d5be6c06885a619a460023d8356352365bb441a90cb5bc7f68752e1c4f27d09659dd0de03f270ddd3b75574caf1292349cbf90cfb81500,101bb32be039c07782a21cf870dba3d629e84a6cf9a9ec7126da619658bb8f328a312521dda78d17d292d9d4974ed69f87c797414063bccb09713b04ca6119e73b008da4b356f837c51797498b7e8c93413e4034921c8ece16668e76a80ba64d7da979a6f9f0ab37a41e408bee480c4fee2eee8d2860a105060f991756e90bd7
321174b694e840dab841535a7bb4318d300dfd053ed5e89f11be23cad88eed923ee2f3ba137a8258b28bd8b05f3ec953cfddd26926e50bb3f79ba0b01836a6c58388ca7786b23fd76f329bd53a19aab9,7b375b5b1a691e9a33b4c9c05d3922d1d3d58b3e15fdc64edead0d90da980719bf7242517ccb9c5e0ccf244c67971e4080e5e78a7a2375afdef4e7c33c21845bf6a767d5bcbe7c09ee1a4200eedf4894184579f480e6c9e3ca223e0a43996c897deb85294820fc8ffa88a06676b6ce612fdf5a07aa87eefecd4fa73445576c26
7c2cac711e1349954298509b9fac8b713c438aeff6a8a02cad6f3c9674822ae18bc803c88cf4a97fa4e5e66fdd479066ae09f8455d485edfabb517639e436fb467c623cfe5d97ff6ed718732ec82d808,ac38a80252da8c3ff833d68f60c106856065364d514fb3fd7e76186e2d6a9014d639ce25ce6a602dcc5960296bd90ade12ba3e520d9c8d2ea9abc295521a84299b2e094400ee42fd3574fdd4f8bcb661ae928aee25623e50c4f022aee18daf5bb2ca90b3c3b5668ed7e5af53f36a562d6fe79aaf98d467c34dfde22c579d9446
b80ec16d049c43e56533c01f594e0a3c6e754d54a8965bf56fdcdb13b38c0a66989de066ff2c7907d8b16013c18220c9b1926695334882b9445a6f507f44c212f6851d26fad5d04e3f8ad60b87a787c2,bf8656b9f24e6f98c240d826ef15009fe094ceef0a205700e6c8e4c5a957d4250b4edef266789245688994bade8d421e9a152108aec6c49e023b062b8a5ab3f837b2200e299fccbf4b1a596824e8aa2b1ce7a6908d788cfdc2fac1de9117d4b099a789929c06fac959fd3fd468736c80497e61485f32d469e7b74ba800a3a97c
91572c839cd8ab3cdb3e6c6e88364f2293d5a1865cff0727e6e5d44ea2d714ee9905683031b480affbabf7b3d1a33d7be1200a2f7cb3cd3930b9cbe47fb13655d438b19464117364d94e1b482426c2aa,4b8a1f84c7001d659f3c8aff18291f967ba0603b73cacc109aa899ee44e9248182b57484ff47d9f2b6951398be39d0ac766b5bc6bce7dba64bf5e8f440981dbca25d30a10f484866d2885ce9c665e7d3782cfbef5cc883e21717892c7623b929b6735fd015ab0984b05f461a3a51c396973e6c4ed4d7a4bdc8ddbfa85c9b3cb7
51d9d2c8d15a05225e9bca3a1bb73d3e0de51807712e9f6209b769ab4de9a9995926a0b0f8e2c80e941b79f6162e5ea63fd0709c9c66601de627a91ff0458ae57e9d696b641f69cde6bdafe0c6cf7b3b,91108dd9c352cbc2aa50bf03826b868916c5df47402b1478a262d0b2be85d5b63747521782310c156e8dd5641f75549d2a85b50a225eb7b22b0df80b718deb88339f3276923341dcee042d21395da50c4f978fc53a8a4ccebb14dabf36dc371757a96c40d812952a83be05c63c2624dcea42a5efa8791a4b42a57b34759aa7af
fec2b3b5ae8a89c0a40092d475bf96f4226697faed9d56aa5175c02da45e4d2a8e0fb834f6829da90ae591543e814371174b6ee733f324b6a39ebea0f4103b130f454ebabba941d45771714c0219244c,273dd254af901df6432d873c38aa8a8d2751e1476462f6928bbac55319baa854315a498e5726250a20a7f3eff9b2821df222de434fa67b495accafb76a3c8c2372c83a2f583dcabd7ebb807275a6d16591514624516baa3ecf4f325a9ed5864339e1f3144d7c7da36d68af315abfbaefee504513ff93e88090bae97d43d9d8b5
097d27fe9f5b0e0a52ce64e22baf076a5ab5b3589024a12e9c07b64232f90f7eb779ef9c89bc34f1c5f1b3efcc3d831f20c3ae966b1b24a24d85286c3659e741a5afd3240e2fdf7230e1de7f30cedd3e,b9dedac90c7b43b89cee1ba7fba73d357123891c71111c05ab9bea36d9f0108184a915cb4a08859fd7988b564f9a454d20fd689870fa3866e1068e1191e4c43bc337ed5b860d1b3bed00a378c6d5fb8a5a89c80ccbc1506e796a26460aa2919cc68101b98a50fc5e71ae51fe4185e0752552a9e1248eadf1413f5576ba4d34f7
d7b90ae8bd001b0c799c0cc14c0d3f35f6798ca886441664e8f9f680d67f7b8034d58c44115a2d8a5e4b2f4f59b3c5f135ecc4438fb04306f93bb0fb25ddf542bc5fe1e2f3a3d4b634eea0c36f6a3f03,aeebef51ddfe1276466c2e3f5aeb7f32475e406fd55b4b8ffcf110bed6f72ce874a0bcd77099729efe404ebf08f56a1fa2280c888524898ee3f309cbcb58c86b578f43a358e7d1ba48015287341924722d45f8f4eee574856bc77cb55ee1b50758dde8fa1cee6441ea6b93b8585f90208300ffe09b74e3268c3ce342a7c3b218
d829bcaaa975c8de8d5af5b78d52db56cfd323a46b5e46186489eb8283ae5e53999a4901120c537d8840e54bad0703673ede559f2f94d12b916796a79c91acbcd475888a7624836b0afc76770e28b6fe,82d45f71a2f9b9c7ac2975f8145a4f9570e57cc6c67288a4cfd441a6122bedc58f842119d413d87408d68aa371b002ee1213e905ac23160f684e45331142647600990262c338d9a04699931e2baaa8605fea6f1b004719064accfbfd020e9fb124a39baf26357576a6ee88472ff241c076a0f7ca59f8bc9eb8c96bd391c954ea
bbda045bc086cacd6e72656f6a01a516b4e8730006b7e8f8c06b7eceeea8f60819753a82bf003fc1eac079efa9704ef5acafd52c83c5d62ee1e2e8701b4520b5ab2df3141445bb776c8396e8c9043fe6,a6bbe472bbd197e998e2cd90e5bdbf9c9ef841c3f25f969fba29c86709046279dc5b66d013b7447c92de6559284358fd48cc8f03f5eb54623bf8ba15322d91b7080cb172823aa4cb05461922faea231769c24378827618b8e81d2a203e786b87647c18c827f55a39cac3a0ab924cca05b75b2690d6b92344495f14b5fc90366e
341691a4bf0d82f3b24594e776e6fddc3eccba8d5d7b9d16ffa6008eabd0bef455efdc25cd23819f3f12820c112a9409ac12f764f6a6b060e38f57e5c94d15898651d5f0ee6e9fe3404eaf622aac8000,98ae900256359c4389620ef1f8d83085ddf23a357f1816726e6acb8a3f21c735b31692a945697fa9407ee5fa0d1e6675f5bbfd8f01d27716888bab411146a6c93beebed31a2c8dc944e52683289cb7a1c6fb6612a9eed8280a79747958bb7c7ad33757b716803437e131483834f3df2194970e4e0d9b776a0ccb10de25e2226f
c62cac6d362385784175ca259bfdc43258e5cbd523f4bff8ec02517cfc2173ad19b51370947bf5ef8ed88d7bef931574c9c5c5a51d26cd3f52d1f2d1f140ed70fe0a068e7f4d2d3b481a4ee507e36156,e4186f4fedf0d48653fad37d85f554b377c579db1547a4b4620191da4c37b2a745637eb21a7871b65cbbc13143a21793f213616945e90a89bca679d9f6602750c97e564421e671128d41029cd2d33d66bb1c7f143e5c8de373c34c45327e52e6f28528c79ccce8dc7b18ff775fe481e4d87fd07df19da6171a2c5c26efdbe87
