bdd408af3c685476bc15cb6db84552ca89585402bf4a7ee7800a14f8469abb09251aee018cbfc1602b7a1f89d65d0f462ad2fde9fd98b4a6b4ad9509a65acd45793a3df4636f1bc8410db3a37d3e7d6c,2738000a5a8323538eafc1bd1fef1a625afa6e4faebdc770a4c029b3d40b2c93df2e1520cbe4397bb70b50437f1dd7df58c9fa828555cec0e982c14e6143568cba7a42d9f3603e615946a3290e56f0cdc5f256fc87c5134c00b60921a75733952f0b2ccbc7d73c37d6b7062b4a4b4bd81fa6b66bf628344c748c2d3c83766d92
e62b9ea3cdefe6f88faf8b46b6b59d1e038a39e1d80b5f9ed7699abd507fa1f1c59907dc12002bc05ee76e95fe0fdb89df45e4d59ad887d63911f3430ef5e6423cabc74de494e0204e1c49e316fa3115,ca1c6b008ccd0374a087faf6f38e354444c724b1aede45af6117fefed692cdecbf9cbe29c65650a5b89061b071461fecc8e7c7169f2e52d5e6e62cdfae58081f7519ff964ca2d0c842acb0bb54d8623d27db851c74bfb72d8499ca2b7fa4e5ddc81d8075fd3031d7514a7ec8f1fd59d46457dca0c7a7ada6b8405fd1fb95953b
7cd7038f64651a6e61d02b757740b4b3e2cdd324b49c6e776c804cdf0d2c27797c75b24af24930dbdf9476c6d4a57ddadc990b7f635456fa2c6d10bf4c282ff5ded8699d77befac3e208775d042bb626,1240981ab0ace0666f0cbb9cf3d0db2972c33f1efeef67e3f33caabc41a688df97a59430e3e5008f367d67ea75813f2ac043238661fd7dead1a4d51ece8164b6de7bac879f4193c084421925cfbe45beb012e2602d3b0653de7ee91c6c0caa2f1edc91bc608813d590d063245d102b97a9f1d4b5ba7698fc74589c3b14035d50
b9f827f32aca0a97fa8cf88964f1b2f89bb2c8e0db7643bdd27f814b22f2fb444907bf36c5cc9cc564cc470ca0fe6e4b522a3dc4caabd51ac70eb4ba9b35d1d92068ffd843f5727c1543a42679158a34,6539ad4a98f2dc283c61ab2a5efdad318dcf19f63d6666aeb39c81385427f705b1e6d0289e466dbf885d94078e7ac194bc583586adef570f9cc7b86b486bbd8594598516477ba2acfb16d6a7ee24d362bef3f09487541a5d98ffc9ebddc81e92fdfc23bbfaa6ced197fe61c4f2fbcbfa34b6ef319e721a6dc64912e13a90ba69
cb8ab33954f5ce3137ea242f7d5a20d8cef1aa4b5c1c5fe306ae8875f0cdd9ca9e96e391e4dd05da6babee95c9c392378828a639cfd73df3cad8e9aecf97bb2977f9da548d4f07b6918f9e691dea3916,47f5cc7f9e813142aa9caf5d89cedc6521d2faa42a9190a9e56e8cd8e354f99dcb9cbf8ba7e1d4db2b5081e4b7f29b20ff29b8bfb1ccfe05296eb176111183ac5e3a3a962a084c07a9c4be21b3cc6f835ef445c4aabfdb72b3850996346330efff089e0c80984cb97c2cd100c13e0bde97e10e9cdab942704ce6244313deaba1
de64060e91d625c7b74db52c8169cabed5a2542b81a71776b9bd59ccb972afc08b9548fb582b0adefdee0909771eb1f993f55cdd056bdaa0eb8bee5c558095f535ad433508dd5f52151eef76f6099936,4db18d7c66bea059cb1acb94cc015437f5d8d4866d9e8068897a59389f1bbef8c93b4218a511b16e7fb590f50158baa5376795980778c119cb3042f96a78d612bf4cc71308af379ffcb9f29d8fd47e0f93d45dc88f01cddb69d0f0e4c63d274fc8a4a2b3c3d76f75c7759a063d3d88a253c08d5230710823e0acfb5bef391387
f323d7d11852b61a0047fdbd5b8b7363e49000cb3c8f7b4b300e4848e5a962c208a70e3bbe74b946c1005e3003c04c0fe1cc64b6ab6635ba322123456d0a1fdce439f892cdbc1ccb3827b5124bc2de23,3b42d4e35290b54db7c0537ea699433a0d67a730e8f6c450d3c7e026e6dee94e28663eef1826d3f9c6ddd701451edad966934ac2914f1f397ec503e4e2af330c4ed144e48db49014e01ddc73f7134f063e1d6eba6b407f9ccf252c92ca97f555b7b24a3e0320f16dd6810bb0ec52a005926f989297ac5b75ba5956c8679ebd98
294265732c99175e2d6440533c62e767fa4f8ceec3cc16ad5b222c2c73bb0e5470080be241f4115c99c2e9f967dce0bcd767ae094d8333f1031f4815cb2689e1f08e9af8a0a2778b220f933cbb0f2408,212bc38aede4c4b019e9a1d072f59ef2364d2bd0f6a43e993f2eec1f369959af2e1dcb7e8c29e7f2625c55df8afeafdf209b18dea4dfcd3e7fb0a5fa47ab2fa8c86b84a3edd63f4efcf79cd8e54ab2a13f1f5ef26c83527c97f49ab2cd890867429c69d03c0e248a87147f043e9ffe4286e2ca4825ca17ba17a2c1667fa96d7c
f1e21f07a50f9c944af0ba0af435e505acdcdf65c4b3a4420d5b55d283af74c0f95e8e6af6d78e194c4054461e598e4b8f36b1d9afa1e5b7c29eb5ff625815d92129bddeefb71c4edf46ef93ae60b0af,7609857051a6110b30e62183d3ffbeee4458ce2fe8d6b3d593b4599198ba846e4c8936998da5a27934b7fe2059f414b0bf082cc28357bc18d1d04be4eabe1b3ec88c1179ba5a90b997bd09c9081f282b9b46279515edbd591f140ff3f2dd9d20ba04aac2e5ba752f3cfbb4606f787cef04e58b51e292f341582549029b2f56f1
035ae3e7829c7c7bc1b069c513096c9178ba03a784e3317703474aa0b00b488e8d43a0e850b765791042d0718172eca4b98e152dfe76b1c384ae0b50402a16bb9876146860169b20f853c3c3bae9cb6e,b45f4ed88e2b05f8d9a700b957859cb6f3077833d2e0acad5ade0f839e8ed38bfc7ea68f760ec51ff73c361ce09553878f9f10aa3390810af892bb8b988685a17131fdc1e481f3647df5ef93ddc63baeb33dbf1829cc496096d8cf39f9ce18741aa79b69955e000ae0b559ca5f79c8993b5e14c74227785eb4690a392e1531d2
59122ea3902a37845cd3b4444ff5c2e691918aeddeab21fdbb98bb6e30c51c062393c1d6d025ae158cf3c074fc9635dbfd267f4d8eb86e0bd9142e51e83b5f3532b7011e94e71fd091e013f74ea5bde2,41af264ea9ff3a9a40fbd776620bc1d3179a8eef5f325ab9b791dc3c032f2afa5bb6c0b757212de070f4f2591299b8208fc60ccde9dd9e9ee571d9998e21f5a08681955eb818f551a259f7a2a81992d733cb72e3bb5d576282dfc443e626aa5133ab438c0fb1c3146a58b5358641a8fa8c1e5f262434612bb0f0d13708c56882
8de9c4ab607f725ef0f89ab9462a54995b993039794615c0f53b01169b15ad5cacb0128bb3336e267afd62b29e90b6e62d99f5b0757e6a3ff6602ec62b5cd16b317b27cd53c4dc709ce3d82632ed535a,3dcba6634bc931de8d8dff311d09c5fe51baa172e595899ad59fc978b126fe070445a5cfe3ae9b2916b307df88a0108dd8fdb9bbf0870df855c52315d15edbd29dc7eeebc7e3b3152657a93440160c39b106c42620963038144c9a26acda6bb62c8956899f5cf00d60ca8d15800b0b711788887e35243e0979a5931d28b3cda5
ffa41de39351127a8377f83e182f7c527ba59f869947467da165578682281a321e06b7226fc96eef10bdeeb276316c2480c5fefa8f2e075ffabf073d7bd679d43729fe93bdd8f6ccf9d938be6d46ed92,3b8f3b1047e817be6c6f4052a46df47b3e991a0d89dd1d5ce6f2556ff1f3afcb53e6c4b4339d521ae628213ad30d13280ca0889928fab7a7558725bfff1a6bcb0581b8e4f9a09b8ff52ff64de55844b48a3d831a030458c2265466a04c96a1a821780534a1e600fd69e67488587e52e95edb6ac1c45a5cfe2b25ed67e2aa3e41
3fe3f7ffe117efd0dbe10fb7cdbd4b38ae32c6f0e87565a560a335d3f7b25ba8607a1750643f6e20be38704d3323851783a72747e4d22fa2bb6ea0d2e111486c811516ce97297d404bff372e69bdd98e,32b3e30d39dc3fa869265b14beda1a2bf05d24b817b3fbd7941552fc53c094810dae2a2353aaaec7844e275bf1f3c267fd9af7b3a67349e5a42a9c1fed6174524bd7c7c0a39784544aef123d1e0b843f1b2041db4ab63e80e5d17ed48ddf477005cf33fd747e136110bd1fdf41042a07ac1fcf103a9a47ef3058b1f383df1b3
9d2e34e283d9a71f5d12effed492621f9a3d4fd4a9b15b200c413f0d36efbc8b6ba68952fcffc8863d08580db4487b29eb0ed302bd36f1fb3cbd731c3efa1f5509c8574ee3eabe5371cc21b77adaf199,b55a70c85f701929dab58d4eb3de32df32a3e9d34a5aadf9250dc3095bf9107b64c94351ddfd5048c8b6eac2ac21b705f2a8d5836cc13e498dcf5de530179a5ed1ce42c33a9b251857353ec11095c946b839da70d9b36aac5920842ca6d3bf74e5487b27ae54cacd45b978c7f5825c788af08fc17b75baf6f6cec13efc880bc
dae439f2d43ad75a01d68d66acfa02e6ee26dc59fbc464a0cbe5e851421c3a4d01293fd812f18afa6c4bc44c84bd617051dbb49cd0775e3d4ec400cc8182dffca29e6937e87999539e6f6f6b983ea5ea,bc0f415048cfeb513131751e8114a6fa7dc9c721da3dc201802cfe6ca0543215f61586d9ec6d8c17c3c570f83d63a398e11ea099374c155d438ecb59e30b1f561e97e71e6f35fc909a4cd431b8b688237b3aa43d6757c89a99bd38347e030e8c8f13882d8cb6b920cc905808f7afd5ba2d7e6e5e7638af0d6d4b4d9da3832991
b9d3928fec333d6968752b8562ce18f7c394d1e8d900a2e51343cd68939bd410f8e409808e808c4437e6d8d4aee6b6a815bd6892a3c6e7aba1bc225e383077b08c1af3e826711ac2db453361c638d12c,c3453ba8c1ba182cda6ba4d8b9e8a9ce0456c86287cd3b641c9da649920a4935b6f81d4955e8d82d85d79f3348b011d686639cd281d8f4978875baa60328bb79c02fcb1ab0dd164843c3b3c6aba8ce3b34b476a9eb5b7e1cf80cf2d79329f78796a01a2894245580cb676a8b523df5ff350fd8711433b47dce7fb35210a773a7
c97f27ea9cb6afecd126d807f00e64379bd36d85958ce270cfda9737cb3dcc5518cb31c2be1b81db55ab58ff670f17e7f4d1996d61c0b484eabcf7fe3206037575b1f71f6a336d0af56024560107866a,c0f7720eed48b36e8cdf3731b5f7914bf0b0b46e564389a1a8f6e42305e5698dd36b0fa2203366ac868d67ec631a0cf8718c7fb85c87825f9826a57ebb815db1a08e7e98c69b0d13159460cdce15e769c752ed97f13403e67c35cb93798fa47aa5b0e1e57d5b6f2ed7226945fcef98e2d6d8e9bb35df147060c168b56e7cd6cc
c47ad07d30b52b9965c9bc30458219c2c06363424f238015db37253a852755a2728023e83ddf98b889538db6080d0881d6c1736fe2d94429c019af3908145962729fbce652f7d145d8d8deb4e799b281,b6c3e0bc3c0530405690e2f40311f25a4db528d7dbc97b1fe0848597356a47347332ba094641d4ef7d00695ce665511292670b7ff3bb03663f98c63c49e99f7eb1bedf763927bf9e68c00c15e31b987072314776cb283e2f4b43fcd0a4d8aa3145dde78b287898786392e599b13d20ec5c7f62ee62cc989d98dda9b5feb46b58
1053124c4b9c5aedda8061b975540929fd248d56f5def01784f198a81f52ddd4df470b357d8d378223451c8d01a97bf74075c7b8bf24e8c110f1b3eee579b3cfdaa8be0bee458821d6e474a8206bd770,ab174bb68739ffdb4d7c2ff8ef04daf56b575500c8cf4ea7c37e41f633c0077981c785688bc68a37853ae1ce11d595fe239e8f6543e6b787ee4a30d31ae4cd7c44dfe76d53b293d920151df5cb27bc9b7a9f6156fdbc268490505a5950d0e4656ba911a126e796d997ab986aeab7fdf1c5d5247e8f1d9cea42509cafaaf1c9fe
c99b67dee5c5521079b620af9652bed84cb83921641bc6b97335082502f5961af2ecbed30ed8670e641c790585ed5903e8b670bffd7ba6ca5d12c47a8a9a0410d09839e78fe3a1a3b4779141c548abff,77fdb4b322aa7df35a5dff2fcd9cc10fd7ad611a7d438eaee0298adc12c41d50f1d1ca424ac8323a5c4d23c240a3826ae9c338c9e2a5a7b20d33f6827e5242f3d1752565f114175b7a2e48f411341f5b922c1e108c57e5ecfcf1ebc8745dc42cfb8da5139117c7a53c4e9aab3ebb6743dce32c60e34119468da4d9d7731412dd
8b73c01f5d4f558c0df80267b335b80675df3e3201e2d006b4d04ffac2711b382b6db2edcc24ef5ac29a3d4cbd0b59f1039a31f008ba2733c9a7c1be68720a545afe817c374b3942d676a4b685148500,992eef8f2402c6cb45d27ad23bbdcb7a5ec351d8b7e49eacaa15f0e6ada9bbf05910d59e14cf648d75a648c2b124bd69d25d8deb2ad7df5429213e624278cdfbbb7a24b299e5949e57e6ea6b9520fe231bc6b0464e054cd4f46c63f4675ae4349a7bbe1fd666dd386d52e1b083395e295c13ddf1c39369b7c12c598a4066f51b
6219f69719a824bfb7dea5668d9d62ae3d780905f9cf80da6bc11dc94df7b2015f86f4235260151dbc61d5ebc52e9181bf86d851ca36f5089bc8c6441435a202f3151fe87d46bb76c51ae595f72d1c2a,33b333d5e949bccadf1ac1e5132bd4a3a1a8dfdbd2cc71134083dfac58e25e515125f93b454411ee550a6f71a04fddb56557ca5a11063bb7ae8ed9ac42988552407c285938aaa2b5d73b32641305f122f05a3d43fabfa9e61a553ba4ef6ea9c4391b0a5fe5d2f918fed220edd1578e037635294490448d947df4cc0390c48a1a
8fea396254df45f248a91232af810440adbe606a4f1d01126f9209723430ef66f7a0295beb6f8a4b1f0974ba8b58e662e523729b31be9d8a0787a3e2bb58061abf84b63735f520126f340f34bc28d2c6,5d7f51b7020f081325fe4614c6f9767281d58651eabd18f4246260fe13d7ddcca82cab4668f3c183e8046fac7bf99ede37daedfc7d2b68b7e04f428d3ab2d23e8505c5188c4e659d5bfb91efc0defc37a4f67f882e54cfa4b71d3ce645dbe8682a1946947b179db464ae225133f8e1c7bb0647b83f9ea8b67c6a3ab4b144a19a
c3f815bef1a9e0f6a72e5fbac47d04e8cf88781083431bb2de1539c1479668cce6e120fa3dc516196c028512dc314bbe53b04af4ba2d548deb96e8ff85676196190c60066dfd9c8d92abcc405dfbae28,6b5f1dd8a1fe9ee72c1e7bd7dc37f224f5f8a7c5600dca54ff2f32ab7f697841f902de81255cd2d8d99decf11b023b690f8f18e45aa67dfc04369d88616044c34ae6291821880886bbf0c5b89cb6a361c31d6dd6984453ffc27aa739a5fe077f81428eeeabd6f131d6b4c527f2e0252d10937fbc1e41148e129559f4ad76237d
ca0887497004ba828c1c081ee3d6f8c6cb0817119b48864148af4c9763c04e8a5dca3a3097924adaf98a828662d649a3e2c6f502f813914f126b941364816cf7723e9db5eeb6bca6f43b4ae99e8121b3,38c011dc00d2cbd91c53c65a9da7fe7df88468580086c332eca2fb8d2319b2997a341c109468c691af369de1f3f36543d7dd334fab25b051763ec19e399b530f9b998ee1262b76b6c1ee08dfeb1d798dbba34d74fb59ec9fd623a32b59cd84e436687e3d010a6e64c25e392c2cd653f7c5d3e2dda08fcc670969b038a88deb80
97bcecae4fb33a56808d490f739e041779a2a74cf065e3ebe24350676c7e92305b7418f2b0718a84e08773de4bf8e79e5e69322400c93b7ac3f1e9a76d940941f654504fda7ed168e780393b98e2675d,35b09547288599009ba46e71cb7d0f80b8e5bde0e17ab6be1aa1983044e1ef97bdb19866e92aa71be3dfd1755c982b883ead8bdd79ac9c620374b413e1aaa378b77f77e583ebc1c6823d8885a6a6fd7fb8629a6aac919084e033a573dc1447673b2b4575ac1a43796b1fe4bee23e40f96000d043282ac33dbe17f7fdeb465434
8d4073ee3286e4566c26c5095e0d69165a9838d035132826cd97fc4ae6a71e4a20d1279cc5e17c571ec602f905e6a9e1aa5bf0397fa1a609889597195e70a2c40ac93b4bc9546fd6b488299e64e3ee05,4739e30238161431c2f895f64cad76092ce1ebbec563f08bdc93a64a6d01cf8d71fd6a8f8bfd6e6d3d60f762488dd0eee33e4974d8a17fc5912a19b64e974f2cefe2f767f28c14412f947e6cb902032deea9406de7ef086da82c6ab40dc4e4e05259399def9b9aa1edb93e35ff7de3155469b45e04c0ac3af449c6c3571dec2e
c751df20f9ab73f34597efdc5c48dbda6ccdf90e111e6b2ae35ba03f489c0b125e5df02597c517d339880650d325dcf5458c869470eafa5dc76ca831013fe0f913dced7c16399131ec7748889089048f,befcf2d65c85e47662d35c3923c4e87040bf6d5b8e86675dbd5b3fe9658b1be89072470f1d1d1daf0dba563098a97a01f3e6547c3b5273c4eee7bc22d2bc67caced7edee3bbf3aa82dd7b4063f3c4840a81865ff55189d3ec9f9b34d278e1395e0c4be5306a895f72928835ff4fcc4a44f53eab737eff68d2ca65c72200b617f
4ebed11c99c77df692e7e7b240615fe93f6d01a736537fca9a45b429e8175d8e9d6689b068691fedf93e363218a86f7cbc17cdfd5d3a6581e8b3acc1f8252ff9b2e2757fad5482757b8e7c0c454bbc5f,143aa6ca3d19dadec1b6d54118998db41d89c90844ad7448f6f7dab31d3e5848d1e6aa8d124ed2983d4115407cc9283a46a1600eef1ec1a111cbf7c2def21c04a5167fe1939af3bb1b7ae1973e0bb1836251e9e8233bf13f7329c2e5ebc8137fc53806fa8b3c56810f330b9c3b8ec697b0365b65e01d6395e081531f8bcc2f4b
4ba17bdfd6689e20eccfe38d4bc1faf08b1034993f5301f86eb6765fa9262825c87af12636d80220205cd45ab0441f90f4ae5842c392a0138184cf2f801d6438d2828e54ebbf83acde10d5c07079665c,2e5c9f6672061c3575bfa369036b81bd9932377f01649895149ecc6d245a74af395c4692a5e77708063f6e0aba5f5e1db811bdf24a704fba23e09e508d2afafc051d90283bc748ae3af01ce9d35f7c495eb873f4ef7d9476b5b1139448ec1f0687d83efad6f36b29e237b6c35d8c3ffc9e6c49b0b87cabcb49e354083c07d8ed
b07aea7b2adb0ffba5f4031067203bcd592ce111f0ebd71865729ff5323d3968b4b579697c6a3fefd87f7cbd27ed164e7fe064de0d7d4d7c59091d16335dbd870370e6ff41de16accce8758a6a03ae57,3ea239bd688345704afcc4d7668185a84bb0bf36aabdadfba6a81f6847ffe2cf2d2a91e2896a889d0e168309a1bcf94184489500cb9dc2d29344632ae5ef089e2bac13bc0ae2f46f150ff21aa5eb4df6e918dd541841646d5f0b98da8d6de79b81e2c5a2cec7a0081eca76e1fae8515b49495cd60215a13b17c9571a46257a18
0bfb8e118cba83d774d417a83380525f8422ba272dc0e64c0cba515c307ee53ee8b690f4a17da1307f8f7498c60b558a2dd7b2866c78bae0455a63b795383caf121c3676491ad97e37cf245c295943b4,2fc1cf0882e5403893ceb1a0d803bf92d719dfebf76723fab9bb262bd807fccef1c32d7e959b2ca31200bc1408c229ad115f16d2fa5074c25774ff7dc43e240d3e79dd31d67e1a8000eb7509250c954c1d95517f6602822d36d0c98e985216207f41fa48735e7132446457ebf82f1289ba0622e6127de1678783e56ca05142d6
1e124007da14e5bff4b6a25d24248e65443a8a0ffb8e9d19ea5b570fd90e83da5529df1d050ea3de0797bf148ad2d82e9fe1170c99ef655ab5d401281ef93a41601cce7235edd452e657e5d49ba5f814,206ad32cd88656bfb9826fe860bcd337036d60fa67d964680974b2e0cee607261a18004c9f7a026effd0e7fac8475139df435d16a297840018f4e4d7ea4bf039053f73502620c4532f3912b5e5bed3d094dcb93aa998f6794d3026361c718bcb9a3611d59cf916bc1a10338483dc6a06e09b8fc31402ed99a52464e6944d0b3
b2a6ad2a3b28cfee41ec7160e9c03dac2399b7c2e8c2a76aaf65671dce3215111dbacf83b9a69aefa03b6124051f25ef06a787113fd7422dc8c3d1df0096a8cd10f41fde46a33a96bd73ffdcdd4991be,8162b202a3f70b1038f2caf5e2aebd847303589d5794a363ebfaa50a45919944ee73b876fb62e6f7c4df578fd9a3d70ae2bfd379d45b6c4cf31bf30229f5cc6042fa5d4cc66e2cd22e582b594e0e9b3c09429850eddf31408b18b12284b2e905e628245be472942d3f97b7e2bede0bf094121aec7a7ef9193260958cafe22e42
d777f4b9f47f4e43005da3f13582d91c8cdeccce00d635fccbafef653a3e891ab63249e55135f9b1c51482268fa9653e3d587d64bbe0f3d2912c0a998ca0a04e9c65f5df71011c419c526a8c5e02cd3e,1e9046301e7de818176944dfd9f5ac08ae0bfdb7bf4a20af857afc7e0fac2af20438228f28bc313dc047a718c302d77db210b95b9ee44843666af26285270ce4ba44db28e33361e89f99729f2aa44b0c9be79622286b0770e8af952c37c460eaec2da004c3895075943cb2437592becfe8c3459b2e8f919cf7a9a1b4cf255b5b
7c19988ae0dd8d4bbbc890328fc6359d6ec1b087323ccc7e2fe944a48ff03759508b6e515c0cdf873f3dc5be0cdb720ac0113b9b86d541a348b348457ecccb04cf78704a118ce0f188fe9bcc6e732239,c67893761c3d991a1ae62283f72c951ac14ecbcde2cc33f9c2ce23f4b93942e9f47a1829950cf7da9f42e8e4b061693284a32217b299b3a4a3e9de4dde4358cd0f5eb46fa22730a62c27c74c8510e2579ed8bb1978a3b457c732b217d342f281a6340075017661f93c1fa67b035710837a9e630bace49aa95835851526b9c8e7
8637d336e7c68a8d5507c48d531f2977aac94896cb763988f84bd9751611c35ce5abb8ee4a52e7bfee9b24ed7928e03588ca35b4fa422a096a652e95ffd03ea6a86cecf5256fcb63ffe47c2171caca2e,7597fc27b0ae9777b4c80f21b2dc33befa449942b99c1e060871d328e5aaba54eb8a95f0a3d7f66835caec2abae2cf7e4dc1d1c0be1b93b2b507f51940ea337b1e86ca3bb65120d9890135c3ffb83cae84943378ac971f29c117a898a08357554964390dbcea0312ca75ad6aaf3c6591406dc550afd2ca0e256fd4add227c052
3c9c0ddafe8908920197613acac1d2be38121d68febe9236b6293cd9ff73c0942bd4846d59fb1f90eeab7fcb5924be81704863c517d6654ca9aff1e72a4f5e108a8dde2942270a5650d159d83623189f,2d9a79bc5ab4548023553aa2925c341277ff910dd6160057640c43fba9480262d6bd4ef305c51ac06dcb5725d87dfb5cc697ebf77997ac150da39ddeba635cdffe8f742db1bedad9d8b2e2f86406d13639900e340b6b75478950cf839db4b050881f5b6aa26065f4fac6682fd1262c9c2a4e6b4757010e810756e7f5485be68a
1da1dfcb6b5f7d8f615b1027057cf46df7a3f3b473b9250710c61cbe4bf13dd6761a64e72087b15ee4fee80a31e4508130a9e9fb1e9babd905164af5b8f49c07ed7d1493737cc9e947f29a0ae2e81edb,74fd31013cddbc07c609e23755dd2946ffbb27c2a92b29733d967cb893c291d82d98a8c2db99916469f0fe43f4c3d3b749daf0f74ab38ca33514f9f7660d9db426a8e9720ed6c0fba60ca39b83b4aab55e5c4fc17d9494779b0fc17f2886403f41bf1fa3e8b2031f809d11281beb2f7ae1434b526568f0ebbd3a8c5885cd8537
7b82c155aa7b7e8da10b56c3e1b709abbc7932bbc9f4a999a215cafce812d53c5a425955d036c5494c7b3e37a1141bd33b9c213a5e40b22e4c7ea2a7af4dad329d88fac5a45ca6b1aeb67b700f09cb9c,48be00b6b24f751045d147461482198fe81d09dcfc95cf0f4b989c0ad69f1af1f7da89d7e4b6adeba5858bf8bf9907174156c4f2faba00d2601c23e09548e6605cb70c8e3e50b3042720b7faa11e739815dc05f18dcf7412bad54cf35353ebfebe169a464755b7c1de186ac9db1746a4ba521fc09cc2f7151400f625f279db7d
a99437f6209dd63243f9d84c7e3ac618abbc6e9fc48f8d06ea784bc8d34cc7dc1c79c0594b3d3d69aa6d910add3549ce21bac9de46a3b47aca18c5c6db657049fadd9fc75b25ab529d0c344618d9b016,8ee2486961824ecfa1de06a1eddd826d662dc7f4f36286f5227f1068b38cb0d3ae42ee0a312e67777b34fdfc7842391ec96dc7625bae47b55ffa01e31e4efbe6839cf853cc9007d33451d1a8933ff75f8d3686126dc220e31826712c2ecf27c5f1ef151c511c3c7572f4e1516defa0d34ab915763730d70930e11d15382d7636
5f775ec2e62c947b340bd8dc5a29ecc411249a592181549ec99c7cf80668cc12e6bc776da9ec967d0244e4ee0ef17e0c6768ecfa7920bea42e6481acebe0baf69da1b1683263a9dfdd5aa96e3c366bba,9c4aa21fe60dce111f7d19baae3997a419708675e742a58b26deac2ef249fdfedcc2d53d0be6352b23ac3d2f6b3a854960fa033816d3043f1f56be90f46f4cf30924560cc8d4d63e2b910bc15767816942c6f0f8f95f0b3b4967fb037f4b633fd68af2af3668cdc5f517f092dca0bbd3c6518469958794a99c9544496a8d68d9
680a5058637c8e08dd5a979b9ea51f6050516c4dc7e3e996a65c96a3f5923ea25752c34cd025cac2c60334bc082b34d925e9425d43af9638ee7edb34e622a1d2f6c822a0fdb77d9143e6eb72c911b338,4d1c2beccf238125c7c60930b4cf377e1bf5654bce0486f224fd80c1d880b867fec300bb4bbc5dc3b8443019e177f2a9f203a6430a3ea8c1d930286c21de2823877d5f0b8ea262da955ab8fe7ca19bafba57e1787fdf40858f48cd4461c902cdea84a9cd11307d304887a8dd1ab2d5166836b865eb2d8aa8f37d34f7dc2f0a95
8341c06bfcbd05d27d61bc6b33d818b3bb955a490f395eee255fa522777593a2386b4e62d1420806d21e1a2259d68d330fad47ed3149bb7d4a7398407f42844ee8ff93ca2a8a897bf61def6e2e6c14d8,dd7cb7f9cfe5d146d859e1830b1fa686119ba6ef4368c9e5de23f20f20cac7b6a01563b7ffd0c2682f804e48ba64ef5800606bfd6d726eb3c77570837ff3978a30a45235cb46b15de6ab6a872a68cd802dc0fc10373d62722d527a771bc885ccbd5007e94587fc3ef5ff0df17f8c5252857252547120eea74fc41ec2b1b560c
370d26b6be714bfb90e38d6e706b07c461618750d64fc44c6c740ecc45eaf1e3694ac0d5f69bd326efc1c09f89d96954e20dbcacb3bf1c93e84a33229f3eaa513b6b17727b401ab000d91e8de0180a09,16733c83fa9103f6f89f4386fd29da1be4f2736abd29ed5756b3801bb79fd10642e68b968403a61fd9b4e9e93a5d2baf1fe0d952c596bf48cdbaf8df97b2d17019c72ef091cca9f6fbaa01370bd3c57232f9ad1cad978dc18cd516225075068c52eab4629abb990c42d15f3958f254496c5a38d8e9f1ac3237d7611acd2cd5bf
5aa91b128843817b9ed2d65c872e70a5da0bfbeb363f8d2ad35e16703bfa6bfce6b32e7dd8d1219d844051e06ab64d569476480a38124afe2ca5f078aa0c1443f525fff64ed1260a2343e96ecf9459b5,1898f76049b233c5873e35b1f9706b0d518783651b4c0f9a44d67f4120fdc4ebce720250357c9477251a05c7dbf7ece6c4243679f988a42e8ee1cc22df19b4ecdcfbc87989e232e889ef26620adcc39aea3e54fe2d546ce74383b810c2d281a98039d3af982b77f52891c1bd3908fe14fade8381f0a23c4220cab2db6510150e
e14a0247e19dd594de04eafc164b721a94c19294c2b7e621b9c9e5f7800dbc6204e60c75144b791b361ac17d3f8f168c9c6580eb26a9c314b392c150484dd28770f6e997c142b8994c38a58f5d591626,5b254e55349147f7bc43adeef0ce560259bde6e3f7faf0993825c802c1c84150fb8e7baca2b4a8445da1db2dc81807cbee13ce1af5e6398937aaaca71a65f16a2bdc9c64d1588595b9e205924e3957e78bbbf5d5cf557d9ace8aa7c0102a40f45224cc3c13ae74204f214656692ca4ecbe685be5350a6fee30a9efce25afffc4
eb0683944f3c0080c50803a5e4f099b0a26148f33f11c2ca0c8bc201ebebf8b9cab420cecc834af46e27b681425a97a865c56a6150334074053cb29c4ae37b7e9cbd15bca2bd9d47354c7ff33c8e1060,b03b06ec3b145b91f2dc997e192e7e130c965e4168773df392937ea9b53af3a5f6dcd96dc0156ec890f48e2bc3ea2849b31188e2295f1376c673acf0250be311124e32e0f747ecdeea5ac06e4032c8955e883c607caed0aa539a857f0d69c937a3b949e3513bb863af4600502c1afca605cd284b90effe7ee4f837119a141b71
136eec88fd11fe262cc85129d42c3952e50df0d8d34f485b2589a494ddff452167c1dfd7fe92a59851e9770d6864fc33b96eef206253e84f1a072a7adeed150a75eb2112c43f5def487e36a3cedb4b71,a51681feb8979ce457f600362cb6b3e5fbbb9483ffd6f2b6f81cacc24cbc60c49bb5c9846581edf48a7e6aa7b12d2c55d66b57c09af3b08f934d6888bfe60c507613b99b25bffa03fce54d94a1aed9fc17b412377227d54ec8fb1523614d7da20c0514f1c99b3d212fe864d7e88ee2c2018294516fddf4bca07702c5ac616c70
8c8919cb8ce9c2fe596195744b65b7bd08aec5130de9b45b41afd24b5ae3657a4585e0a34e05bd840d845ac9c8e90c59f2b7be71bfacf8e23711eeb4995464ad9f755b9cf5734e8ec936d974ec3d73c6,b620f63c43463431a7d3ccb3d9d4829731dca83d840df1424496b2fb0186cdf911a120c2d75fd8487bb7885951d180739a0ffe2f6e581f561d5f4bd618292c0e5c0a9b799006c09555736f4c07067d158d6250cab0b38e8f386c8178e6bf0e1960d52b75adc60f71e6bb4afd87146c06504c4e12bd638df51bd2d0ae8bd3600a
83e8cafa021fdf713540473ad403c2b935f7c6dfbae15f018d2b17372a18f19febb9c5660e8ce863a6caa702085ce85fca2df61d6058393024e7362f04bc8f7072a5abaa74f5b363d486a84a8e42913b,9e4aaf7981c037fd3d97bd88b209afa8a6c2c1044af7e2eab033285a5ad4dfb8fd990bff52848571e9a3ff7167c8eb6f1e0eeb14ae11e2e052b011daa30af57a02cac4c39eca6930f653a3922888cdb88fada5aff4e042d799b3295840716cd9da87bffcbc65148c748959ce24a94fcd80286bde8daf1b3f3cbf7abb103898a0
baee8debdea49ff745b1ab4dc9db807e1934bc599d2ce5bad281ed593f7a56c5d0baebad240db0b49384615c4f22cbe205e135acb572d148ae11518c4e9167a35df847d010ee03a8559c4aaa1f411400,5e0e050993d27dd073eb9ae3e93e30137e15477d138053e3b8162991a7074082cfa7714f51c703a779c2e1274d229aeda5c58eb2f9fb906dff8de5e10cbcc4fbd0bd4d8b024f7aa738f76f62491b1b43a5f5b006cbf67b1a76ee83b68c9fbcd7c9e56db3e6b05081ad857f6a3c16c7095f85691917a718795f3ebe05e745938e
c08d961c9246e13df962e4f559c93b1ada1f2b9ba52a4945c1a4e68e510536252b3356ae9b9ebf91b907ac4420781ba3a7332adcd7d1a890c836e68d8d00988eb890e40bfe28e4d2a198f612cdb0e2c4,e5679af706586aa1e22c1d02a7b80a313c5a0bf1c13151f8bcfd235fdd494678fac7dbcb67a9713fc618bfc13e9b36e97f8a60d5577119b7cf2d6d43d487f29a1b23cc162f9d572fcc3e69b3b10e1cda693a42b36d404ee2674e44f1080874c3d8163d92f99822f95205afeb368e763188e023e725b6f4190d8cfa2ef193b8a
f0b54c016c288d5d03830c4df3d695369fcb075f1be985a2777f9b57406d0b9f230cabbcd7109a4c898d348576dcc063f3bb478dbdb2475453d02a66682167dcac372dd92b2c38c18327ece7b1cfcd2b,68a3fd66e62a47d1719f654de6bff0c62a9f78dd52895dffcd34b79fcc82c114a53f5276eecea198fc1e33b1aa9baa40ecddc72845c6a0f4e105c8eb3cda83eccae403f522bddc9a2d27a31f478776df376546010776ae8d1d02b79ee880ee7679d3488bcf62df47ba3a083c50ec1d6db89056d58a80df0bcd1d3d4bb13f320
af53810ed76d680bc3a547742e875b096a2a37fa6cb6fe7297a4b738c8b5f1d724cd6a32abcf4c0be9914701db1bb5958fe211c29c8d65959159fbd1fba653b8eeb758943cd2b1a6cb0fb41d9ef04304,33764dd001142c7722c818fa96c75104c25eac625b297de874c2e1403b4f570f9ed6639adc4731d09c511c4dab9bd7b24b62b2fb7b5b59f9df921c9be88b50d5c49cd1da83880a2cd5dc6cf55b03c435ebd940a04c0339fda1327026a81f1b49326b7d0aa672cb75d55e68b83c44110c1ca48fe2dad1e905bd289dca91d78b44
b08ce049e58c8b5d203b03caf33cfe427ab9701608d6922e90a15f0557b500dac8e805f6d62444f91cefd13ff1325827416020c629dffeca9f8f7e6273339f157fa65bbdcde82e79d58b842f0ed54591,771b7e987d8d79add11927280efe97a6edc8de36b0c807fbbd1a29066d326284b98c0a5128d46593cc397a9fb4b133557aef0bc98a3e557127865e7ca9e84245f20f56ee0958ec7302091a29e4ea5bed5cb21020c35e7043aee4009d5ee801569cd4e2e89e11a895fa3e5608b10df4b4597403d349b6891dd000b90ea99d58c0
0ea488db478e6257c9154e588eb44d3995b62e2e9f57bd5e3eb3823dfcfea1a3e39d5e104963f3eb9e3963d7bfd1fa0d7aacf5afefc5d746373a0f1fc8d7626fb7925f02abe2d1c5573e9a1d389e5ac2,641ced4477d93c5c84f1f5728e57aa243f356d1e3ecaf54b0bcc8005c1f76c8848e498c3c817d49ec8dbf7b2be7d333c1bb155762943483ede976f86b485da4183659c68bff3f616a3740151eed4e8797f80762b0e81166f67f70f5c4cf5253544dc84bf66ddb813ef4cfa8a4f7a981248c9fb35f27359138e99756060589a11
782d99b033a7e91629cbc2e8fd39316f282eb6bc8b466c539aa2636d40081c1c82b0b4500aeb519c40a61ea9e3754e6973a83e29971e35675d06eeb43d5a189404fdc634a87ea206f44a978609c034d5,38db79749607b4e9b0017da6cf7b10526743938d63579e411082f1a264e171ec77be4836bbce87cee014d244f42bccf6dadd1269b1d7e5e34e638ccb3c6db270bbf6d213404035c13fd1cc18b538ce6ad4db13a84bfb7f22bf6c9b9ec5fe8f420f10c10c22d2ecc86e37bcc1dbe2d6eac8c5cded89d548334c417f89fe13a58e
98b036361f54c065e24ca820870e442765e03dddfb8e0a2305382ee4d91a1529f5c8855fd4f2ba1169971ea5a447c0da5cf6ce4fe78c8a41fb0dd65084470da87b6a571984d9559386773182f112ca6c,6f6426b65639e71ea3173b85611c9c0f09fd170b6053dfd6bfb65a5ba79b0e23f3494aec341ed6a42af1fb68d630fb3ca77018134fcd215ef0e27f790c88052c5de05909221b9fb21277713c041c7d0ccabfc305e8a0e43e1fe38a85cffc7c6bb3d6e40b6347ca3ff0544167a14ed05a7a630b1cd150a7637dd26763023b68ce
e23d6eaf7a3f6e1003f5978f20581f6e61ce654a46075360fa3dfcbd0d5cc00e1cb6c9b5f33d784993ee47a7587160acd8dc9300c68c074439b2c3c971bf1ab099f70dfc5aa27a3861de52613b565620,239a9626b3d2d97b3c4b783529b7a43333ad567c4c9451ec2b46d32b41f276653ec8e8f68d7f155c52f7610cfaa5a8c88cfadf37793c8d6211342f12d3c5cbec261df53977581f607ff78ffbcb32bf42658e63c292f475b9f6fdb89f94a67cddebb68266cc029a7c506b1bbd0be2ecc3a54f58f8d121ba7120a378a3b8e55acc
0ffead699d5bcfb966ad00b45d10a3c5f4a5235edd00892109cd6cf1687f8d257bce0621a51bc0973e2cc871e6819ac52bf4f6059485f5a0f1be052d7229eedb24a9f113ba7feab6af6e29fca5e923d0,53e64455772e9b014e8710f4ca8a2a4c149103b0856bec730724d89f203b42b9b64a41bb5a2e6ef2a01d543d4c4c5356db9f4cce72a66fa63dc7dcebdfca75add8c472a7802599cd727dc20b4da7157060db0e79bc3801e8432d99a4cd1821c31e7d72ee4162607c441b612c6975ea62c7039030ac7334d195ad9a6b4b526d64
3f6d7bee76acd304cae783c4d5a78b703fa741195c3c04ae68a44954709a6148fbe2a477cfca42ce0ae6f80afe15ad29fb84f25771a36af33093a74a5b8c3dd17ec7a67c9a4c4ac8ea955e6e916acf57,8e2d35b87a141f3b645e764c50fb072a73977343af2eadf6b96b2773d7f06012a5e9be0ec0336201afbcaeb8c7ac0667260cc13100bb20be47834157c9babc1c9ef90fa3a4479ee0a064a2e519df90d19c4bd55d7e2c0fc055d399b2ca71ac9d19a3f05633ca64b6df4bceb7608e9c54d24076a5c817692f7f04675be710ada9
f8c11da583142dfa6aa8568d2e7e6547d8fec0508acce94f8c1d2c826a9662c9cfe3ecb8a267f5b46920db6220edcf28bbefb97d7ec705a4b2b0dff596cbfb335d025baae910540d3846494dae69f6c9,dfc9cd99c079037b7b543e0303d7ee3cd05f49f60d0fbfff7ba6655ee978b2050e49440edf2f2ad48c1b1d64df42e53685efec4c9ee83ee9f22f7fb5a6eb91cd2b596bf9ac92d9e4471ad2c23e276bbb265f8ce4f5f32db61e9841aa96f05b913e6ad85e5cb5812b81d78773c0ef9cf820c6f6582c26a185fcc32893d5bf76c
dea8ee4391b4b015f282b154fbf26b413c4b5d42988ff578f1a3d2bcfaae01ba41f63c254500755ef150f49f6812017923525b6513f94e577e3d003455e0110033dc9617217132c336f8cdefc00f2faf,7b2070949db2820800f7ec06a21321fb994b21bb99660c40f2f3caed65024329afff9d0c833319aca36b5881e9c4ebcee32f84bba192d382ca7b75eb24986cc9e3b27dfdd8d95071b8129f491915b2db1741c793e7b954ef1e20db27a2bd87c978a24758bcfbad2e6b1488c81a9eca58039590ad14f73e724242cde9a99c1803
ba73fa755a0dadc85b1fd839ff51882f142745e0173f1dfae8574bfd4c4a773b031f55123e193c599001c286f4a86cfe01f133ab84b7299b69a26df431071b233aa5a41e890c3f16a8b1c60e253f1061,bbf2869c5e55a8b07cc955cda884296c659f0e69e28c0e9c9a9b926aae333dbe4671fcf5df5cac3710f92734c1833d8eaebc7bcb0bb50f04cb24732a0a7612237b15af4b78b85adbd3d33b8e1d600f8ef9a8b089f0e3133d77de38c380710c2d49b867a60b100216606c2d28fd340550bb525923fbcf6aebe40d3417fae6e5a
872fe92b0f2608b4fa0cef9f08b3b310353df4db533bc1d6fd11c28a202e6d3b11fa429230db68b93f8e555d33d0e2c6eb5e1d40c2bc49ae4ff97d94d0bee5349b8f43209ead9e416adce60728552387,c0e192e7cfe6ad8eba20f3df8f4c07369e2d338f7c249397cf02e2e2242ca716df885d4a26013c2ef891358bf50e550950b22bf2ee99c8fc43ea31a51b813fee930c9fee3a7c14c57423fc9429ebeb5f529f3d51d9741a61971eca93f94dce379ce5115f332e391c8cfd07198f72a518d6fa2d3ebef08be4965ba2b97098abb7
6dd648f51384d2a90f71cd013380fb69eb51d46b1cb097ed7ca3de8c6a1da4304fef7884882832ec6a1cb8435737292793e8bb7770819e10ad43feaabe681b023d0838e447f0d7b9d80dedc9e6adfd73,135c095942e5faf96af899c4345cfd827a67da947aea32521abe54323eb791e2421d74bd032264a164a8c4fc0202d4a779458304d1d60fecac0ac31f8ba317a870c5a6fb106c80d8835325b279a88bc362d5becf26e8daf3d1a59a4d0fc1d532f94a2cc60453bf15977a794d40012b00814a7124ea7dfd49ec825e021a8a6b06
b1d1b5ef165ab64764d856d05777ca23fe7e436d756a13087035209c92a6a465d9b8a907133a13ac426e2617b0c446f74616207e21b3d064b0333b9757a7ac62a4ec4785d982d02a7d45e56125c66da6,4fdb7ee4e64d26cc9d6465b8381d94bec1489be03220cc649b9e3d8dfa8ec34fe12bdfbedad7859eba8a84eff9d6aa3eb97064bb6c962d71d295ad65c3ee9f5d9960f67a5ebd6aa3bb274dd7fec2fb13355c627028d004c247469610094e84625a6162bacd843857e29c5b90a4113466fb2584a1b4af6d9db32bc9cb76e2005e
5cf2fa53b930de055cdae5233ba3ec191a6850d11ba22854ae83076ce80610114c0ec3b941589fe71390883520fdcff23b7bba727b860c9d9f43d9156ff779ced153df43e9e5209cc038c4fd9faf8111,aab5fdd291dbab62d768374f42718ff81253c2792258084f22154a2bca144d04419fa88fc0bf8ab6c4bd1b426bca11e7a7624eeaab11ef7c5ebc7040e41c5fd19b8d504ce58840bac5201d5497f7202346132b8da40b48cda66e749fa577aceed76ad27c5ee7eedfbb8714be1974b9e56dd0d9369b753c0708ab978baeb3b926
b901726e9c09d0366696f82dd522be68ad2eba5b9d871bb52c4401aae893d42b8e9099ab5227fe48eaeb4651342dc5a3d6e312f19d326278087288ffcc1d334d4cb9ee5c0d19049998d8621ca0c1ff37,83fb74524cb1cc3bc4a6bdb2d3a99417de11bb9cf4479065e4dff7357a330f299a8051cdeae43ba248917e27b40f132026d91a73f6ab2de1f31755ebfcdb337cc973125e133e1c2a36f1eaf6118cb2b09e77660cc4aeeccbef5da14eca5ddea19670e62d24019a45d8ecaaf905138424c26b0cd8e868f9912b3787bc11e60d89
93a8d9dc471126fd3127dde27238224f4a5a8846249d681d5a5f696595dd3dc3a3f4dfde80f8e4988c0ef46913d9407c965b1c41584a16ab7ee43804ed226761a842383b0dd09aafc2f99e3f5ea9b973,96737431679c6a1158f1c30b1bcf895bcadf4e1764089a9370d01df2a3828a278ead1ea093639520c243089f3b039c96bcff654eda0047acfab994700e400759f6a3bd2e3867dee86694b36686fe5835783cbbf3d1a487f116799e7971a7db04a5850d3dcc5d01b6c7cb53770db299128d4e431f5da13c20802a5435a3fa769a
a0d4aa97c26d7810dbcf95e7263922b193ccfec1d61632311e390dff5f0afe987ac376564f315b88907deb351ec5b9883f40d5cf8ced9adf67acdbd57e25ff585b46e7779c4eae1ed18e167a073c1760,9387a6d023c40b6952e2d647196d6b211c5d6cdb6153d9e4fc6b2ba0e465b35d5bafaf04b5dae76b7d6818a687f327cfb15aa154287cdb2deccfb251614b3a5c00acb11a5776dcd14ea3ba4ba092affc0c9e554ac28b2000d310ab0bb9724e34c20cb1bc4f5bb13d3d717b769e016602615ed35e4ab4dd330974178e467ca306
c844d0437f5e314f71f9256e76a28c7b71d3dc26ba7404313589032f49cfad652af3cf6d532c4f7ed3876f3ca78c93f3902861c7f56ba590fcbe82ed2546a055433755aa7c161fd24341a88d4445d1b9,3757c0a83561708ede89ce283c07deccfdaa401c27b19bbe76d0d9147cd33be684d0f06a7d6937d1d609b1cbdb1ce0ddbb851c0cafa41107123df2c530c37803d18ff14eb67ccb41335f347dcd3773a09ef61ccb0b0527c18f78fa5052059fd9d49ed81944e962a33171252ea310476bd6455a4aa20ba85d7e4eb98a12981f7
53152d0581b0b58d667ee19ab8150a6380cd42c6fc8a3031282cd2c22336ab154b203b1b23fe9f4b1edf9e4cc8b2484b7f6c7e133d1315c9049c2340c9b932e6562dcc53ea05970f1ddb04ebd394d7fc,a9e050a98f5e81a9a7d816d15d0c4d5b11654c5c853a57d21d7dd13ab8571ff5ed570fd5e7da11aa08338959ccf11313cdbf6163b4d88e97bfbde846df368bfbb790f320e207c6bbcb80274be9a79e91b9af8491d4418417c3bff783669a1d979061c7a228354781778ee97d2ce28be52281856091454bf0673f7cef7d6bdcad
f2f6f77ebc60beb9247c0b9b58ea514bd76c4b73ed7eacb3daa410deee4920fa1ef279da18abb4af0645730a7a19cc55e0e723f45af30acd0e116ea614c3105b798c102b2741aee816720f4000f6a516,1022cce26027653b8afb5fffd0077878d681847d2d7dfbba2b4223a70332136741337bbbdca951e86547c09d516e768e5991971fbcf5dc1e422f8d9c6057f71a040458407a7f5a38a1447ecdd1d7e426ef2225abbe96097a9b13c3e3813284af58dc3890fdf258d1a7900c68275e215f9cbf200505b6d862b3013d8ef3e0dfac
a1096d152a2f27a0c26f0431794fda741a9ff824c799da461fec9b098c823cd463360c8074d7a8d04b663978b064220974101ddf009acbe1a14959ce4071f4d4c3d1e4e39fdbc549a2d845322dd04cce,c92e72baf5ad8a2202e66c8a53a5a1b61fcf5249da972491cb6357f399c6b6b7719dda1f2d80848fa10c22cf3f67dcafe8bf3aa393e2636a3de14029816b8faf0a5b5a46631836113f7c82a09e5767c10dc87e683cc43a72446f168f73c0b31dcedfe246e66f8222cd376bb4b5586a504f5bb1dd15ffd9e1ba9cef5e42b9b5f0
2437ed4dfb67ba5740ccf26b4ad21254ec3e93671072c4c2512c153e442e9cd3e7d93dbf63db8d8394e4fea68587cd3d581dd6d9c9040219d700b61a1224da17bb2074fcd658864ada14b226a92da012,82196393126bffdeef39cba30b360860b425725a3d61944110f3ccc1b0a2fc110872f999b6d10bab2b1fd343e3f1c837fac76582485bb20780a2c6b73e9becc664554f571380af9b11a7982c646cf7a5dd5d46f09e0f0159f603b2b67b89208bf0857069a520615fece622cfc3780afa14a8f625be9d91140f19b170a1425c1a
f1991a929c30d786d79bf2eac425b6cfccef644c11b1cebed674ffca07942daa34505e3a3212623527837d17e5b15e337e7cc643f1ed3b19d6a236822498e54739d9ec9c1d0d5dde3f92aa36fc21462e,3ddc1f2dbd998ee96a24c89fdf669c9e098abd9090cd139295a1e51e610c738432e607e9bad9bc2f4d46aeb5b84f5b363095f48e602b28b43ba55c40207ed5c68f7b217a991c0942c628481ba145928b39a8cecd000e5e94b0afbf46c7e66c0b1281975a009625ff540007d2105db5b72f7abb22d38382bb625b90e5ec0ed412
739d8411dc2b65d3808198193cccd0c056df746fd855a6b80487bf89d016419912f65f03d77cd88d07d0e2608ba135c2d354995e9bb0b2bb97519163682c126bdb3f764ad4c027a5d95979e06e824a80,2e06444702ebf8f5c25c809b2b4faeae47d36b4750a7a46118931de2b44756cec0c7179bd61c9d4a40fcce2046cc632f023f193c0a0d622c24eae9a6ad4bc5ebf685258f93825c6591e18e1a9a742a93877bef827f08fc78589f7816f34bf1aa0c9a64e1deb5ee04debc1758a8e38fe2e23e6a802e896ba917dce54bf6d4c752
4c518e2bb18e6f421a733db62e44de3ed00f205b5ba1611f3b0f1cdd02dc0a1771d4973ae10f54c065d26dd1806aec6f45ae51349e72bab31e5707fc5a9de68a2d59664320eaaedbf395ca2f33a3dbf1,89ed2d0ed16895b8789d71eb38ef253763850fdbd46197e8819334532057fa8891f7753afd7929fa3d38132ff66668ab7faaaf06f2bfb02e32ba54954f996db31249637f38635359728dac48551a533682aa11112773322ecad44ac6ddf59fa5eb28aeb8d97afe25e60736b54ee093b7cc9721d60d40adb6c23dcdc195f6fd91
2b14089f5d69967083cb19a3dfc284ea6df101ba532f12252833f335bf457a9d1e11f04ecbfe451e0d88cef0c167364403827479c8e3cecc7510ec25efb140d7a06fb0550f5b1007fc450ba05624d184,80df5fc2a7e74a39309f5841d030f3368579015f488b27dd448a746d0869c35d0c99258de6dac61c7492efc21137904255c0a3f23138e375acb9cd7dd0d1f11c22f7081291bd2ed4b2ac0624e3374d5ec81f6aa88254474f2abb6cec8b28bc79b65e493b3b6a16b4b8e47a9ee904285c053180b441651744c638f78e1aeeb246
06e863b6f4cdc142de2aa69011be1e9c51aa2af94c6b79444cc2320e5d4c13b3588a63eb18b8e0ff4fbe03163d04aecfa5eb5bff18b6d543787fe60053459d2562e67f4466224adad6c0a309b9b8adc6,679706948872719603bcf9d463bcff0e404e0960903334e0dd8e003cf81c7a78da5673f03af03249b14649bea4e164540834cd3725bdf57df475c8867728ea71361129bfe5cb925703c842d13491a985bc2e73307453de9dd827f47ec446f744a3486d41b779c600f41c861bcc98da37014ae92de7de7c7c93a8f12ff419f16e
5425e0838bde4b77179c2dd0d986fa789b01ef69acc54061cc0a11d8463cf3293f4ebce7ad991b2d83776d2beb68841fc345404ab2aba00aae82964a9f993f8940d15245f64e7abac70329f90f6db133,4d2bf64f033f10c35af05aafb18f371b613374ddf5501b68321c7afd70d0b4e59e457b9e3f13072d4ac3ca372f94a26b515bd1fa1a03c71417bcf9e9680dc18dd5abbbdd060dc150dc687be00b6d822ee5e375f3c19cbf17afe8fb9a600e3effe17c79ec934c695064bab2ea9aa80afb5b81633c97e1af12d841fdbf2e7d8e05
