aeebd965547c5181a32c6c57a93429562e76a91d7fd03aaf4b19bdc2e088d9c44b94fa1aa9d48be896081a3b7845b9c8c193cab802b452d886b3af0413e37fcce78172f10088c49241e08cf0519088c4,2fe47c940409d1250481163a89c54c54a72b1bada56dbabdefd54da9fa4e33dc0f336c99aa9720971af0f23b14452eb545f0bbcbc30a6cfe465247538e5e60cb661c53f83a687280c6c224acbfa38385e544c55d5f2ee55f598d359ba843aacba651d5cad5b22d4af239b3c48944744863a421684b558e9f27d75e008001ed9
f99fbe49c7830509bca288cb23579dd2b0ecbadbfff4eaa01b77471f431f2b5ffea33e47e7c2d972543d23faec501dc669325d718ceffb23e04303b326944130e289b6ff221dfc164474f6eba38771b0,2a82e4bceda51519fedd8e806eace91531ee79b57890370a45cbb0dbc7105147512f77f916482297d4a61f2508239c729cf5e2be51009d9ec913e63325078861e3a4b6dd6dac69f29db3013459eb2e761478640ea88eebeb32919271a94296f1baf29171893deff613e71e7a4a5ac9c3aba59c8322655b77f97b03b1a2410403
028d0f8c826eaac55a04ab646b4609035b4b5e7495bb83435afcb058507dbab57ffd0a931f8bf34f078047b6ee4218e4f6a6578e7eefd493e192a84ef9ec9ff13a7f2264f03c500729bc8ff0f2fbaa7d,21671ec21004af5fb817b25808954385ff8b4626b805cce6f1e23c70d3029464c36a19d22eab24f7324dca5812faca60af6c588efd30d7c44151328c1bbdd11df322abc12414771c2f8f80f6cba332e8499b649b9622d0e8771e146bb10ad385cc62d8e453862a06afc3d76c67f19c6050ae009be63dce8d1d5f360c5834989c
95f91f4a79acefe83373b0fc057bc7e1109a00039d8ce989eeb01a0ab0ce8a13355a7509c0830d54940dfc736bf43c1c65d032c3f16915bf0adb1b992264eacd52ccc584b754fe44511bc6168ff0709b,4c5ff05d0f1f17dd3e74e07b25a20c554b118b11a48510c878680c5e746441164b303189e1d6752cd80aeb8490b57728e978ff555c1ad1ce360111e39a7b22f4e539162cc936272dbe2fd99a3694ad524656d858b4e08ed801efb4dccf57837309dbbee5413fd31d84a2cdd45219fcd05cb3f0190be6d08a72c1e191c6f31857
b796f5a2691552d811761850871634619c9c60bceb951a212f63757bba595f7aeadd5b4fcb0ffbc61c1805c86928515e3251345f843ef9e5f0cd0682d57e326b290e74f0da19c745ef0a36b40b8636bc,7273af3e0930530edba003f36f24a77474aee4c990d03565761106d5fd7b68802e5e90d649804c567c95967e5d18a01ce797da7782acc6c70a73373a040d70c852bd45888808568e39ad0643d66b9609a16fc121a743dd4970c6026c5cd0e18614de2237d5493705d0270022fbdb8b36e09832130e88ea3e3d658ca13fa95eec
264e6579fa14d30c5807472593cfdf6a4d240e8081367462b28ae38e92b9eb8e6cc49751c1240ad47fa97688a128138800a937ac361e9a12637ae1dc6b30039138633ac686de8f0f99591e850fe4975a,320995df628bb1d24952790ee5fcd929e03f00a6a977376dfba3f2cb1e70ce59d40194c79ddf551eebc4ec169731a8a63b51c5aa29ebf0c1ad6d2b48de71998a6acca14302904b048ea6a65b7aa4cb10f861e92ff15218bb399fd29be998fe6fc2eb04ce1259912efb85a9d951141217b371038100588abc568035b90914a975
3219b69a0a416228f5628d1923c1d3283e951563d1f78fabc18dd5d2f744405bfe8abb3d73dbb5c5a091be12dd535a348dd2b538f3974205bba0887b4053902359fb442241788552697f7a305a562aab,4b4ad277f7bc00f863c2f22695ecb662d5b9c514b3b9de7fae9610090ba7ac6823763e17f2209194f7b4fe3af73827083166264f1983c8405aa6cd5c8fd8b6930c43b0ea3ab4e67787bda2c46d6305f3e3979e730eb5b47fb0c278d18cdab0d420a811f0cc0c3d8c818907f34a60423edf302b5a3f02be4516eb1d69bc92b8a8
48c7189b25aac5dc650be1a1daaa113eebe9ea125a9b29d4fdb6c0823aec4ad42b30049fc3a642cff7ef2499ca66811a3299793444ab13a46b494161e45eda041342ad7eccae5a144885f494ec76ef8c,13097bdc454b5433370148789c3a822b7dc489e0d1377b5ac7f9d50cd72b03fb6370971286ca55dbc60f0fe2c8648d2113bd0c7eee3ad05fe649efefc8ee0c99223f1ceaf68d9a2ffdbc4e7e9c6890415cba844597acbbaf7c979fd4f1108f84d4a25d64b9c5444286b000b0d5e6f2378247dca092f46e1758dbbbebb2cc644f
8f8c6843db11072977f133d843e578d0a04930a5686b68d8ccad57fddc360e9f77f3c1982b6dd109208282d2e4ab10c4c7ded95021b556a3c9e601cbee91b46699ac2aa53306fcf50fc5ae1c88716a1e,a51a719ce89a7b8fb6a708ace6b268aaeb0073d9c69a6b6bbdf9cbcc438543ad6c54d206219a1b9a450a2a6843d2825327caacaf529a69210976381afc7234f8ad6cddaf4f9cbcbedbea2ae539db153edba8451c42a834eb8e160152dc7a0304303dd81075638fe97827e7c7c78bf2f29250963fd6dfc24d9c74914c59da4f69
f8a1386a7f290737e3a22a1f17e21664e69aef41b81dfb8dd6c61db9218baf1a74cc1ff13076c42f9f52085424ce080fbaadd8cc6eb8fc6eb08b058e965fa1949ede89556afd738fc37aa0a3e34d9683,3d245eee8f0ca618934a46edef654da7c4a2f1ae382f4434f1a487df0189771ba46979cf41f2186f67cbb1ca2fb8e5c2245ab8bedd0f5464f549a86dadf2cf3a7938ca31ea1a3407b00f1a5e890f029e76bbf39371d1ffd6534caf626193bea7549f7d6c5c70383a8ed1a6ab461f574fd4b6870a279a6f0e3a1e36e72837912a
d5c7f2f4d4fe4223c1f61fef40f54d76b51560074a74af7e1683a3df730e7748d6d450450e89aab877c1fcd44fd83f067a272e84feffa094d8c56e84ddc87e8c428cfde4ae3121d7d7918480cd884f5f,1504debc5014fbbfb1126337ea80910fe5f0a6f9cafa6977a8c8f913a2f2071931e58260eb0225aaac85bafc3827af7476d2ceb4da80078c1b14d01dd7f8bac85c3580cc172f13f573ac194109a915be05f48fed0ced229fda461a24092c0bdd277b3f578225b5ca31099d3d057426fb48dff5f3367c2451c90f6d916cf61a98
921a3aeca43ef8daac865fceb938a186bd7fc6ff6dea1aabce160a418673e2a2be83da604e819928bc11ddd6472feea5b01d0f083ab9f2ff008e9ed3fc18051635e755f9ee85044a159ca9c2a0d4ad05,26c40d43cf7ebe285a0a33e453556346dd67071fba7f6320f9896a1a5072600914de00a4069b67c9d3cf47d2e9f528f0be02eac9df3ed58c99bc62fef28da58273df0401f9bd7cf1d350f496773633dce5ddd59729751614fdc37d05b547965e95280b35b73a50c7de100e2a6b4e013d73909ca6721636fd7957c11c4fd4b2bc
98027d05349c79f5ba2131b97b07768764acf5614bd5a366a8938c89579598b47342992f7a4ef8c1954693b994c499e358f35062f5a168f1f2b8fc6f8bdf6132a20bd218355c7fb3842ef8c25374a198,a7faaea664d7fcd41201f6d8b69afc2f9cf57e821d9993f9e915a5cfc82688184c88b59b143fa692b829ffed55bcad8c89233b5364e96187dfc57cd151297c97070187a181dbd56acbd5d7f9eeb22092c016441af147cf1fc5428c3ea01564fa8f586a3d6344d80d8a65394bdb12aaea3796b6b0ecd55af95bd16b013ac305c0
1cd2c5b3951cb29a1e4d371a41504025eef621115e1dc4c6cdbd89e642c0e96045cc88820718e425e37db71b0b8e7e6ee043edeb8f7890285f926b59fd95a528e73762594c1f8f1f13b0f0b7aecaf0fc,14ee35558d29053b03846e4fc96a83dc0b1d2890c1cc067c8c96a07e481630bb6e5644cf779a2d6c9438cde9176a0f63cfc3f87ab4c33ba8148d76d00297b0a27c3ffa0f066049220e0f2b55d4d63c7dd7c5c990ee933cd07a1d5fe21632933ef8911a6e88b22062de35719c626e92e1d9fcb68d14bf204d80542b969bec332b
6be43823902931a93f594a5a7ea739b2e26798980953baea52847a480049767b6710a5550c17089580bd88753b5fdf9aca936acd5429315fa6f00b0bec77e9794ffd0f4ea3fb918e949e5a524969c64a,86d481f5e2db498809c29682a410f971acace6267e6d3c2a67086eb9b874dcc2b8bffdfa4ac868f6aee370df12fb9d58b7d5d51e497b76359b2cc8d79a442d063e19781f919d10238143d2b138c28e799a520e270acfcea8c0ff864eb698b4516d61994defe4de1330c126d019e66d2412179c836081e7b3ac935f98182d2614
fa13e247b5a5ef2d00b19c76cb8d0a1fad27704625d2a4576b67b044b537fe1dda86fd23d72b5c1d5987a633e90f7d0f75d8bd4ef833d53ab040d10eeffb84256062b188ad6c834aac7b0f4c2b26aafe,3d11b386a2a21beec448856d20d5865fd28214453c8d6a59b77b4fa50eef44b1ac64c0d470cd498d286c252456ea809e72cff2f6f0caa2da47c1b798bdc1773accbfd650b60568d0e3817171be3882c0787ae3ac3912499e089d6fac8b38b7a0d4f56b4dca4dd4ad7c9c10557fd36307001906d24bcacdd1d1062ea79bbd4f88
ff93a5929530f70a0df3d7e39d6bcc4fc4829e760b21898530f5dc8915e2adbfc6707a82cc55d0b254aeac4b2cb3bd53e3b2d3570265b5544b93b24743d84cb2c162c390f0ad9e3de9da0f578a9618ae,1e4d64dfbbf9d6c2d88a0cae1fd28e62a90707ddd252f547228bbf96f928dfc01b943092b2ad8339f95b64931ed4a8777907fd38b47e0f1b763844fc8b89392b7fe67c992aa72e578245c6b6e9b0e2896800ff6651a4c47dc1c330a0a1952f60f02f71031b5f9b344c63bc5a26284f02f09c9c5aca6ae4c978cc38e376878e6b
9d571f4ee74eb3e5552115e61fbe73dc32c71dee34c101320e143949781b925d93ddbf5f55d2a86593bf08358336276d171dac5c0667a8d97a81dfdb16a06356d3a7e96f0424a46a9dfd8da399c52ce4,4c3db3f4ace2f010cb1290d7d7d42ecce9ef9d6541307d4bfe70b931a61782b7aec0a005d78e2a179d698831eb546cb840f929da1f2edf3dc5e51e20c88b3813fadbf96205c27bc44bf53521bc4f8af420aebe36263c32e05d82381871fa32eb0def3d6724dfabbe83cccde201a871b2a162228a6f566bb995662e4bdfdb8447
203188c6f1b1e42a4e208b56db3939517ed56318077de4f62421d9630e65737c5d76f60181a5120335b9af3a366645c27d14990b8ff90b35c0cf65fff1461d21a3a4953f1c7017e94f956c3b8566cf19,ca818c8d3d82cb80555f1c5fb35fca93092951e128499e8ac7f02afc38b24f5876cb60f0ff05b2ebfda2772d682b009037ac09d58767684bc5a7240ced04bbe5ebfa26126bb9df88d039a83650b93b0b355e00cab90d9025d8e8f0b484b8bcce4a9cdbc23ba0800bfa7a3dcdd69d2a6c97850c428ebe7022537d0401de8d68bf
ce7c320cb49037ae47cbe1aded6797dbff2d657530e6a468fde5d655427d5849d3745badcc345aac288583e36e00f41e8b513abd8ab18c4a34991b99174a77780456ceea0fd8075e025fb376c0ca9a0b,b2f415ddad10b5ccf33e5293f09f0f33cac95cdaf90d77ada6c4f4fb61f2fd4ed3ad02b61a97fc0e2a5358d67edec9707babda504a342224be7778b34825bff237d9882b9eb9856931abe85197e1d8b099444a3b21ba8e019be28cd25452649f0c634a49829a93dcda5e5410fd15b490282dc8ae865c124d50c3d53b3698ebe2
bd6b29e0d1292a10bc1c6456c8a90bbc64fa2b10d47fe66bd238b2339486ce532ff637e753a8aff10ea3a6994bfa8c05c9dc4918155558c822254ae29a2478e735ae883f965b7f6e18c8c45083bf264c,1689d04ae52d04cc2931a5958c71726f1daf51326f93b8efe503410e6cda59cce890e4550687583f1794f21ee0d8ea56797330aebf4a327857b8fbe78cb6cb11cda78c161cc5c8df849c1b9e5c469ef5b57006cb17cb90a8feec0c5ca2b7cf6f34d389ab5501ace4032fbb04b4c9f714a8d22c8ca447f84b0218a1c8a4e68eab
3e51d5b1341949ec136e837ce7da50a06f52b4cc3291904c59369aa7c4c5bd65a23550821c753c1b00f1b786e8bc00ccaae552c7c797779f8dd64dac6bd62474e43425bd0cb62c75b370a7b0b1ab8ea8,158625de2332531a84f1ae3659f31ab6ce2cd720033533558066b690a1ad9438670bbc64193625856622de35d24a557b449d2900960e5c056086bd6706d1f26394b7ccb3e17f754844290bd6f943f179f5bc96e754b6eadcb4a3a9996c662b0f030b9569a7f7e703f8f2fcf42e35edfafeebd7a0ab85df3569cfbbc467336684
7060991780682120874f8bd6aaa738f1f406f167d3282227b5afedf8cbe0374ca649ae3fa0bfad4899755d84bf6e70f0df82f652c48dce2c62487873bc79b7cecfd587d5136757923dd4b90801133a5a,7b08febf7fee1a0e9fbe0294fa015d2150f6b1ab34aba1e3d03584a52d66d1cdcc88e00bdc9cb382846e011d4d17a4dd232551eccc9022c50678a0a9c72e654403446bcd3f86bf87d282d2fe28724a9dfd41f3ab194af09407e42765efffa4c26fcebace13a20b29e04b49e08fb99dfd44a5d9467b750184dac55c6785c0fcaf
db540ea39420b2bcd1789455f3bc61098697b459dc319885bce2d0fd2bce9d7fac2391a714a2086e930702a9ec3ae6dba14790014842d7efc4b894d50cde3048191d55ed8a3c3029999a0304532da8d0,b2b9c3d2f655e4ff8a41dae03c950fb8ac68130faac72175f53decc556dd1ad9491895f1c38e5f21b17cafe60f0c34efee045ab7bc6f3bb135f980b9775291db6dd8d712b46e5d982f8340339fb5b3ff9f3d53f806f54abea4bc32559315f9f9fcd74950810565b7b6fe576237bc1824f37e4f5f0edb67c6d08ef1c9de0a93eb
a9e09ae3cba9c1cccd58ac9c2e75cca28e9fa3f12548930c512c048cbf48d697c209d209d25922c3e44ec7b6a1c8019a0f1d2a945413ef93acb5eb3a7ebf29f50c66a7cdb7e3797513f7277d6958287c,53c99663d2305547283582235eadb7500f8ba0987d8b98d90d17ddfbf9bf45c23bd811526c38b9f9456c020ff836e9560ad33750619355e3a7b76ed5d36db59918bc2a70de735a4f6b735ad30adbab3fcf2f11f9f67e58a1aeca1897fee22bb856a75d7d51efc92ea639b5a33b662ce5ccab187728a98c523aa42f579d097b89
5d37648cc374e6ba8ea745e79e10bafae5e388ce9cb2b0aa0b02b4a44b23d65f419700d00bb31fe694f219119430e462f86858665887f17d475a495731a4972cf1e4b4890770bea2e18ec30602b9a01b,57f6e2ae4c27e1e370ae3c2b52eb343cba1315801bd5fbfa09c93bc3fb51360baa344fc57524bc3ff22ce3e10f23e4ce5670521c4996c787e57098af960e4a4eca1a72f13f3b1f27c9bd132be8cae320f07f762e17ab4c8cbca099105fee99f2af5c7aa0701164527dc515d63ce6722f1dde873ac6658dc7b2218a84019bb60c
fae11f5be36617c5fc48646e7826b3db2e02d404f728fc3f99d3614a5c246822eb21a298d08b6716e959e296ca503e7017b4fae0c5c20ab95e80755872d4754205d9eaf352d60ad88eb7ce5a34bd5f0a,2a94a9c244ce24de5bfeb9a6ca3bc35c389d5220c584b70583a56bff413ba21f44428efdd7f27907a8559b3ff745b7675d05fff20d928ec7f36aef5875e76a87380b8e86737778fb77659d17fe3d4a67937c72c04b0c9dde14460671ede1bf2ae2a5819d5fa1d7b099a6afe24fb4f0e5027b6c1405ca4664b9cd4c9d445bbcf7
bd7e3c9da8cdc5fab02a19e3242aaa6816a73f3f482045b2d39fb85e04acc37f31be107e5e9db929c18b8c9159413f423dfbea2d0f4f332a7ea3c5c07c476e16574f8371a9638aa83d9749fa6fd7b505,8fb9315180b99ea879427cd18aa535ea4994a67ca6ce988de2d3da773d762de6627c829ca8a83e2c12d904d433c19198488c8d765816022555f09f0af555ae1a34e6f3de4508f1d14320113b18f012a18c469284ef113ddbf4f24d35aff7ca8b17400c98bfa389c6864e137dfda787b3031d82f7b30109aadcd1906bd85a62cb
a1b52fbe10e1f2fbf62d6c56b68f7f75397165900461d715f48641528547c097d23c84a201f020f558b682f65499247762a2a02a48d384a8161ca54400afce7c17b48a0f6bbad38e70172d2918e13327,926fb6a0c72dbb329ccb651b9930c66a50a7c06ef76d08c3ea132bae419cc96f7ed3f8dcd180ce22773e4bc60c91a75eb16bd79dd6ab48acdb09543853b8776c1e7ae774cc1b9d74406ea4508a34cf4f834a51387d0d1dd306bcbed05d0f5b3ea1f464d4833f30e9d98e0302191eaa9b2e3d92b0564fd39841b88a1f9c4ada04
f98422d9c73b4b01bef0e9441cdf6288cc856dbb1c5b108f15e675fbbee3200ea5187d7ac7aee572d7ac6ed1c0815e9807c61e9f8cd1e44e69cf1d1692d21a9ce531a58a4bbbe20ff2e4d49c0cd44045,3fbee253ea4a23176c9a242278233ae1652274b12fcacb32d8a28719e763c9ee8a208893f4e6d267040ad8b6b283f69931e796ed9eb81a4e5ddafcf5cbb5146270a6e218cf6472c852ade3c619d537fbab9ec5fb538102ccc01e106d504402ae9a5b7da6f139b5261543136de9f392c6c2c2f5e9f41009040e0becaa577771d1
78449cc8b46e7691da7e7d7f1cfe9da53d9b2fefcc7b09be1e5fe79573577ee5744ba2d387d0c1f4f751700eb99e531f527647ebb31f0a90dde33281a18f4a4ffa8d7d2418a17003d0e3ab62ea429e3a,c8a24ecdc259fc739b798ec8f24908fe54c5f07dfa343611c179ce4e1280d8caf1cb9a7890eba23630b0efb9dbac0abf1c6cd0749af23aca71bd8ea9e3f84be889e7cb020298015535e26b52c335a1d9e5b17d43689e7ab43ca2bf8f927fb22d8f3711d2fba95f142c5722bf3964a598ddc2019dc13f169bc6dad9daa15ff309
a5282109d7ae63cece0f9f05f68bd627acef4aeb6b6bed531fab4c814ef34046379ae00b34fc979e0a1be46d5fcc9c3abbab2ecd35f741b2f58d129e21bff02ed9fe7ca68818d1f4e89d96820477d3c8,bee9c5eae73eaebfaf7732554b5690a528475d67029ebd5b2a3c1685ba1c92b79af3e9d7c8b2506639c556830749503d5d576de7f72fc48e2347bf9476c0e9c650f66470a1378e8e06edba645b192e6bccd9bf2638fea51a8058266304fd39594ffb244f7229059008525d86ab9d441592083cbb3aa39df58951e0026edeef55
117173bfe38115dbedd54806debefa9df22860a8bca138c6e9bb4ae2552b25ae37b0cefd0a7850ba56340b010b30ca36c965a5a5aa160f8184d9a0ff5d235f728d5ee93c6b6eb3c0b04d587f0afb9310,55c380e6176a43fb34a18eee4b8fb60aa77bf921edc9ed5c6b9c478c74a7d571178e99d193e25055501987e9e58bc8c70530b5afea53d55204ed0c200ebbcd74ad354330f13073ae8cee23a0d9f093245e6e87a3b815ed551b22da631160c346f7acb36c01266103a3c49ed1a3eda4b6b17c2d9ac3d4ad628d315787a69a3651
5065310e19ee4211354dc73958f6bb9717893b76546c7b09f73d8900f70b0adeb0bb2560ad839251b8a007329a7b4fcfe3ce71ac4fdbec3adbee607a279977850207785012fbe66969990f7862b9829d,45fa5ef1b12c9cb236967d3ead067b26d6dff933d4de6402fbfa0d2635acf79ed98e61a6eebea720a9f6bf684ad8d8c3f0864c1c1cb9e037918c11a6b510223ce359f9f25b9f4ec11626eb7917f6772af23c765da802e4b2821e03a04630ed6e8d9a0c95842482925d12a1707fcf9e26104357755b080a96f933512fbfb99713
901c10bceeb1226a2dba71ecb3485f16b74603322ca86671abbaf1da520d20e20c8977116c0779c233174197b9146776c11021739a799a90c10a84557966c607b4d91c57581224685f719d52dc05d32f,c35eb9e01faca13d420884ef8b858f68bf4d507e140f379a748a2013d32af40f2d96629a687e80e85df3683120dd55816601d38cc557d77b5ef52ee3dabde8b495ef7ae9738ddbe8a11c09f0905dbe50dc330067a3735cf927d7370df223bd8cba0c60ee1c4df3ddd496d537af8e0ca76ab18e06661a3318f3b98689df49b944
3721b57b843f25a0a7424662946b956f5749c2e8884688497d9adf66379ffa81b67296f01c6c8f4c2579b849885403c9dabbaea6bcef4a82224d83ed3d250e4b7ab480660bc09f0fcb4a8335cf1c553d,b797867759665a172b2cdefceb1af2e8914bd5d267ca5f5ce9b5b6bdc11312f1251a090d75b07ef930dfd878b4796a56f4914ea2e6a0c80004b4f04f2e25c49bed9b60a6af6741800c2eb208c8587006a87499c4d4416b0d10a6c03d83f854c0b2cf5d5a7c369d842f5a18b8d6a147bbcb5e3495617f69ea31677b271bd56913
7b6f05b1a502406c6d3e0834fef2258a78a4a096487180a4d690475c5e35bc1b70e79955baac9371b2d8cda1f4e683629683876b2f26b0a46c4f8a7ae7dfe776a6cb6ee8b6ecd7c2f6483094b81d946c,c2d1708ac89d37931cdeabfe57c6ed66edf0eab8d93da9a5f256f0299922b3d48b008f15d9db391d832af82bff28ed6e8737b8cdc16a98922ceb35edc1e4ee956b17268c3224dcfb3c77c3a8959c01461e215d163806d033897372b900ef0dcc1dce062638796e9cfcaf897b258e7edd146949fe80688791cffeaaeea44cfa71
e27c3eff9dcbda56014dc3e083f1171740445a68100f79a5d233cb745d8948e4c43ecbe9fee0408c532dea91d23fb272ae6f08c93b8eb90ea14f6a5c177019398f2654c1d82b5f37ef0c85f5f1e3a528,7841fd68211ea846ddeb561144053a08d7eb47a42192a6e922331d82f709c37d95a3abc5267ca1dbc908ac65e08a288b985a939b8c6063472600afacbed663bb213d095acca24612ceb03f4d546cf1970ce1919a0fa7461b7c7c12a88a469e57c13c2e0418f0097294758b6de63fb8745c1392d9126f04498a54d974cea3342e
3be5ccfc118a80dd011ba15450fd434ce8028bfa721aac77f5def31f345c28c9b7b8cd854aa3453b02f8e49baab97db8f010d3879d0f53a9269d30b8430cf2179f61e250a32bb412daa2dc711801cda5,8c6abbf936e5e7ed691ba4a64c5397fc4567304ea75c336d60ca36eacf252cd5f647770052b84087ea9bd02168f2671022ce7e80101d8f6ab21edaf0efcd4423d279940b3e2554e87f45c09ec815da8524d6866415dab2e13fb119ca3b6a82c4ef67fe91312344651d340d561d81e1560ea5a44ed1113829f9b4a9ff271bf8cd
0c055babc76682924f939fae739bdd179c702ea0a588482b0b2eede9583ff3f375abad47b0bc6223ba586226fc41b2cbf0d6cb915ba9b6ed328ec8eeb9025618ec6c6483805e4ce2747c68375f080453,711765da313c1d6535cbbda150c998507f10d3492578adc3168038f4abf1b7495a361c9ea512a5bc8fbae288e0d48d14c1a6ff10639a9b7999c9c2af05c145af2e1134212910f1ba0fe77f4a3f0b4c82f5d3f50d163c9a81f7321ce3fda7edfb6dafb6e7139685a826cc69b0c7b5f52f6faba9c170d5f47475bfcf94a29c7d56
bc47c7ee7ea8e9c551c4e3f57bed060f4704343159a9f6b28211c92fb5d218c55de0dad283024410b03a38daccd03782b66d737d73fe76f892e5dd2024191aa6342bda3f9de9e3916ff49f85eb119dbf,52e9648f6af05c786f8122d499c5f37f4e298d08521f9edc15e8b20e77e49a901a548fb6bcd5146b2927179e2976a1d4d0d5ef4603a29cf1e7fb97c4b4bdfbb8c0ea40e93f26e3f9c9c5d96db9e1aaadc4fe08c876e1251bc2d1d8b89a86acc39047973b76dc98f87de798c6d0d8164ca062811397a5751bbb310cd8c2ad1a21
589fdc5502636a02dcedc21995dc7dbec4ec41f6a436cb9ff4f184ddd1f79c926714c8fe152fece6027becd3f0c4c3d417ad162c2869370660ddd6b6115ae152ccd7d79edf017d4bb752d5730ec5bae9,abba7dedcfba93b2856775c4595b9b0ff3aac90ce4465fb587b67a722e480e579437748729a411d146e3a71f004ec55b2f14c2cfa119a270ab3ef1c00293045590bde393f5a5e9138ffd7adeec167cf57b873799d22be91488ed688f129dbdc91f20852476ffe944de4068f8338e3c6712dede22837fcca7b16e601782025b8e
e3f5d2908640bb2b3d7bb33c3cb920103219d44d3dfe2f7352d81b9aaad39cd1b8f60f4c27e951c5d4a4773ad20351508c6ef8e03fd504e5333303beb14bd0a7ba0428c351fdc0e5102c1bbaa3f11ac9,4f0d9034496ddf3d916a481d3f91503f9b89c8628cdca5e4c336a84414c015279b3308159d3203e2d8c28907a1b0a280d2b267dde13b087991772478f186deadc8f261ef06c2a2eecff40cd07818838d3a2687d541169259933781fc092846fd7fc07b8f7d6aaf98fc61ae3b26a6d260e58622dbe29dd27f2d4380a29568e159
571e01f1ec40841cb92fa7f572e26df133ab0a88f49cf44c826cb981f9ae18cec563c46b84ce59ce559763383fd9b1214e95176a6fb86b4668e9a25dea89743d13671c896eb935fde36ad27bcfcf1e14,93527d196bf531d98b754b62a37e23beaf73947722cdbb3f91f2fab44dd4b2182b5626b63fd0535568167470206e1dc2afe31f959fb4a46275a4d1853761607911dcab80e03b83e2a3643edbd6702792bfbe58591d133d8fc60f79f1aa79270ab8cf965b27f4e43e67edcff59b2676a4fe6ce53e12af8709e960d36e13dff999
e76e09de14fe466d5d7e1b3d6321b327f06ab485d5ab2a2ef5c0eb9de4f430c9bc2182ba29260ff5348035974540f550a76bd68eabc786910f358b8e18572208752bb7fb063c90a94127d163cd5c9753,71da77940cf59c0c13d7a8e7637c9be52149fa9df7ffc3664ff5273dafda6e2d6861d3e4919807a23b9c3df78e1c57ae1c90db22b5cd5008366b3b0ec3a8f6f109df9f45e69fa35c0fb15fb38e85028b491b34885e5ba3e9ad5dddf64c66bc607e44adcb27e76d7b1ad2a94a42de169dbe03556ebee8267bf2cb88f865c34be1
a34b0be0ce354df5eafab4024f142f3ff200bb400f5b1902467407fd10085182edd02d728966575a8f048d415e76f69e9919dbbe8365b6527a5980b09f608f84f5e5360f627bea12c25ee777de6cd9f2,3a44c0b28c821e710b1504064def4a31de2f62582d95d88cfb4ff0366633f313bbc4f9af66312f530ababd0dfdb6523729e4232cffae29c67548aa9a69a49dcc44ef649ebefc2b731e77964bffe2ec91e0e550b739479b785dda4024e3e2ce146d758768fc409a60ebad92137aebac6c30fc47fb017d0d0198b9a5c83f4448b3
7493e6df6f901f7d6a2245e8c24131453713f5aae370f22974113bad8e9da9b61a03c1e2921ceeee7a82bd312e9392e7b28f8d618af4ee2e7d25afbb54397d8390007e7b99e0aa1b8f9c36e2b18390ad,4d5747288186b3a095ce57e13abda7ccfe169667415467c756aba1ac9acbe67d34efe09120ef543448294ec6078ddacd7ac36779406229f8b3f657bce9eadcd3e03e9deec0892b7717fcafcef553ed240907051f15650c5ca80c94df795fa586b4ec8144f16064c62e66be5c60155f7fae5ce2111ddb93280bd2e60a4aaaf74b
9a29ffce726d671abceed35384a9bdfc1ae04d42b915813b07d041bfadd5431983d9f8e69c5f3525001e0d52148b3dc52bbac0edf26852f538e9e31d7d65c78638b8ae4a2dbc84707b4f619c4ec7f942,57c44e49f04e1ffee1ef7556cf530c2a5cf87b9c3700a1884d87bd14c21420b2cf45397d054fb5d0607294ad30e9c62aca6c0b18e2d4db472153464117a4871ebaf1164ce5f8da6bc2a1d01abd71c26e06176a41cd68bd1ed9e99360ff90d417ac4dc84d0d24e7106fbad9307d11e3f5af5f86f52090ad62268b6fc2bf1efc7
5b105fbfa11fc2074e19bf803efe11a841b6bcb915832fbc2ae0edca9ba7fdc664c5737a7f01b9a5e5d569f62f8e4fa68c8dedcf3d780f4191280bb87004ec4072724cd06f6d24bf52fd88762bfd60f0,981620b45d28deced012311938591932b4449286d6989d0e3b4ec60315528d791098c69c7fdda8b865892695f8443232868dec128cf05256a143c010bbe8038f950f031d56a2bccb0c8c8114325efa387c3f017f8e4c896112afa904e5d69c10fdea655cd3270f3d65d461c61d66e4d3560f087b5900fa159fc600f4a42ce7d9
7c82f7690ef0ed387a7b936a0782d9e38c3d7e77f2b368e8f61270dc24aa10b07dcc2142c070e0b26ff6a0befc26588af1d724a9a6f5a9f24ec28e284128c5237a4853819bb59c9c5798b9c4dcb5de31,8e29bc97a01032e277b295c4740616b6447f6ac2c76ae6105c935e4d9d8a9d6013e271ea478e75590b1fdd38960fd5aedf501df171fd5e15af22e931762514054606697dc8f4bc2282259c866bde9b31defbfe7cbfbede931aaf961a4a6a14d06af4dadf3301e5c2905dbcd07715ce1c8e7f0bcf578ade58a5b083c661f5c557
f7350540ac0ff2344c943aafbd7b7a217a30d09d5adac56be1e6a06eff4fbc3938a187eeceac78e4963555cff497680656aa94139f6b0ab4f75ba6fba37d37c8b6e25cf79a422d2728c6f01ea63fa11d,84ac4ea87adf74136a53d031615e33c5261feb83e3e8c9824311701e75b1f85e2e85fddb12568f4d4b823a5e79c2966e462b3b2a6f564eab9790d1c0a3e222c66317057635470f6229204d7f1c353bbd8a87b3c1706cac5a52932e1249bc6d79f6c53c0852914bdfbf8a621d40441bb5881f9326cd33cdb916794b02bea61e0c
66f9699c1ccf85b9fac7cac09f34503aa992a38f5c0b1712643c2e4a27687831210e532dafe06bdc93f3f96101e43d94b97721e2b190b6a37a0a3f792d97a4263e26f1b5ac64f4badb4a01c2c1e2e1cb,779b2b7659c7bcd169db3eaff22c93d3c6fd9450dbde76fe0ee43a45c58274dfe7fdb73d6fbddf6fc052de962949562b7e382ee1e3ee3b1c6a39423338385e5731d67ebb8dcc4ca3ac6108585b6e68e8b04c73aef1f826aae0df427140669aa0101102aa0ad0551a638ff34244cdae2dbee31de577bc22a0b06fa453d7e6ca9
7c55e12a624d083546e6b47360a3e19c49e1501cea151555bb5cb215e34f703ae31332193da1e988a22cdba3bc779698e0c462e685e5d046bbd173082137970647b481d8989aeb5f6673368eb159e124,8fe6646d8e3ce72171727c7abd2389c4975b9e3fb21fc2f25b37fc4ed401087dd20632e7e18d172a1b7088f16e4997e280b4a1d9c113def8873e6c5c90bc7b554c4558753469774167ccaf8d4efda13f0892ce354b6dd79ae1c599594b30f6f6586d76e7e5b45a517ef21ee98109392586f3d957d0eaadbcbbc88e900e2cde54
06149213d2c23212c4de1e12e930c4fe04eff76981d7fa8437d42c41fda71ed17eb6a50823c468ccc4d773e57125995f4b5ed5b4efe2776886e92305db53b95a8fbf6937c6bebe8885e065e073b9cc05,4bafe3ba9f936801f52142d2b6a070de89e2676295452aabe2fbfc4465803d929695f5139d4f7344ec803d3e3a4d38205f3460db5747372d2f25ca60cf5161d83b98a6017c69e069ec7b47f25609bfb4b9ecbe800e806446a364dfe986b3e7817bb2c839048e79484dd2807f88bccb1605599ddd727bc3fe73112b715316242d
1f82fb91908f5f857fb6634cac3fc23f4d7e932ac175734d2651c0f78ff5a6e393e422a42b7f7485239a7195ae504e04fdca152ae7729fff0c0db9193c4301658a8296efd3c4d3661d474949a2fd28aa,4e4fccda3b01bbc410f86dcfdfac10acd312a4972ea33ea4a63868f4e24484d7f16fb11b8030151bbc6166b480aa3cd15ff4a24b97dac6a658b3ce533a8b68795d0e1e82f3ed59363ddcc92a58ca9dd0b70872b76897730bff7bfaa4364463e10c2a44985c7be7e1c269ddd3e65d97c4ec291fdeb0ce592ec7ae2747710ea1b1
387c152b7434f82b6bf9d0acb716d385fa590546204defee4c4f5803a9740f3003c3ba6a8695313d59adf48a3a9b04ec388a20f7972c93a435c16b8d86281dae0a67fd3999726bc15f4992b9dd697a42,2dec5a67e481b0e66c5d2f188c4e3ad47cbda8976c0641e7c7b18e5725ece2ea62e1db52335b75eb2c3bb872fa9e58c43c90d97a9164397ee03a5aa88ab37fb25f50290c8b2b7e7527ff9f356c1e5d1556a8d7aca1347a1723880b3f154671cde33620e7872ec3a360a03a12d870ff630a74e04a2440f6c4135d99e62f405bdc
cfd8093049d2729e06e8996eadfcc63da8be5d869bae711032617f466b77ed1de20f2577665421a8999c9433c9983e95abbf4be5b59c185a2975ada024a05a490057b0c80c37e66057c862678971a1c4,453ae587d82615f44aa4847c861596f89b15580f6c29c6a16b6267ed05d4c14e1fd29282ffab6ba3e6a63e5bd0b79eeee1a48d7bddaee7c8b5892b128f502f9695bcea0f67c7d41de88856d5b4d84f7129943b83b5049651e5834af9e272a2ef03b378e3ce7a4067a28f2aaad87887c3049f2f5987c7204cf394462bed3b8a95
01fbd6e20278a67073ecfe74feb65491c21f586fea330b8bae572ab0d49e7bfb4d65918c917ddeafabcd77fd6e889e57bcef405a10061a8df2b97538bf0cb39d95273d99399bc66eedb4fbdab458dfa9,4730262e6905ce8b577051ca91b1d8894dd072e5d0ebe75481b098f5c95f7771de9575658ebc90d21846cc3b4238b6f223e63d5b8c11355f618e949f730f32f880d80f570547c8535a0c990ce416f88a2e039fc6930a099cd020690494472212f88594ea2be994353cf0c5035d29a2ec6753cfabe2e2b507815be67f67d76c1a
776bc09f39044e8bfaa84ba8b95942c41f3e40af89d5b303cf4f153e3104477f1c1958738ffe863125234a651d93d00136e9d6c8958d57754e9bcd497e09f09be74b07470b4d5ca34334030b6196ae8e,1c2305d4a62c3890ded5a2ee405c355f44ece8bfff7f555b864d69ada7b73f8832fec8ff7230f030f36b09ee6fced587d02f7276d4cb47919654672948b545e67bf8f495ec2afbd5a2b69fd4b30eda756b9888da5d28e1b7e8928911f2f5570b8ebbf0a96620b27aba4b43701788a4f9611f97c0913558bf3014751e5455975f
a8c30e89c340acd5b09e13c0f28679143fbe9a2860925ab78fd09e1fde6d6c7f2b7cdb6c670c2bb9e27573a916af9214c6255241be07377ec68905df375bb19efd996e7b39556758abdb0cb01b9ccbfb,9931b318c9acaba821278a0bd7139c38768e88cf1a951748f74c5dce631a8f32310e649503bca0ce5d7319f97bfbe45c1fcba00ad635f4b8a83e4e9f2582beb9acaaea232796c459f52f5b6f0c4978208edc974c0f04840476ee0da443f09c71a4c48ae9d0ac1b4b047bd37fcbf569f0b627d52089bd44bcd2a8c3362d5f23e4
b5c0610701a18e4dc39d9fc59a5fa58c50b39637a1b126597b6736f141d131bee0d8b71b395739ca5e5c847d5eabdf62c6f5971ce6922d1607cd5eae4a300fe30b98239d57828a642c859e3652048497,9fe0eda9fb1bfca21d812c5d751391382e0b1a562c85241425bc9476009d958026bc5e308f3f9007e4a789fa4fcdacb6a4f87ff5fa2b442c200960b9e1d0415e26c94ec76979630a9dd86e1c306a9f3953718fb24eda939420152d4809292f78f77ced320caee9e50801f060cc242c00c8b7d5ae5c0551a5dd92ffca7a746dbd
7171c4774d872d6726d4b17d77ea9a92bdb925cebf172264e08061caf3eb6140f3f7247d4c5a8c71065b03639f0a4da60034cb53099c1dc59a506cc07125e4f6fe24bf0a7b1f81bf52ebab484e997937,241f345be7af707245e63959603e3231e0fbdb763a7d17b93790dc9fee495e9fc558de8c4b2c8a925c6e01f413ea28d30683496ef393748fd3a1a2a1ad92e4a75d81ab6e5366c689778a41a16ac7796ec796944546124ae64da64d645fa358fd0576f3e80e7450961421dc1d65fe00aacfcb7fc660dba63f521446bc55ab6fe
44b0951d3812741b593dd096d98f1ccadbcc17b71c733218ca29341dadb4341327fe19f76f307ee763d2869ade6c47e63288c19fe023f0d36f605ebc7bacb0e13b043fffb1c0e6131d88afb9f525b84b,a6d0b6321b200e071b9cbe550fae90ccb60bf52c3ce6263bb826d879b00ce7123cdcc15fd64f70b69f7f947a53bcac5c6e356d113f20226fa0f7362f9c93294ab572dd05d2a80f83c6bc53552daa18b140e09d3ffabd51d65bdb98f61fa845103479965b2ed7938f4c07235003812fa3313afd4122b51f18b371e85da30a2b2a
750c1caaa1a5c035c99f0397da2b66a50d00ac72e41bdf878c1d6de2a4509c76a26ed1c7b120343a5806c9540da0a87484bb1a5da06e36ec1689a879bf87e11c2fa599a7474b04e40bff2c9f666f7e3a,b154f6db3bb27fab5ae8378e56e0e44582e8e58e8428a51722621baf482a598b84cc142d2e73400314ae25e1416b57d80453cfa981960e8b6b2124d2bab848a9901e4783e9313e4395b4f31b005220b47fab8610cf11a988c13335c3658f0212fa875b49fdbcf40d3487951c5f3778faaa2b457cf2f4e001670f30b54a3fea62
9387f326c9fb05680fbdc0f25d811223b9ed2fec2d99b23b2c1d1abcf77eac3db6f07986fd97222e2ad56697823dc1845f53bf2ca8433ba8838e5ca298cc7461af1c08cd433ff328e3f111abdf040365,17480abd9e96e5c4468b0bdbdc1c5736dc9068b46ee037911f2733c3351b82e0794f0b549142c4fa4ba8f0850fb688b97f1bdb856e29b69afdcdb1cb952101b2334ede8adaca9da9a22abbb7219d2fe48689fae85df65137446e39e9bd7af5afd84d25800856b5e97a6b97ef6e22daa153b47806497643049b282ff818c7e51e
84ad1e582eff76283818fcafd9003e555e5af90b8605e4a81cf4a98b017fe5c21952881b5dbcf030919f6f119ccb78c20d364e6dd67d5825d8a4205d9438f448b4d1e29a28b32c065c6eebfef0b74519,424e7a2759ddca4f0646486f10f041c6bbf82347c133f83dced7263ac387f3f865f4e9e6f7b1edf7c8bdb98b435d610774dda52ab2d01cd896559bfc48724702535a38063c71f8a056dc7f49505a6341db64f7b42a87d8384778b968c4191d1fd42a32e3a8a88c98577027d1611343784a5a2b99567e276b8c5958a00984b38a
fc2e9ca93e04f4fe9525d597909d9159f1e34da55daba52cf780a3362611112b5dbb676d91a7818eb7e36d945bf4d06cd2558ee62fe2349b4cd76c6ab539c42f0e176a769327237bf317fb995f96e99a,5e9557e6cef8a3da9a2cac5e0e4bc33874e0a6cea5470154aa8d8946a6fe1b06b8300948333b7b0ff3486875c5049e6d8d9f5242d5e9ec455ea1561883edbc00c97b95a44aec6ec9bb1f92825a2f426cf7996156eab72290d77fea7c24abad127412fefa7917487d0725add6b6f6441ea4471971eda8fe624c93ac44b2fb82b7
d862a0082dfcbe4949b7174a90356490320bd13963e306ef221c6a0a3a7e956693883c362ed558e7f9dfb4d336da060d9aa2e5ef942fe111df3514a531aa2f0e0136d09c7b691bfc07e536ad0d351b09,223245ad5f2bbc802eb1004994e81e56ff716cc50a181d1f07806661b69a4518fd07317ddd1bc2c54beecefa5bfae6163b6cc981fb91a09edc0a55474e0b9133d48739c2165b4c2714bf9075a407bf7c2085fa6f5adb4951bdf81ab7fe78b83b4cde9d8a35a7ed5124d22650a3bed7413d63ded03db7ac0351baa0a191c49f9b
e954d1734aaee0c7d5c36a89b6056c8c0bcff6b08c5dc29f604baa31cbcaafc83c046900c752eb502a89d27353cd778af61578e12d9aad6152bdea1139016b42bf70b82438b1a777dd6250c35192fe7b,a493212ebdac7dc74d45e60fcb0e8c1f10445f574737018665ca820a228681040c97ef63546cfa8b5691cd0dc8f91d75e162c4f59696827cfc1bb5d385234d600d64907bd83a6f0c24bbe72cd5fd22eb62434b92991018869c24ec8253de567bcd9c5956b1dc5a0cfb02328b6f619f992a393401f71f4572c294b96a8a5189e9
4175634b84104fca69eb2da66b044801072b6b160f3efe63fbc341d532953a854419913f2bbf270de3cb9c23e4699b9949cad329c70194fbb1dce27990ab31d6fd09a802591d1c71f343539115187326,b738db194f919ad91dc764ef94810b9a3c910f0082089776e09fe2cffd883d54c47968baad0b90452244f8c6e5d3ffeae5649b710c270f6f97301139e328980db921041f96a04de4674593594fcec7fd021d6c3f8185de2cd798e6407a5d015b7268e9a20e9e5b0119a86560c781d35fc17d100797dbcef66654a27a88dc9304
5182fb52d23be59a43ae1d9b1b647a471b98cf070e838804dfed0e901905fa996b885cfd340b4391d6047df718905d92a32732c3dc89b6353830c254147f71c9b257370bb9a8de49471041ceae645d47,c363dca2faa05c666af0abea38b6ca5c210bcabb03c69b4496852b0e24c64561f7a34a7325174c18547ed32a913b3865d80c3f9ec2a2b214459a445e82b3ffbecc4211d14639f994bf8161891c4a8f9bfb712e0a0ada443643b13eb36379ecb3ba3eacb84236c3e7032a14e54158d0212fd253c03b1ae2b047560c4d1c5db698
58bdb869679d936ef8145e930228a07af77f45c0cb0063971a289663ff6c02b400aaab5d07f0782c607238b18cbf5595c6acbea736f95c1893864573b263c34a087a0fd6d24a7870d6924289bac08c57,23eb719396dde809d5318edd6f448d4c43783f086481f3c01119abeeb1ed260e5fabe3c891ed5db4206c0913acb8216f7c65963a80b9e2e4ead2e0651215890eb5d91eeed9f82d7c69466b41a83dde7ded87d61998c3f5109dc25d737054b24fbbc301912339ded0cc39add41cc6c6dee815431bcd9f733c98d6ff73febb31e3
41938257de6777e741e7eb1f958a675567cceb14798bd0525f02a3a74f6bf78bbfdcecfd654b2244dab4ca59fd8715a8638c9c2c5496e4b2b954a21d10923766aa4b0daac381c432fc35d8aca2991dec,6ebf0b7aac1d208bafbefbcfa0153d80cce82868f2889a49de2c117a2fdf57bc46a2411ae0da6ab30228c3b79c56571246738f6164e2a3d50d716edd5501d1a058f11cf095079a6b6cb8be843367edfa8b92bc9bf449811d047d9a0061dc90a2ae5c52cef718191f297e531efd19fffa086d3fe9563dd8af6b2fee2aed121008
03a1eee6bc7b625360b0c8ea4ea8e28124f79915ccf2b35d6efcd070b65999a82a50239e57043473ecd94bb8084edb2e6ca609b186a0c4ff948819eb97ae791ffa57222b72a3332d9e8395d669d819f0,73d3691dd96a78d780b9b583ed369aa7328ad69e9ec06e0a04b81ce2f10e3cf7ad9a105b8aa23260e90c1ab217b4262d202f6cb4f2df4571f83208d5da6d906388bbf4ae535a3ec2381fd4120a1a9cede480368247ac4e830edcd68c080a65753e38795b391f4f40c86c31783939b173ab1c644ba6a49da47755cb2b745c02f7
41093c62de55aa1399c94b07c159edf1979d4ebad8a5b960247a9a72fa3b9a436503f64f8dcc767a31afe20eb130c3c579858811691deca1a288e3020e3b6c0efbf36a605939881b9a88991d5cdb0d17,9977e6a767ad74a5644f88a9f0efeea1e3c6b971f4b00149dae78a656403dc94e08274681ce785c4c288e2a9acc789a970f07ef8aa223534cff83dda63705b05f60584dfa6be4cc1733e8e93cefe9694758553fd93401cbde2cc8b0b68dd5e4063eb6df5987d44ebb0a7ab3550ac94e5468fbd35c302b4be95b42e91fbf02627
34d8f110cf5a4ead4d050b447fb15120dc432bf3f778692b01f2b868260449ab12e2ef2a417183781855dab5bd0d5e1dd5d37692da4fb15ef390cbc494f4268f6d02be73ce1105462826cd4a0e6bface,a76f067f9b16f3b530a8f659fdff8588670807233c7b45c89c39a8e0b93189b71c4692409aaba3dae7a612abd00172af04b8e95bef1d9c62d36260c3c99b09127eaa69d78ab0d27f71ddc652c3d68ac0ef7862a66829d723e0963249881575bceb74e42b1707d8afaeb100d72f5c641c47d6db21da69b89f50024db7a3b94a01
3276859bb50748793c2af5ebf98e8cc8c27378bb0114a1c34ad08b4808f3af6e5e4967bb0834de5e51c08ec4f189bcadb6a7614cc0f69708eada9e78a7e4291b1e5abadb6a85880f7d6a0516eeadf32d,c381133a530e020854a05d255d4eb5b129a0a772712c715b4914517981b974c64fe2b867ec8072b600de0b63c6d9b503206666c49fb6afab7dc84bc7a49d138eeebbf786676c8de844439b6fcccdeb4ad615fb8c47a6094c7c6919fe503911d2e5a4bd0e4c2e5276bfc2426611dd2acdbf96bed63d6d44f4472f7cc881a85f49
4581f9b6d075725f23a4b064a507a542613ba7371ce13bf81b3c6b0135cd06b85b6d67f0337e2ed960aebb885963f6268317804a461875807d59bcbffcaffc534a83c2f4b7f0a914cb68d7a884db34df,90b2613a01cffdf61e173882eeeccca9f2bfc0007860187a132348755b33a396a8862425052346c29dce63b6bfec0537c6c8cdbee4eb1b3c1b984304c1b4333a829be5d0e9415a97db0bed19f647f28527705bbb07109e3c125c1320fd269c2c886d013f29600f3844536d838dd147cc2ec3144ae07671e79c95098b62e41a99
831099f8b4f9807e927ccccd258b540a1a8a9f6714557f13822a63505b0b89b20ebe1e65bce86b251f442f0a4ee60d9f15ab0d8e88e9315c38caaaf96d8c3ffdcddf0b986242fd3f7a2c02214204104b,7776bd678ed4b5aee72d3c8bf2c236e08855b378d0fef81206cce8aefc98c531da79d7988972b904edfcb615231e993504a773a721293eaa46b55ae9dbdbff65a0a30b8f7e7cb8c9524c0d8c31fd05f97426cd01550e04ddb4711632ceeb680c0c3469255a92dd52c731847b639846972d908246f041bf3a4ed51c3d2ff8c8ee
4797e2a3d48537bbbcf88f62f003c955956536495c9c40044c6159cfc62588da420fe5d2e4ebcdf9e19ca9e15e5a932aec2f9059ae2cfc02c90b2fece6ddd7c893ae3126073224b8dcf9127f47bbc6ec,40325bfe29fd3bb039297c0198b587723a17f6d525749acaf38665df806b4e8a87291ef3da0f90f3429a16ad777d28c722d4ccdeff2bb3f4d8a6b601683ec5ca65f5efe58b80741099945b7f4b2a6bf357fd9221026f84a9633d284305b18238e8c9b26203c2f1bdb7460b26302819038c5f11fd53cfd093f20cf62f0574f70d
dbb5e815265af8ab2f06948b1813cc00fff79b1ea742e33ca3b3ebbf29830d393a1cfe908c8373ae7fa89684022b66eafe73dc426d880e359f36b36e8bd44a78417951097c0a4afcbacb0ff6a7fd404e,24bb201982c859886d1871c4fa1d1758979d8f9a83eeb76e3af7b7dccb91ac25a25226e1494ba2a29794281c40755a0f76ad7bd62c6e2c1d1a416ea90e21a616edc6a2c92be7317824a55f6b1a0a81673a86eb7b82958fa5462d148c6bcaf8fb4968dce657c06eb32deff4d4d5dd94a0d3e2ddacb1139e0eb2d0b9413472fe3f
044970b2387ccf9b7da4c9a6e8b3b97b61ccf95a6e8fd1c3c821c3588a3c8f639e04955e87c360bc0f03481d227b8c0e086acf2da17c541c3c1fd40371647c33f6c171b81b795f5a1a62623d14c64f9e,9af08d0eb34bdaf37e6c20e94587e21aeb15e90d0a48d862368c00b11d4ddc5c78f6810440881b9e8db8af24d3cb8fc62eabdd837f63ce55f21ab3128063d49e56ad7cfd6edf6feae014adfee79799c424b57ac647d0fe0e976a85cc68d2ac289f10e13143640ab5cc4a738b799ecad15988bd301034c54752bfc17cb1404736
8b1c55de6ae4982b1c401df46a2d00afa1c3e895a1ff589ba34635cd1d13fab8bec85c11399358fbc1a7041e34462093f2ff4df53291aa17b6562b9b1f6098c8455d7b3b40b5e07224003c1b8730545f,c02c8c7b748e83db5903e00b4e4a5848057451712286b4ba8d3df0e36d4c574f7a8e96ef45d9e2268c8088e03946fc2c03b19ac6bd2543aeab1bf87d59462fdb67ee34f7d8e482c418622f9057f2e842068cf5b5a7b1ebc78c42b33254e69d7ef35f1282fbe15af67e58d63c68077f061e63f77a9eac8d25dcaead47c946cfc7
728b7572a2de1924603b760fff26a893cf29fe3a1fd9887dc08d741d753267e9b090e9078379c06e50194c8b0945d39122923b182a69d9f363d72c9d0c80d12eb02edb7094f63ab058d9b3ff5cd219b9,3a86f1059f592e9d36e3f3473fa100e31dccab35a4c592d08315a98ffeac94a8739b1c6334ebe9cee9dc4a8917813baca77fd88848f0aa94046e945a87ea3830d763861edfccde636250b6af22393eec6052980ac1c55abf1ed2b61c96f67638796c2d6c3d343498f7f5d4ebeb184d1ae57ac39bf709f482d5c9fb998d7a79c5
