09d3e3a90d576a7fe086ca4ff13ee22de8d931d960474db2e3a58b999094a4a77feec2050186caabe805cc678c4ee15752c3bd7b6e811257a8afb2dbb652a1c1c881c4e571034150009290d7f8bc6265,1a740a883f83350c829383484bc0bc6e77ddf11cf6823bf8475aa1b9bb0f8f8da52bb6e6387e0e17aaaaf41bfea438ef50b38f74fb781361331902a19998300ac04c0eb2ae6b3a625768d6610fa0b7c7c421060517f5480e2aafd872013e911db0f3993f2116a39f561da035037faa635a8362a945d1a4d6675f0827e9a6f36
c19c275bad99b580ce31ca64e262db1a5a1de949dd5a610f674055d50fa352f0f6052234984112e08534860a1c66a6a800beaaf87d6ddb196cab4a7a665945a75ca7d06464c030f78ee2bec37f261082,93a3d52a81aca469a341167247f62fe1db4823633339b8557f2270f04f727c202c8c395788258fe42e13ef9c07788e51e9f0ce3d0ae82e0c3d0ce19bad9c5d477842083b52345bbf4b700963dfeb8073f2d88fe8aac8660f95515e0840cb5e49fcabf69cd3415c1ef3cd1e97ea074e26832b80f6862ee75f54b0bedea88aa24c
0118f4557873538a2c258e538abd67313b0c6638b5410ff42c5105277589a4fc6ee2dedc42dfc67a88759a18f9b7f15a02a8da72ea1e68c1e8642d21410924ddd5d91a5d318a118a443a9616681478d8,c8c6b3fbbc9d962b3081cf0bc87842e9e5b2ffa2a8983681b2355cd2fac81a14162f23999abcfcdfa6790c6b6e2fe9b5f25988c7d2fa16022355169b570806abfb6a1cc7b372abeb3811ee9828403c6c718658b2ff5f3a362470af142b9f71335ba904727e11972ed1d0d2083df65a6105b41b17f285047e4d3fe024ae1302d5
531252036088756f45cab41f57528d9318b7a71b1d1fc4b95c3603e4faa3a10481165620a89dddadcd959cc19386753e8ba9d72a2c27cef319388fe7af4f14cdd79f07db1c88871301303c7fd2258cc1,beada277c318b0e4c16ba850188d6b2875043863bd3a4e5fa11e52fea36da09e2bc0722ca8da5fca54d12bca864b9c24bf0042a513589325359307b59318978b6f156ee660c635fed934d04f424792fd0eb9c7ca30ba3d1fe7a7ab890d12e12ab9ea933924d21a45eb809c7075a33572635f9572c9405eb5141f009f4f0b4b5e
24c6c1cacdcefde1f7f733d00864028fb494581a2d76c6f4501b93775e3fb881b21a3fdb0b58a2ddaca82edcc57c2c9c06545d02c71b7ba4c321f4a1764f7d2fed0d3466f4d36c6f424227bff49207fb,be6e0550149ef8149e56ab3c0345471d454f0b1b02290460bed0deed4811d34a9f93608840df264eb0d7ab23e54bc6a89820ba5bf7c92933768d040920fcaf3bbfe9c3d11f3f880e1f785bf6ed2b17de83494f499c6c0de366a723e3517ab165cdfcee15d8eb340d6c8cd12184c42d076c382d70ac4c7c381e7ef0f51097feef
658cee4fbc8744a0ce34054673f5d9ab98a75d74ad45b4bc1f83a246de3159b09fd0024d4084508bf1564c0262e3dc13f30c44f2614c38e1d9162ce48731e0f6856bdcc51176965aae560cf9333d2bc0,8f9589658eec7583b399736c597601360dc619d2953a2b9331b7e0e58f5ab99e0b194fce3e38e186fb921c5a82c6455742f2f20d42cdf38626b8965c77472b2f0b9f08eb3802fa672e4a3504cccf8da0e16e63e2bdf8c1222f9ac20bc5ab6d73e47e6ae7904336e4f6bc56d692691b4219d851ade1d8222b0777432c1b85b93a
37c6b9cdb5036fd6800cc8fbeb7c905f41ee93a40005d28575609276d5e019c2eb872a47063cfc29054bfe268b0e7d2329e8b4039eae8992ddbc64e87e75fb0a2bb919a8951d021fe86bf24af7be54ed,2dc98215efb818452ec3f4e731c6ab9d8316f2f80a082f3ff4acbb21466a2264fc14ed49cc41a0011b3795f30c719e293737391d73487c4b5bb5cb13c4b7e3dd46d52bdac02dbf89248e58d8c919e5b5a1b2c30e4be367280df54a053d1ff84035e764ea4b2eab0f362c9a96d97636f878e559ecd2dea93d7efb8bbcd5cfeab1
b0a1ba2129b777f9bc341cee6466f2f2d83e562bce33126e289ad42715e2f38e42d78fe75602c623f74692c3d3c034bac02d91ab67080d5d1d956cea7dc368f3cd1db87de91a1728c447a653b6d4c5c7,17d69a06870cf518325caac5085ab263611b87587a7d0f382e3932aff860a8b628ccf07bc19b3a53db9520f0969991b771798f01fea3709c3027400b64a37358a9fb6812de6bdc869802c64a99eac67b792b3585dcd1197b3a09b7c49324f3c7f48b78aea1a26daa0aa29905a65a874132dc31a2dca8da51bf883d0eae345fd1
4c797ddaf6eca00a93d01364ffd0bfc53463aeb613a5e4ed33e961b7cfb1539c386c57592e83b9ba6fea7bd5d90e80e34c61fcafa6f8498dcc8741318eab6c2f7fea7922755920455ad810428fc1176e,92f280e9ee9861d1c5549101361afc9ccb352d3b3d03ad6d9c39305ee98d319c1b1fec6069b4d92e9014c042af5d5cfcfbf31f66e360b7dc7c6c37e863814ae22d6018cba8f39a2766ab883f083d712abcaa78e21965a6bf33732477f5e1796f9c41988b1253d942a6b6f76d0e6cb88eafeacf2c509de961c0a43cf247c53bfe
fc9d25b4db6e2f37bf3d0e04e599c53b36854cf4add7a59721bdbdcb5f0c96c7ef0363e3c71ec25876727c8d9f080ab3fa24c96c47cc7418a5e1b0cdb4f8f5a788065db078faa97a1df5dfc0552874a3,59c03162287aec6ad747f0e737debc0889b5eff6fa09b3d080854ad66455d90bcda56d43fa930b076ea8aa112d83637a6b78e3b9e2ab88d9d1217bbd19b2f52366963fb98608a53d343663b8bdd26172c924d9d962f47d12f8a5b81a4c8f9f0ef9cd82a5f0f24d2b1c43401bfb7a4c1b1182414f5be631f814532ff05cf424
9d2ad29f370a76780f4e23f08143b98dd402b07f4188d391b76c23f107a24de043347eca3de2e8f1d23225f2fffcffd33b6cb0677be389150d1e07edac51e28369ad5dc4ccc5cb899c4fe5b0e52eff8c,3a8e9e944099b5c7cb6846c4464dcc72436485d2f09992ef213cdf7d6790f3df8a1f8f5c7b73c5e9462c4aa2a60afbd437c56253422b5482bd76a449e36d0baf0f14f3212cdadbd0c9c63083637bd887aa482e7cf33f4ee719fd9d591fbf4980c2b5564b5ea1a8cc82d42782cdd6660b40dd18ef7d8af471af6a52f736b12fd
a40c0ce1c0bf416cb140a9bc4fe84c99a946e265e7aa1764aea2c7707af90de78192620170abea7f6c615f8701b3be5e703c50e459eb25c277e86fceb155d824bb6b67b04656fb9cc493ce84d05fcd06,9bf089017987eacd5f81eeb78cc75eb6e59a3b352001298301be71fe51f4bb7d691cca4f95a32aaa932592d03a100e7d1434a4d7a8fee4686a7f7b7291a9d785ee255aea3d2d2607bec8609185812a8e1d880babc8e59ed326b1352d04ad57666e8ac9a8dcf3891502a16d89becf30f7a1ea5919e5dc64a5674a3517df9a9ff0
ff0a7e5a99adcadf8dc786bb6fb0e8d30a6139c2091655d22a7e708fa7d32db4436ca0aa951dad2d25d559b005ac14eff04c50731c5f9dca9105e4c1fe09465a2784cf539fb2055a80d8ae505f1b6fa0,5d1fe3ce3d6b5609d7fdb955e51a0c457df35fe0bf41a13e894b688ac89f8401bbd79080aaac775e95371fd17df863dcb5c283e68756240ef123d4fb7bb71ddb9bf64961917726da4a7a61056591f7e2a38050294083b2046bb66af8e9a57c9fab30a297a069896c9c4f09859cfa04225526f6b0af7e0a3c7060bf0484a96f3c
78db21712f74557e1600184b3dc251c6141a1071c46041d1e2bf06da3f9ea8cf6067ba78daa97ac3277f749591c270fd31c9853976cd6d11ee69cffc3717e1ec224a1fdbb075603b052806533d578e16,4762fe046cc4dc09b7f6e0f35f8f40cc73c511276503fde4d7a42ca05e4e052532865d29f19605b741c847b4d45db0297e4024a389e738bca42cb5c2d7ab1da5efb038a1f0c5127c4ee83ba152df96fe477757d81ba3a536c1df958674f20c2fc06952be3b6513b0f4ba5ce40a47b29ea5bbec48078536b42a90889979bf6eaa
8cedf534fde033afc3d82acc1ffce79157e64e2f105bb6216f8d143a3a8b4c58d5a246adc413435dc9b45fb2ceb2d799da64d75ce790021ec3dd3695e1f41a9c766847e5308053ddf7d992526739b255,3dfb035e4596c95636c2cc0d109c3c7dbc1b50153126272e81f1b6373314b72159cf1a7c9f463e5171f18586993a711cb89833b3ee54993b9712e90a6b693a9b25226bd76034282d93c7e770b440a95e29a02237622b4e12791ad5d5c04789021c023a9fe072f5ccd225d4db114d437a0d3ee43927f8953848b8a7e86933bb1
169d348466cab4bea120597275bbb6e5ff05a4660aa265890e0078b73196154f00ab549b31834131a6b72a1cc819363afdb60737b7a43684fd3388387e2e0311f9474ed05d7ae89cd117dc4da4c0a1b1,93ce962b35f54b3510705f1c66790f65fb5fb355b8da469bc510124939606e1d15d1dcd6fccd3fa7546f302847df668bb3c48dc8c72ee9dc9b200c3838383fe0b74dda95710c342f47c1d25cb67922d50831706935de567531e99d7c3cfd1ecf3dd74c345d396c9de5b2e7d633262adf51dcf713d8dab4ae4cc0a8b107cdd95a
469fdc1296f879ed2adebef1f5c98d8597a8d333a34aedc47a7c903cb155fadb3345312258113b641a834ed9485caea52b23516e03048ea1a2fae4b61c70af785183a3ede3bcfb4577c5b97bf7b837c3,2451d2f25025ee1ea32f08359840c60f4984a3776fc084e87f1dac36398c38d4db06eec506817beadfb2433ada6702f861e41a652e98bb5812502b55ef62289d542302f46a898cd3a8d284751c6b77fa9b87e39aafbeb61b16dfce9c5e3a6e292cd83595ded598e1f652544113490569a278dcfc94341ec28c22f46e498f591
cdf3f56bc86900026c4e5b5d06a9a120cb44ddca18350c14ae79e30c1f704dc7bf71984784dc043402cb958120d8413821da24dc6c3c73d6af96f7757c520afb104d75d4d22cc1462ad26d84c8d86629,4fd175e14744f5dd26cb23e679b6ae7b826a4e66e490a02a68a65b4bf4a0490802db4241c4a377623bf713e25765c28447bbd27364b4b68b7d8ace65a8bf1b05df087b7b79cd0e1477e0871f72b658955c7df23b218c1475b2f2649b907b31161e49b98c7cb3df9cd177e330173abe8cff5efefb4b41206ea6be466425ed5f4a
ef62294e8eb2cae8ce8c23243b031813baa2955723d2ccf60f8de256ee3f85bc4e7e2c87b1203aefd785c1d8613393d013b0ce3d6652d0b2d0b4a4032b20c58bb6b952343a44332abbff4f9e4032cf41,121291df4e54ce2081c0f500e8ba61a68bd7858e4cad5d7519ccea2f34791bdcf951f8c012b20d97cdf7e770b8012f2f08369bd15d502af7bc7a6f0951a69a68d1f07dff25ba661d1c477690a22801721368b79b9c4edf1abd2ad2bc3e40eaa0348abea17b2c89093528f279ce315e868db8ff9611e4f92ac017896ae70ea3fd
9b8a664d5386a17a67f4d077af60b303052030909647493de7d0f17cb0876d1473655c235101cdfd22ccc6443ed38897c127ef5f74609e05c5b07596c91ead50b7da5d8c0efc164aa1b3540eb39060ad,c141cc8ef691c7b7b09b7cc8cbabee89d6f1b0ae21c1b405a47a10da598a0b6de1e7785a5f856f5d1fe99b27ed1ef58f9553edb8a382395c5bd3d92dd214fd0889348a5f7ec0e660163d28fe0af2ccbc042aefae3a587a57b228a6c014f56c640fb4d08b4aa00e19ff02eeec44286b961a2a7f8bbf0716370408c4cd6deb8a56
fbb028a65450df89b73be9d5ce26172f12827909b8cbb7f50437288eb923d5121ed62f82a37f49530b96417145962fe41f6e495ca5ddb16185bd770c220906a946e2c781e8a6a739f47af87ecbbccda8,972c4e415e05a569bb081d4309dddb9140b8937db4554b3b2de8eda2161747e9bd0ac55614ae387e675c4a220d802247b9bf2fa03d33b94cc887058893412e6d190b9cbbb6df7a479ccedbba7eaa1909ee555bf636a47b74aad127206b8b5e3014f8a9000bb629fd0a7de6e4d963478cb20dcb2ad34600e34f964c0cf73998a3
3b0f05a8b373d6d074acc23b39b73fe9b1de5634008dc22a344535a3157be2bbdc8db09c65c25b1aa0cf4e7f4db5b6928cdf8aba41e1f1641f2e7bd9a4bb9e1e1b3c62a7ac8adfb499f5396ae2304f5c,528caa39fc9b84a30996b5f9840da3502502b048876dbab6e181b4e315c227893b79a1114ac6ff160cabccebc4de55669599b9a398d0eea23bc1bda9408a5e68f5f041a92eb7b9cceeda38efac41176628dcfbafd99c524c5c8b8125908c0cb90ad2c4dbba32f045cb790a9b313c726c4fc2da2b3063f1c8c20b225a8bab1c67
d3aa26a066d45dc8bf145b939506d8cfc7b7c30bf3262278970dee3113d00ce736110f4da8c434c842390d09a43dc3147a62fd9d4ae0213e2e0676d2eb76a54d84e0fae25304523239501c3b7a28b12f,5d08e1fdb8833edf805b959d583d1122d020e46f95034748a0b3efe8885d8f84dcc2727a2a784617cb94d674ba16eb21cabfa0572548a29f2795f4ad1e71bb41af76855fe030ed094b1b1443886f7a56fb0d5d409868a544767cda22dd3da8d62d5e188dd690a1d79ef3bb13f41944eeb8aa9e5bf223c17c6933ed02e9d0aef2
2240c01877d4ac7f5bbf8b7a1ffdbc97ac5ed8eca4ab28ddf08db167660b88bf88660dcbe04e8808204191e0beb451c6e02b5f692bda69c2c6b359500b725ae1b52d3b25a48d380c0a1ca50c1735c35b,bef4372932d805bcedf0ed9e1af6abeb57c94ac6f34f27a47629f821e9007c5d7e371142006df236a5def3d51d73a1c4bdff34f2b9bf0381cbc0414a0dac1beeb66485f19803b1433d61be0c741ab70ec361551a39f117330ba8c7d38b01c19825768df459b1c2533632ca9d36e16077bda2d270c7b7c10fca37369cba5552f3
fd59db6bcaa22933facd294a23cbf6ff6ad528e01538c47e1a3c4f2f4edca92b8248259131b9873df400644292c7114199708281687cb114e4893eae31c92f512ff299b8b1992128bf738292c1ebb018,574b5402627a193437aa7d619f7e131761684a132bd30a27d3f34929c188d30159553ab76981b7fbb92a05feb0516ea635cb19439cc530e54ba9e59419f56bd0b4209c61c052aed8eba763c63974ac4bbb878c9d92c1b396d86f95d02db8478450a94fa34395762dfdb17c40945cfc53c868b4d79392eae9ac74c7a296753c6b
05f6f668ca3ec4f2ff1dbaeadcbefbf8e51493fd221019e904639cca199906a6bfab979d821854b7df3b9a17a37daddd1c4b4b74aa4e8ddec8af221411fdc3a89f827ac2e0ce0d2445e3c4fc22eb06d4,44132c853b64ea269b8a3cdf0534e07ca0f6c3300be7b32265a410bf9b591f4529cc3273cd9756d78031b909938d52eb88d6be0eccf96e7ebda99108bda0cb451620960f860df11e2fce586be10bf24a35b065e26766e8180539a666b3c4742f3410c6afdb7f9194de2cd2a3a843690f5db53ba6bbb963efd824ab1e00cfa2b
ae613781c706e5c47517837841e14c55a40d2cec8524ee4066140b5030282e4bd55b6e2219f5f955802e5a3343e54492a42e30d68b16717baf3b4473e1f4dac5beaea306018d9f8fd1806e16e4721631,1675447491237a0c83feaca30914a01c5b39eb0a3625abb78ec58f0b47e88b0ae6011f2981a36185e970d7195273c58597f22e955e1150d97e1813b421d2336066a4af553e710ea8c6b326baea11614a4d0d034fb30d3e7a71a3a9fa41f79c077a5ddd506720d31576f26a7ea0819cad42e22f2de626d8f43bf00737d2d22f62
5d44b6aaac5d589159aebbe4e29620c40e36658aa6ed845e4c0301b4667fc293a5897b7478e25f98e3555f36f8710cc1350c4ac7a865a9267cea9c230d4c04c35abd71c0541271d4fa264dfa727d2ebd,a7e05d76c16321ac7bb50db3ddefe907ac87dbc834420bcff349deb49f7a509ea925e11e3fb0d9df8f3e237b1ffa515c710bd1ef451e01a8d3280494ce4e9547a1c8424875817fc3f046012e1229a1877aebce97b1697615e1ec47b8016ca9f4627e1b6b379b000b641d3900b76928364c1c524da844ec5ce09064f0871c6bae
09cb72ffc57e94011042ec93eb167f7c1c0b5c01981fc53f1011e19fe535a77f18bb0d42d635ac22dcec3878eac5e66c65982bccab88393feda418764eb14cdafc1a463e7f7028142fdf370601d0efaf,c2b8140f095b1e56b7cc8363121b4156e16a6b484819df4954023533ed39b200ab5406c89c379fde894cc182452de6d30064b454b856a09d0c52467882d97d6cf980ef8c4b01e04baefb5879dfd63a5e3de5872acd4878b2d3bd7785192ef992defc233fd8171bd488be93b745261fd4adf8fb49426d471a91f313f5147a57b5
1b37d186908da7907c8ac819593f94c37b86b985130a8c6b3dd45ae3c6b61d29bc12b2e2b12ac3db6db13122167ab2fd6ec46cb42bc016db8b48f2a1f4105eb695f965f7c3ba55e4fb6d7a9c51f29c10,3d5549a9284a8bbc3b429d2f3042e2eee523a284fbd48bd4925134979f1ee90e7d4dfd4b6447b12315b7bc2011ca87a5294cf12336a410621cecbca664efefa95b34942688470bbd972569d0fcc9f84bd9258282e84e63c1df9490b02be2917a55c324dc13e6b22b8b1194d452bb27cbc9786a3df2ccbedc32b50b24602ce099
d9cce40d59b8624c16af0d1eb81dd05872a45decbb2bef96b14dab161df196d142db78f8e7390cf8fa9d3330ce89dea1cd23bd28570e9d95bc2e39cb9f08104dae3e9e67a37d5a8ccc033551ba58cf29,c166bf762b810828d239ec3dff81a7089d8f6939d309486c0eaab01a827132effe7dc6e00f86bdd4dca3819dc13b56498535a1ea97049d8b59f09f840b03e50c10051403892a7297747ff23dfd2aa299331741ca71fdcb39bec9146b14cadc04d9fd87be1de88da548e2579e0bda9fb616c74f7fa43e54484cd2c82e65d48d5c
deb7bb74d4f9785be534d8097273b9e3792429b327a932efae40bd0637e7a158b2e854309cd3c999af7d0e8864a19051ee1e9a64bd3662cc475b0375ef59fe80c590e8eb359cb4bfe79139740660fd44,438db04a464b6ad09c91158ee4d6e394f639801b8adef2d144bb317d9590dfcbfdbd5e2ebb2b54b4071a67e6559e14d0ffbeccfcb50ad64846f94ed3fc459b597531a5c0ac04de6f91c9a12482d6eb35293ad223311912ea2d592e07eba2a4cfa411f077eec38664f9c27c7add73dd7260bac76e60f6b237be400e5c53781a8a
acaae23864bba3592742dd0cd05a901abaed9024a6e7aa51f11cd45da8b6d9da7cc562ed30960c35e2d1af2d3d823de5ef685f1d82e7ea048b0f55b0096af0791fb5336311feecc8153a7a7285f59dab,9e4ec13fc0ade6a768d4a542853fe1f05be372188e2317e77c2424c0c70eda77eccd69925631764ffb4d55de5930e5d54b0d44a4e7c910d375579c7a085c6c19b4a4fc68b55905bf1c9c4fb1fddcfac78075b9d4b31451d490856550b49ddbf7af8c5eb72935f5fdacf5affdf8f82c09e36b56d799112989011e9c0d3c30afe
74cabdb98cfb47ad1142c13324a9b183d4f55a7ac9df84a2a6fda90ec58f778c46069c76536de1f4d4f2d04181d798f94f9fd6e707895d523315bc8c6ef94d64fa249f33d0be7d0c156b255e73792dc3,5db4e92272a35e159c746cd7f112511ee2db23105728bd8c605a72a23eb11bfda304c1562647702961e0e4c75de8f5cea012520d86a6e5222037d2997e369c30d6b332fe7559467fa3bdf191738500b6b794c6f334aed2afed649cdcdff5f59e07956e36ae03257f631a7f4a93683ce841f8a36a688ad622c39e92e8f5927411
68ad44491c0ace67bd94653ac7aed8d3f30c2b82ac88250b9ed1b7a82d27cd30a5e4803e10d7be3ba35c368f6501e9d5c8a306e36d19d5fb209a5ff934e59954edb392c6b9384db85c5c224d9905c499,9725bc2371852033f42151ac134c4204eac57c0306659d5be244cda96fe9867641357ece251677c5891ca81cc749b27be1938826d9aa073e43d5e1b1f54440e8bf76d7247c11bc051d03bfdba50d7e778b359f1990d64b6c69e7a65ea4487f986120b66e07dcbc8c8e4a66b728ce7b2d3ed19f51f634fc4bfffc6ae68d610c43
576ad037bdc4223638dccdbbd7c7a72dae8b39d363dce88d7de87efacbe705ae2f830212a38ec4dfa81d60f5476592cf043d27118e030b275631c3a03134c341c3a7b79f4a35d43dfd4b0d89b599ba43,b9a7d1cd9435a7a7f2f62fa1047908bc24ae2663725e34daf72fa92bb541577853389cad4ccf0c3d8b9ebadfc1aacace5416547cb8c5a193fb38b5a31a8dda67b051e3914afb288abdbf097fd39b5e93b49aa6a847a66a24238c62b06b6d8f4a5ca3a04d164803217662c9eee89ae8f105d72221b1e1bc0a2087283d8a268dd
69ced7113305bb417bb46b0c0f512e842fe7119f3bca4ef17069bfc882e28675a54ccadd094d01501f08035bf34d66291dc06bf21706e6db299cedaf8aa1b57456713f1b03425e298e7d630c25767f07,78fb5c5a35fc9f5dcd335305fd155bdadcf70b9e5e35076435b3b6c3076d5e43f12a926b523f6d4c952e6b6876e0c6ac24170742856495af578c44e5f6755c154c6f6fbf184db6451e8b87476e00af6c9fa43214a33cd828e4b4fa8ef4027dd4768b9aeb48e0a64eda7d6ff5da0208300f684bcef504f3e0036e2de0fe6feec4
0df1cc0b017b061007e4ac5b75bbd1c444e829bd810682ec7f57224184c217e9647a28d0551adaf038a547830fedd9e1b843dc90a65c6a9ddc5ecb4daaac935df8f283aa1c270843ac313d2b5d1a8360,baa48f1e59696191c54c8969e38a03ff2fea662fbd85a89c8766c045cfd3aae5219ef4423f793d727555b5cbd29a6480d1ec66c6ed15e1676c4384a8f0dd21094eef297f2328dff88d994225c2233f95e8f6f8ab7132806fb3b1c812c63d09e0f09ee7907f1bf8b5caf0a9e7dc1ba35b3030dd38da6965908fb7c75e9b2ce13e
ac5839384feb986f02bd715b8bb99f3bb49c57c9fde7e61048bb6dc5ebddfa4064d6d16c59e146005399d8e2597c421cd79721f78c5f934f04b9113fee55c30f26c417abbca232e5ba8776bdef4552a1,c504c3583fd16bc6272c232b2fe2d08f796f65577c1d9e0ba525b6a02a8670402a3b706f448f58e75cf6aa748fdf10863dfa16f0662d68911e85856239fe6a49f65a60336f60a8e943ce23a8b032909df94dee5fd71fc2c6926d07b0f5803fb29a35e3286841266a7930433ba9cde1635aa923410c6fc9109349ec9bda510890
03d1ba5ba9f2040d5b04919e7e7b79f0a2e644a2acacc1fb87fbbfe674fa0cbbdddd9e3219d8712f6fd1e36d0e9febd66d4a696a305740a07e5a95efdea9b38f834a34a3b62e82f9bdbf91c842fa21cd,598ac65b1cafcfaa85072cfb114db7fe19d5469625710726d698eeac54be1b50956fadd287306f254d6ec425ba95ad7027c88e1a24388e3c8aa6f709dc3e8cb9b0145996991feac72866b2ac90641eec53ffad49b37996e19e7b55e9531e726fea3f65a9d09d2b78b189d09567818e5ee296d18a8e8518e53e5d37c917e4cf97
0958ff5a7dac64ccf9c28c5f035f0a72c61631833c6d2a90f6490e7ceadda035c6855b69cfc54c209b1352a328ebe521a8ad03e4ad51d090a3183d01be81b99fbfb0d0f3ff5228e23da24512b79a7b8a,4c241a25d58f27305967d11d1fbe328b25dec344363197d8b810b60ee2b7b5a20a374912b2443192af8c222a79aeb96d5c804de749d1cdcafbc8c36fd1db91a4729b6a09b9c10ad2addd5a2542f39f03660ae032cdd6b1834b68b40d698a3b112bded3059d56097b5abc3332b2b63ba2c0c7c2baef59bb11c3636723160760ae
0944f737f895e5a2e884db6889832b9273b498969084ce94f6ce13a9796012bec9b6da6f0ab9448c6c6dfe770911a57ef5faeb78f590c7032de028f118925e73b1d0c25b9032a65f188a570dec97613b,6c07d24a5ce132dbb4bcc337315ebaf6be5151ca01e9a1b77d8b1d207093389ae3d961af5b97a9c4efed3f40f70db31a759eef52acba6adf40005cfa80f5388e0f428bc09a6538c5b0ea095507e7ea6867243ba7b799e155d8eb0ab8f63ab98c95dfe066a5e6a270f180faa13132045d3a82ed2945a7b60587738176a10fd340
d2448d2ed1ac41158205985a6692fbeee0430a3490ea1a4d17fe09a15c2120258e7caa50d7ef4c6f0a129ac96174157f8e6d113ae64fb18b654cbd90f0436b85fe1f6ff1913ddf3a5a8a80975198e7b6,a1b189de4ffb3ffcecac3b8d7061f7b2bccf315edbac30dc004f797e5cc172bb93485ecfba61d1d0057bf97498777f36e95bfb19dc16414c741eab2fc925271e49549458a54ecda5f271dcebbfe9d602494785722fc68753128829554cbb4a7996dd5bd89d99a192fdddc81560bb98f8a0b4fe3cb550895f60bcb6c794169803
0e4dff6178db711a9511d6f5ff2d78013be9247139b4efb8157720f6dcf30465782e479deb4c4bc7cbdb83eaafe2f6b4b6f9ae2d118881d50915721d6a83a7ec7d99851c6f7fea4e144d4ebffa1c035f,34c7008e08a009c72a4fd247e08b69edb2b22e667b69600e62eaff994a170bf5220e4c2286eed5d2b8f004d3235948ff8f150de5fbccd5e2b5be4278f44c9228003bd216d78f4b57b8bf40786452e26d0874672f5bc7d38d02bff1a5c1a013e0360088e9729123c785438a2aa5d191ce9bb3547e7b165e452e2bc5ba8881800b
1db4c11b1f3b77df5c0dfa337df3d63aa95c44a0065044f1dc381affeccb77e6d45e68321b306ce91eaed0f0675c6c833fdd2df9c05de40363836adf1703c5e02551f103baffa34b85e5609f14ec2ead,9765b8aa32f3d0a9fcc850d6d0b6dc820c33bf59a820ce092d403337e7aa365ba43a3a4732dead6664fd726fa4b880285c5190751e1eb1d0ef20040ddbff844842222a53915cea4cc5f862185d6b9f17c1209830e64fda970beb88334c6aa10da862e1eee521c797cf8570481de460b506ad5b6904f7e38cb757a6991ea052af
cef48a3dacc88d48221f08837731e48dc03a168e9fa362b16fe71ea4308bc5862c389c7739179af9fd1f1030e6fd71554ca4b84ea71cde1ab0a94e38584d7f75a5bcead3a4b37e0c03cd7441413d61e2,468dc6c553577eda43ea50970cd364c1f4535c6d9c3f45204fdc2734e46497471f93cbc9db798c6f57f0d25529b223bc786f7910991bba2fc54657317c449de7e4807361eb916411ea00071ce95454042422a492e0019e608190702835563bec8352c18b11f6ab0d36cb2e6b8f990c9bcb4604bb3ea6cbc0465528302d89dc43
328226049520fce122161fbcb5d27b426103ae02259c9890d879610f150e4a5d620397be423ba7c4ea4238c2e52ce1325bfaafb4df57d227f05937e69b087fc49340b9f55bf6bde4daad057d982b0993,5887b0921b6376fc952b6a9c9576fdcd1ac87a5ef1824d89ca60422960a63ef9f0afeeed08ae6a9e5ed8383321c57bc16603e9b07736974314919319e66ac03e32d2364ed6de1ac4df5c8131e1b0575f1f8685e9fb9f1208a106104deffb653d7fc51a1baa808c01d49fa07562f3c2c40743619ff6b991ee07df617f92d463a2
40d47d37ae052855e86bcdff0ec89dbf52890af0ec908d27aa6bf8c29b6acc33c9b59ab930f0356e141c98129827027838c65f1c50ae5df517be0c07994d355ef0c4ade9541433004ce3e164c945288f,989ed38881d4db16a1a0c33c0e341d8b6e83f6e8c450902b67448f7dd1431495eaff43b0ffb6d010c7e4fd176de060f343613356d69749efaece61bf4be86c7273a933ba7c7f9c0d160b3d430c22bc66f61f694f9e14fd3ddeadabcae76fb81888f5cf99c3e0494c268adcffbc6ff96e5e67b9a5793bd0faf5f071c35f88dfdd
4cabce6508aa4dca431d4a320d7d21225400378e208ce5a133c6ad0b2853a07aa31e051125bf4fd83060b7a6aaccbb3ce18b84aa62268cc202495b0a56365ce77988980ef4fd46901d715224916f4838,21fd138325add082b195defe454b8cfa8fa9655c7b3b80aaf2fbc1ed37515903691498d089ed9be8d01e0fc33364f6b8c383655d1606f499fa7fcf8fe41b7659c4e826c0d52caa7129efc2595b2d3400aa212cc06621fefe160f7ec226886a171a46941f6be8a2641d7346dabd0b13cac2de0cee600ae33d61a63d2011274d4f
2cf941cda651b0b6eb0b616b5f077c23eb60241828a18f1c4d569628e9c06f0ba5a15cfc18ab4bb0c735a43403e61a4d49981a1fd7f5988b3eea0fb1621b342207b4747d15882ec05080b3e41bba86c8,119c36b7106d85bd6a3a70c89c0dfe28f0d420c0f0c4e9c636d2bfb27bdc062505103c812810fc11765f7defdf550e712087f54f033f0314e5a2745b0669b7aa14d1cd36a43cbfc53acfbae4a15f795910897e2292dddf252aaedddc478af51b853daf9695edba5ee15ec74aad90c028a086938ba858e9dce758433745f6d9e1
a52aff56751d97415286d88137304c22aa4c963bff02a4dd094a8c9f1a23993a501f9acbcaa26630155f03eb692a5f93a9651dcb9a76bc8abe3e947038235672e1d414e42122255fac1410ee277371d8,35a6125066ad13e471eafbbf2eaa08304da7f6c534874ec47491da5eba09e70125a8d1f3d8420147d75c94e3cc34a99a27775291e8b77071b1af8eade5ae96fdf5a0c655bb5568dce207b624b1b6ee99d67cc8395587107a1720769ea90cb5020c7179890f0be4d1752ec32edf8209ba24cf79f36331bf73b0b4d89ddafda819
aa86df7a126dfa87569852919c6a6d3ff8a9c1020671233451f914179ac698fb7e3db3255cc478be7bb38e181ea96d3bfca6bd041c6bee92390f2a529dd97fb42c38de1d145563b434c0f3f79487e179,68e91cf33706854bdd9017813b85c1fc7d4f77d87f5f2c8ffeda8586ab41f0cc26c10fff5f33315a1b7893c581415cc9af6ec20272bf9a86a621d3e9ac3f739a875455867136b54c5fcbcbad34ef75bfc45857859bdeba08ffab59a6f47d7589a29c9bf3b54c76700837b0bcd90fd557266d7ff3cf850e4a93c43b1f185b6e59
059028e17e9948a51ae53752ad1f3697b0dc2c372a50dc1d5bda1b5fdeb2189d35e6c606cc93358f63850923c906b3f8f738957a8b6d6b15078bce9b01b08fe56ae2547ace7f92e2a975378131a975e3,822a8fbf20f1fb3d86af2cb7db8aca0a6eebac2391d3f19c61be1c4defe74fd2447275bc991055ab4be49a8a033c4129e02a115ab667b927cd13b91f08feaca7786cdcf0845534f26d3804d47c45e775c8fcbff0a76e36ed3adb82d81b9601f794be44e939adcc2e3118b4a59d4cb5f8111de6ef11ea327fbc6b4750178676f3
ab25a26869271a8f0aa5a7ddee0eddc9254e8d7df9aa2045efba025eeca450c053ca514e6fa37c62f5ab6ed08f69799d5285a5069057329868e74ed34b56d290b2f43944846e77d4eb567fc7af8c4b15,319617db74cdf28d26c061e5424f9b6476767d0572ebb153394dee751df71367d17110c7cb832509cc30b05c60cedb779ef9c72104a638b3984459c08a1f5482406fa8bb5b2499c39045bbe668e503158ba98cbf4547f9d8bd5c14063d4f0188e0b16613ef88ba9e55178fdeb79bf34df2d53d41fb753a785540391625bbf5e8
10ebc9d40ac743375c8a7521816d4de527f31751cdc25fb7bf35b4bedb2088c3629917d7e770baf7cf630133ea2ef723a67a6feec5114dde5ca072b9d16a659b488c8c80861a38aac007ffadf2cf0ce1,18e07861f1fec86ec8a3e4f6901bae380280123ff7614c6097f13a103d6ad6c105495fc9e3f984a3c49a9bca8ad116f1729308799150424e9c39591981085e79f23669625cc17a017194e655beeb5f19772a7691b873a489a20c4bdb0e44a27b981306d508ddc2469e0d6d30aa627808c5b649c0bb97b5397dda91dc17c423fb
21b47f3fff09e377b0e557fcbc17a04aa688855e21f350f49b1f0b176cb9bd70d70e746415093dbab74953f3fa30dbcad177340a186bacd1156a5637e5ccdaf17d4bd9595c6700722f7c5ea110e6d6fe,5a0cd0f47c4a3ed773e1c7eb4bc4ce9e3a8e7b8b7ea2545c4cd6ed12bb28dfc3c894fa7ec4250ecd988bb03f64b8485fa04e90ee6f887700e6d2c4ff0e97fcfae4a193055a638866dc60d8f787d84fa8abe1c8ab7709bb91dd630b46c73aec9bc64efc01822060776c9294f743a3f0216958cc82780476c0a35def5db03fb475
2689dd8768d07f9fa8dec0c6b67f5d8892cf6e2599119fb095ef44299a694f40ca4289979e4d2e45a2dd54c483848a7d7faad097b744faed3c2b5c1cf36a59b662958089d037893a8c3b1ab41a213fbd,2c76470882cf8d77cb5507030acfb81f7bd893875d3e9c7ee473885ccb65e180115bd0ac75358625991c690830a563eab3740238488954df6518b618999d6b1e4f6f6334e3d2585d2baae4a3da02cab75c3e8d51f74d132815e224b73a87e8e178e9b8699d4fa87dba7f1d0d6a4c772093cee63597db9b3a225f9b31b8463f79
25559c5f3d6ba0420dbe2efccefdecf123239fd621330174250dcddf12f82c2205cee1b4dca042d6566d4b5f0e0c8937867dc283dd62bfb3644990e466f0ab05997e39f1c99d716ff91ff89f5f3cee7a,684bd4365014255aa015d0118f29313be234b59daf3bf89520d882f0f7941959e811dc42e66f84affaaee762cdb58ff748f910accc6443440f52f9cfd3b65040d61460889c2e76c5a370156a03d306705d2128c1211da52fd44054b971c95f896d47459a843d28ce953eff142cd92be31c5b18a8cb8c0034029015fadb79e1c9
4c0656d05350d77ec4f886addc414c9fa62c7dda0c3b823786a2ba853bf9add08d72df9c42dc7328fe1b20abfff24ef70b2bf06606d360db35920e99b54e4149f08f14c609e5eb1d1d9963f8cd05c44a,f4d9c9b7d2bd96c0605076815a475e200b8ba0954dc543cc00b54fcf71860d626b13f7a2df6ee052907bc520e587ac10f90983ef88975209bed402adf699cc94ec55caa8f4dd8b22dac9cf51265740ffd943603d4b053d02c1a9b7cf58fca1ef644ae2120ef28b534a2e32fd82e757eafb7fe4d3071a6e103b3c9b5bd672970
59d3bf53b8f121d43e4e4745c5cac99b3b0a1fa67b827785385eb121ca19a781ca37cab6b8c75a1bf2527f8838a092c925180c1766a119165f4a961d61318b284e1ff370fed7a96d0d2ae3a3a3723b59,9685a63969f3084c7e94f7d9336db1d62d39c76d33d115be73c7c773a140e9f9d25418483cc377ac9167265ebfeac793719b9923694ac68c323232ff9c7ce0a79cae3300fa367d439570e4f1f093bc6f817060705eba22b69f5f84688db37b7f76f1ac33b723947c3beb2c5a06d2aad445a30499642f7076447dfd3d489fe4f
d8e56ea70f0c8b9dea6580174730038771614ae61b85d1edc87beea1f317cae94708d5eb64936f6cc0318c0c4e233c3b00c8034ef0fa175ccbc070c837bf330c55483605939ab916124dc22ac65351ce,26e6de64fb360b6221e6b59f64418da9a50dfc564475b90c7c1a9e865b96a3df9be25930c44a2a3eff9a95eb44e5bb57f504b64a3e9c51210157d2d27bc66617726dacd9ede69eb4416926bfe1a6bdaba79c390a42af7092806f4c66bb62b50a282bbb217e0191eab40f61573c26c684df03de622ac3963eb42070083f6e4586
04d832a8e83638170e56a97c5af073e9d64b6c44a74421fab2f1e4376bda4c7f1baa5f3d7bad5a01abd170cac15fa0812f2fa528ebd99bc5871e7b9ea1d1d528605f5ae425220f5c8066350c58add58a,8314c313327721bb139195d94100f7716758b43b5d46d2160c63216447ea3ec31e116e68fd6a16dbbfcb74435e64054b96c29f4032e0674aa8ffc1e1822d4f549848b8e7ea0d74dc215b75ba6ef6ffcf53ac457ac3231133b6024bdf177b231bb2dc4597677de684c892faf79928fa4ffca0bb3d6960b7a854b25c187ecb6bad
e77fb0706aa36e742816aa88236888dcbae8aff9315cece277b69d97d7916fee0ac0a8171268d9470337ba8b2ecb44096179a0b73ce408767e6537e8671ef5c4145bd85410baf2ad6d336303dcd6a136,8b7f6200e896d493352f3a210150b5e640a3055e2d33ad4e3effba50ae5c624596be1394fe3efd3c44e4f295d1c0b87af03a94ab549ccbe274c15fb4abc81978b94fa53889a55dd32423e2323a5654bf1fcd9a5f057d46ecda46d109117cb8090d9684c0192778d0896b1574eb9d8d505b9c0b262d14f87b93d39af11ad8d454
c5bee2a4ec3856e90f3182711b26e030f0b9f7eab206151d7b1b94c392a4377315dc3c8837b5b10c8092c63321d0848ab4dd9f32a51a1d1e5a4c72bd8fb37db39576fd8788abbea1cc18d30b08dc7d0a,9722bfc50d72aba87cebececb5d404b1ab1710d9423d8aebb8656136e8dae079cfca4c30bb457221320a92803fc36448742e1671d32f47210cd96dc6a6c39530bd66132227ce86520f3095e9a27f1ae7e197c354607166b914896ec19ae7c6563c01173a5a2d7ad0cc33347647f5474eec0a03c53b9ab1eb43819163720a8f58
7543fb1d2906760aa4ff28d6e6cfa72678e22ffafc3d843ed84025caa68f0cc1d20653a2eca1550b9f8bfcfc57cb99a71ec73f457815c1743f740a254faa5d4127d40a4ad794688c69cc6d7f12342bcf,5e2eaf9addaa010294ce1aa6a1832c35c507094541c3e0eed7ca45a1dd2d43f6a1cb7b6f5252f8a39953f44a50f5da961a8b15e3ede4cc1db9e686318bf86edd0ae2f5278a3de569d2d72fb81f3a975567b4083473390e74a8e3ab8bfcacd6a115734b27a257b94a2d6396252e9ebb9f1ecb52979e9cbf5dd2eddccf8e4b5de8
f76e61246a0c4e89b4d88073629a6a5b1cad2945ec7db03e40b24aeb17d04afbb3c07663995937fc83dfd0699c12b8e4ef94625d4bae153fff415d4db79e06c299c5ca299e341112eb7728608abe643e,3a2761145807dba26f886416716dc59ccbb178a5d6cd3e79f3ced39a9c461bb49cf309f17ec093b58fbd14695e2f3dab7872a6e2f33c57302324fc32f93e47342848e2f83e5343da40d4113557eb6e17ccd6d3f345591c33a63dd4a5d36950e371ff5c0f0c1a77f50026ef4d0bddf1bca6159fba23fa8996c4b611db114baf0e
e3623c4702f4a3d399b26a969404a97f2f55cb6ef909499331f10402c695d8cb472d02bb659feed819425363802c7f2fef9ba1b5384d8dfbf33539f537b3ac6ffa359d3d15baa3d12e2cf2cbba0ea964,2621f15c44cdaa0237bef1e7699251fb30e9d335bc6e0d275bcf3608ea3361cd1c0dad36134bd5f7d0a33f68ebfd65bc8c7ec956308549ea9afc4c17b11264c37bce095bbb6ad8cea5957b9e73b7bb2322da0b920a505944e36c9d100c860cfa4eecc271578746de174df5df7cb3eddb538e91b2ae4a2236c504085f13679534
006d0e41f36de1df11104d5e88d97adb5bfc6c6d0433419c75c301a586b88124892df52e18892df05a8363dcc1c664d4f0a37d1e4218135b909a24517aa361f7f367a8fac0eb37bc648accd538d40fbf,68707f2a4c3613bbbde3801c98b72ff7e99eace4c047a4fb9383f38c92b565759b621039efe97b4549b4f0c2339748d188047ffdbe5ad010263a68698fdc6d070e275297c3b22ec6e53abc95ef7e60b5885e6419a60912207d8cd546373a7885b6c4937238585504b12f108583eea91f9d3243033e3931bfa90a5174aea535e0
8056e28eb1e27919297c94e16fb962cc7ae6d68617c2e5c1f0abdfb440788b5c9555fddf5d63d499ec796dedb1b6610ad9da63cfe2d41418da5d3e65b6d1dc72f6a329dec64a47d7fd4a36ba2ebfd750,3741f549dc104d0b803c45c51fccc4be731aec213b9382707738cbc6f44f8ff8fa212e2c69424077facc7fe8a45c7249c65f957bb8a49340f4c619574a86715e27c88c30968b25799c1257149e06065b8eb12f70a537675fbe730ded601b7bd5b04a6338330979fc8769b0f6e3461b7cf9ccada609d8c05d5df37ea2f2464ed0
787eed7975cf79f4b99cd62e9ab48f89ccf772a77962b5a133d848204614a0e16999c72720f1bf7003d7bf71dbe7f48b62d1a6dd0dabce0a4089f338ca30585f84e4a8fd5567feb103b7bcb4115864eb,973f057f895043797c106842d28ab6845835606b657a0fc693d5c30582adf42ecb597c41325b62c21e4ff6e5b754bc413f5b6e0cd321877f1c26487bff04128fde198a24a09e443382989e76a7bea30688d7bc85aa65b5d8cd0e9631ce0e7485e1648c8bdca4aa2fcb256320cd301f8d872af70f8857719cbfdb2f12bedee0b2
8c86c945640e2797174da96a28be47ed45711811974762593d7c33ce2ac13e3b61f9facdffeec0078cd15a0c9bb0315d9cf91127386f9a9b11fe869595692394862f03b98490ea09f88959216b28516a,7c97ffdec0e8b46035f85f024da5fd8300413c85ff8f024f1359219e52612182cbd61c81813da42d7185862943ca8eabd4450a3b8e68b11f30098f2ee6dddd3ad9957d8b7471a6b977f7d72dbe58b27d5e38ea60915645299c7e19e07b326babc618b10afc3f185b630590ac6a27da2f55f0ada97104d17086af2c8188316721
87bb1b95977893323d1f502df5b4f0fe46e55a0fa8f62f6f643064e5ca55c84ea9e8a44c46e18bed0cf28fc5154e6dd42419ca4eec48b6f825d8bb7dcc379f1f2db746092d20ec03e36673debde53b48,28f8d356cbeb4f340ab9dc990cd717ea9ec2e5ba498e0ed9b988f428cae4650e8705035d2a990b2f21e0006a83f9fb477a01d476e989d825446378e8f39d351c0ea66ff5dc6406a47231ba3837a602705499abd1ed2284be35d81177211d0ef26a9448bd26bfae07e6278db8d9b47734fb62eb0cdd02007bfd7f837685f62024
bab846d78847d2838ce42dc717eafbc890607246fc55d33c7e9cb3cde79291e301bd44f55ab46c1010a5cf029ba817995b5c7674995952e5f96165b42e5bca5f27bff621ff90f12f7c6174766568143d,b26d70bb8ce3acae150c8ae46b30a90ad7100130ae8e5d6365e66d5e7c94e65cd5df4ef6393f11bca5e24da4461b24324e75a7033038bfd2d2c75b7b4a3cef425a0a1719c9023e4ea9db477b77ef61ed90c1742c5e1e9506fc937808476c6755da0d8cf4b2657d5ebaaf5880e0dd1b17191a778cd91ee82f2dc40cee999f776a
321990bc0647e2912151a6d4b5a74eddd96faa2bbd782b3facf21cb714c0432f18caf94bd26f753fcf26659cb25a2812d800a1855c72133fab51c8acdee56697e371c3a9728eb31ac9c51b009dd7ebeb,aa01f0ced477561d8c6a09930b6d8932cc6eb6fc800dbb2dc611e4665baf11ca048e4d11b26cbc6512b90b72b946850be4c033ad0f2d88c7eaf0bb6a10ee9a9c86b0565c9be3939a05b29823aafbb404f56845e9f436b92636fdc448f01e4cf2c8133bdb20046bf7cf51b90fdde3ea04768c630342384105a4dec61f26cf08f5
03d735f5813464aeae61b3843585fd522116d63abfa6cb0b6a4106afd2fac2bc7ef6da3d2d8ab59a20edf26288e9021c6a1a5d823cf5a4f08eca8fe6e26f07e307518cc5c35d77bd4d41eac152c8c70d,49baf180035874114de7124c6a3cf58eb764d0b7f9cae946389b408cdcf1fd6179ef3f47147b6c7542d60085ad4d56493da276122ff322d53f03ea6625eba792e9e424dcb203242f8e9b8f28f4b383e5e56ebb7ba19d7e26b23062de0026041d32d44a24c7f5fb969649983b67dacd0b0769d3675dd0e7fffd74c86611366ed6
713e3ff56410609d14784eee0797f8c20d64ca2706747d4de8496febaaaa76adc961c496decb698f67d8d6f0206270587da3bdf2340a2abd01ff9cd2859635fc73f3d6ebf572c0b4cabc0ab2a931ddb7,25818508056b77d728ad1454595852ba8a43c4d2273e50ee53901b7e85abbd0ff93484be6a49e86c34c5f0b05002e549d3b5e0eaffb4323bbdfccfcb0c2bbb10f5a13369244b5ccac2bfb2a02c0ad2b42cd7e2ec13e29af92eeddaea4a5659b0f6c5329abba9cb10f1849aa982e4ecd593c865a9c2e0173c0d9fdc3fb40c2a2b
c2f6af25a0d9a215c58077f2f66ba71ed8f61d4555607495ae899e4c4ce18c04b5a0d170e0969748fc91a63e1673c2bdb7beaba80b4f5cedd603acddc84e5a0563defccd865c2d16ca6933eb5f2cc2c9,12e5ffce559cca8fb57253d90e57961d9e6c30b27e83d1d3ed0632c2011bc7b9f7620cc3d251d821fd5d31a1c489be79c621bc4fd0f435556be54700c95a484da29e3bd55a1e455ad059095135adc831a07388fd622372482e450d3233065c4c4bceefa21a4569c03d98519aba0023442ad5705524c508b9700e0d83e10caf2e
df8aa9a6e2a18c08688f8ef933146cfb8d60623b179b3b75024fcab55546b6195f39347ec71e55e9cedca0b21e4eb933af425951c9f33d104ed5b31463e1523218df5aaf387877a84f5ec65ee0461a55,6eaffb67176cfdc17601b88aa8aee688343b6fcdfff460e26f46ca2ba82fc55e63c5ff638e67ae850ab4fb86a86a6d6611dc99dcf9b68b05944d111d0c89baf13a78de4326fa78ef839f8ed5ef9c59bbe4a3c6c6a52c1282c5956c2c6789d99032a82687277a3704fb89855db6b1f5e73be8c5a47135bbaf39438dcdc394fb9b
a7c7165841d0fb5117747da494733e9366f4dfce116d441343c6001a4132ad8f07e95e125a6ad050ce79982e58c6dd176362333203caed33f379c0ae8b4f8701522cde5e26ebf5a4a1f00dfadf5d471e,6ffbd22bfaa78fb764d5c40b1b937e77180fc567d1973071c636add716a291368009753f779e6935fca38e41a5795dc8eb53f7cf9ac63c7e5e1eb198daf4343cde59d8abc86ef41b4bac84d7ebf66d2ad47c8df92e3be385406f1a5d0448424df67eb37061745e7b940e2e8e0f44576201c787ff03866347e24dfbe124393284
705cf8cffb75ba3239a01d70500ea973c416dc04622dcf9584bf2cbda134557b26b94343f6a59af1cd7302b25ceb5082c9267f2001f1ee4ee8d38773fe374dd2ae87d1c62ae43b6855f44bb59c99c252,91622ff74d5b4ebb457059f827a376a431f2eee2d5b47e0dd647b4d5ccb1eb927b1daf8e1df2cc61f2c5ccbee3d0e18ea14af50f98de11144d4ecb5f925338b51a2e8cb06f05f3f23043c8f0a89554a302c5a5fb307d90a428d9ae63129e1822b08fdac76a23f36e3cc099bd699ce9f3e05294b3ea69bb93def63305fdbe4b21
fc91775df9d5e9025a10d92e16c02c13b52f441ca076358d2472e0dfa06817f1bdea8f0969d15ea63f5dbb5d6b3837a502f780a46e81be1cf9ba3fc90ea9314563a95b82da911680c13e12170720221a,41c555cbaf3207addcf471106655a4690175a50fa7d04535a3872e40400cff0cabf0f2090a6c749bfd64b6bbe81c104e71550d18865361f44512b95a72c881ef838d9c7404b6d916cec5cfe50c60f343bcfe1fe8eed160c97cc083c84ca00a2f5237453b79283a3372aa563692df550ed8b29514d243093ea80d8d2c4526c2cc
1d77a014bd7e079a6ff7830abed3cafe8675aff2c11596b09e2a6d115bb920c72dc7f5129fc93996c92d5cbb1dc76d9a0b0661336660b39a7a5090330b82872abe05f2356a0ca4fcac60344ea766b26d,12f6b1b14c5062ca80047bde89018894d809d08abfce78902c3fe9185c4ee6c0d1025921501e640ef11112cb3fbb46d76f59c168c5c54fd3b181598050bab5fced05004424e27324116c603ec7464f6a2cd6c192fb1a3a9029f8ce0d30c4922dab48fd784cdf24af41002b697133e583bff708705cad7f5fefbe876abf746ce0
91ff5fffa26a38a669cc1e1d7f5976dce5f06db0aea601c2630fdcc5ec563c0949eccc06f47d08fc9d97052d956e914539ff4ab7fca2adcc748da86a3fbed07203824ef6533b0e10f7e796de5250528b,80cf5eb751e1a9bc66f9b49cb25f2b07505647870c991e86eff4005c299d3ecf0a40db527354fdb37dbc8380a9d7b109af5f9ace34e9ec09c9e58c70e3a149eb86f8a4fb1fa0849e79a36ee2f137c606b6d165bf8e36d1a41401cf7da763b8e95003e16c672bb7f45c9118e79aa249357d9138f66a30497eb2928694622d8240
96ed07ba9904b2fe47b33f570e5379f0a5a2042caf4b684f2a11eeb8ad1c19a2123c8ed7fb1ce35dfd10eb6206b5478b05932879efce41e1a6dc810470be6c147def86a39b2ba3fce2054bd0c6fd197d,f0f2a4fb485e9adc1db45fc02ee30ba6bb1aebc5c61961c4469f7e22fa4cd69b6ab87941452271b8d4e8099fef381097b658b95bd164b8a75dfdae53a20dc8d670547308aed459f9a0592fdf2bb06f145860e3e1558703c74286d93035a687bcf2fabeba68ed637b05d81653bc85c2e459567329723c800ef798b1d5c6c11f1
