65814be65e138a9f49da51ac5593a6fce2559bef93c940ada80ab9b6287963e372f3432fe92a646769e2adaee23454f8111f91ac7dfebc686f58d365508f4bcea14c64936caa4983f0cb666055eb8f44af0150b97c8cd693c776499854728192,6a1c3879b8a2de380e7fff8931c4ce3965f93931
b2cfa9f9795b93b68cce5a243432a4a46358ece05bc43498e894505efc683ae9f5f888b420debb8b90d041eede55380300c0f988a4d8afab1e48aed39420f3d5f2c0030f0df01ad8cffc6fec44384c2f3624abc20a45040b2f0226e99875fc8f,8220f503437f657fea7c417d1b9915a53ada4e30
daff87baf28308515238cc4ffba14c31d4d53c4fe907ef613e6bfb6e55171eff3c5f474d6fa7b26b67baf54f53627d3cd4575b093d52285d439e531166b141c8bf37529c8e658afdbee79a10c28be846b42f650f19e286b3d89627dad57337aa,d7a2f21a337cab186cf70bf6a67dbced9c3120b4
0a60880144d1435ead435cf38b4183e779200df6f4eeaa0d764fbcd885692a5b15f7a425fb86a9595cad28850918788c091962a52988b55939ed9f541a830c2350f55740a1a489a518fef2b075753178607d85806052202d7c00e7d3b8cda9c3,969a0cf07755614461361f6131516cace076cefb
567dcd2b80a8252f8026a2bbd630fb524025c5d091bf5ff6f3768fb7713aa9c3b3e04538e1b710ed480f76d0ad0a83bc4388292d67c5459b4a92b92097dfd9039600c3cac92eb818d4e90ead720b5378b553a4d0db0b658dcda023c630e77016,cfa0f731122d64a81d132049e7de47289adc9935
9a0dd6c5b79abd92924486e1ffa82202a747ab5e028369094fa4fe59d6d0e8260431cc887bd895b4a91f544c820169d46f16a23a35382bb2c19b566a660b6900d06416654319a15584ccff78abff60cb81e877fce6a199b159a0d17ed54d4d8a,f094548876e56a1f32112affd80cc87d0a758967
af3f243d92e61d41d07a4653802609e0c764531b9efad4ffdf0b6c9430dff617e87ac57b39df5e8cc048833527dca979e77a8ce7e22b76a4e40cfdb4aea0090acc3f40c8ad55426af648fdd11635fd998f13b943ee62ea557bd26fc8894f505c,6d07e5a5f401ef15b1d07f7eff56b08a06f54b2f
95393d16693357f251cf326c1c715bfd4e9b80f17873de73a4c5f2578b83540705cd10a4dad2e18d606fa0ec37e8e41195618425b9dc74504a4eb2b9af4ab09c24352740739d93fefb04759865aa2c2ec69de151c3b071d924fe9a8e2fa280bd,62246613df3f44288b606aa14979443f958e61d9
9cc305c22afbd1613694f4cb2470b9e09c5f706da3b32fc5cf9a5a335e577847c594405847f1259f545de13f1a8855d45197b27a3422030b20070b35f318297c0033862ca5424d6d2f013f414f7a102f7ebdfffb9f19bd3c67cdf1b237dc0886,af069f5242e8740e8d76aeae1939ea4883597832
5565bdbe31d0a9423b8f9bb7382cadc83c00ef70174208adabcdf34666a92e71a126c3832558ea42343341436438bce7a733ae5e8cb3cc1737135c9d6a1cad3abab92a138ff763d55bd6de49e6dbcfcfdababa466bec97410147739e86fd548e,6366b77daa12ffe6aa3f258d566dafd92554b103
ce265e0e242ea6c4595722bd8c9e2d5b8861fa2c7ceabfa610a266bb646f5f64e844b090e0c9bfd6dad70f77f4b63ad6c0459b01a4b7fe9c99115e0c8f75c9e5c68dbadb7895d8a6eb5a110c5a5ee526b5ad5123d9825d16d8747ed7fd01a2ba,faa670581d0bd771f3a4b7e7782f8ce987ce3752
ecbf035eaab30991a401b151891e1acff04e9be76deef7675298a6ca7ced04f514ca7428a09fa665a36a4fd033dfbd9f82ec1a5bee82522813a3bafa1a75c1e9b17274b3be4006fac6d9cbaad7ef8441a14cb4593c1178849432bbd077773c6f,44be4ab9a73d6dfef1aca1ea5072cf566b989bab
1d1154a88b080bad41d2b83403d1716f0ecb876d8fca2a2ff545a7585a734a2b6f6a8a04cdbc4396cf2fe8bf31528cbeee264ddcd8054ceb696b8b80f2784b191d2b5557c05cddfdb80aa41f01b1e2e83ae4830faac832cd3bd9a977925401db,3369d3b01f1fa6e9f6c5532ba7ff8509b1264494
7941d97eaa49da9cfa774a6e25d6490d8963e0ae5a7e81e18a1a1b8c2663b6d14b23500fed8a0736a78a203f3d5e03f175cad6e9f2cecaa44254728c6ee8ced3f384c4b1a6d6f9ec223de8eb25cc1ef0bc10b6c7e262f4dfe384cdd46b4c7310,02f4ee1879efa83d9d1d2e94a5d206a431794b74
300cde793ac4984d8bb04e3a93f40f239aba8fd0ca25137495189e8c1e231d964d8719a90fafa75bb5dfc64b0cbb9fce7cc68778b0d525fc0187a05b28d914c9026cfeb9722cfb998aa677aa873530b79a3edfdfd6b1f0e000ef53bef411b5cc,43c0e25cd924c36e2f972b73fb8e8ba991654eac
8ea83b8cb0900154ff6f66b3d8f922f86b0618c84bdce2931d7a084a2b66fba69d428bb4558b85f016963237fef140f0f28e3188bab85bebfdf3885f1430a1fc280a8a16e33f8415201a87331dcbedd9705debb7413aa9bd5a3f457a063c4192,001c1e3e29209f987cbc922e61f2c0d70a782335
fbe212da2fc30570b171babda13c961052ce49fcc0abf30ab0bdbfa77fd0d09618df644e67b01e553f6d75943573a77a58f623c9f4066e7283463ccfabd6ddf6ae80418b00720a47473b1f31e23a13921342659e58c14296399a41c42523b375,7a171498ed88e3757d07773cb066093eeabafbb8
920b11ea48d90eba01a3d02841c77d92b3f72c1ab985efe142e25ce762bc050f9d3d51d93c3579f94249cd8c104cfd6f2293e6a4a832e3be50a6316a0c8b12523d8d3d9a15bd11164f732f810ef6466cf4791fcd0b2161d6efd8a4cc7a5e98a6,529bf453c9bbb3ce7bf95cd9788b27b3ccf6dc28
3cc740ebc6cdbd3c7a748ff3c7b01128970d357a64bba58fbbc8e6bc14737c8421120d52090e9408062fe77176b14d6fce25b3150607dd2036952e2e55b40c94eecc331ec2c560adb1bb6f5b3174c01827571f539f1d28a18464f9fd3414c792,1cfcf04c5b5746b2fcbe602d2555776e61c2c749
edf37b05f3732a5f7dd6275c54d3bb631cec4bbf2c9287cd58d1d35f26e279d75babcf47f4a86dfa93a60f5e6ce78099176aef5390b48228bcd15d9d54a28ca03b563822430f8d2c2ea7b3f81525f578b87bb24eea9717fea5ebdd999bc50a03,fedbd915447daff2c54b31feeef5abc254c3eca0
0fe240d3e834586a4f528c3a8487d91d0e215e451a421b6c24ca24438126bc1f7b3da0415c26173957e180482dd429dff77ad1faf0f254de87861d48dffe62e8343d6dbe08247cce4df51f2385a966c9e5c4f0db7828bce2257f410b702510f6,ce742f916303ac910a6c564aca6306555e0f1633
66e18d926fe6f76dcef69ffad3a0765a93b6f91f496ff3e6c89f93e1db78ae90aa8974bc0b0c3d44a12b42ca5020960b72f549760856c6cd4638cdcac41aeedeb8564a64858ed705862dac62248998c1cac5e9dafea4a6a65a46cb4e1e2ef2e7,54a92dd8afea292021dedd932db453d5bef3faaf
50acb1cb29cb6cb6cc748714afb99db5e48735d2db5d5af33ebaf0cadfca04459f83d5fd0ac0be573712fcbc835217d92e8427af160557f744d189462529ab148742a5e50e8e63c32004c1c5d4702bc15d7c0ba2cf7daa6ac88c200e25577d54,e33c8d1da1cb0e5d04cce1cd647612d9ed6e52f8
378fbf0a3bdd9ea83005cfd6af830c22970f3fa59537149dc65c83b1808a52f1b5c85282476ea8377bc37d29a0a23254e8b72fc1fba3eb77bb5aadc4245751c3bc564f1d8dbc07af8a34d4989cafd345629c6f7f751056544dc4d776b8da44f1,d88ac1e6e1fe79b1b60fdaa4f314a79a2c049052
cd02a23a19425b10e534b8036e0eb92335eb75b0ce008808b7029d299f16e7bb4a48fc7197cb4b8fb2702b741bbc82d1d1781e7a2f4e6e9da3b3eec7409d02e1b2409c0ed5b376e0039b8e7bbd0d78fe15952b41ab09c18bd68ff9186b357c3d,d2c55aed92c878edf23dc889d3ce26179dd95eeb
e3af2c703b6281dd14712cbc8c10b3410e7fd395f1170c0e561534c756c5cee77c09f44c87cf128927c366246efad615e77cd3921055df2d86d373169a3903fd80e8aa6fda5b28057eea8c5d198dabebec5790b6586cf036fbdbb7f30dccb0d8,ff206522cd9f439648b56daa47fb467a7d6f81eb
1afa441b27d01611f36018e842e2323c3291d448d71a8c10aa1b0fb783db80d831f64a36c5750d62f97ed00c93a11211367c9ef92d228c4d13485fbd2abcc6bf4724ebcea5aeb89ad375868935e899a156c3c550d7d5cd71551ce8992e0a1901,e1eeba1b09fcb6ca55b11ef4f4d4ddabc45eda9d
cef42d8f65dfe4ac57d96ea838ad438fd73fd39079e2f3d4bcf7ef73f0dc99bd5f68c57ff82833a9efa5dc575703ae5de4c5beca5be9c2c2986b3d54e5c867dfbac391cf9f4281f6ada3361d080434ec395793ed9461c5f2256540c225c969b1,31271696126683546b1b5b240c52da194d1d6920
839df203ff1c1d92a8a18ef0707b2de3151733480ee19fb030cee655921d9c7466127154948706ded202401c91b7cffcd67bcad7663843c087e6b32c54b917590026d5ae3ae85255fa7569572c12f99cdeb527bf8c45346ae8f35952c863bb23,1664ffeadae8a87d92aafd1c7a17a551c2f815bc
787344d566cdd01718ea8769625171a7df4267a9b259d8b3c85eaed0c4f48aeba8a08fa6e1f7dad24dedd58d5b2aa317702df5d7f3e4ea3168795edec04a0c8ad119594168b955a3244053e2b66b620db198f1c9fb41a9130c7a5fc759619db1,bfa2c524035ea7f09c2c6ee56514eaf817968a11
4a62623b733b05bb42273c9824e1158b8e3349eb4ce137809685ff7685b998619dcc41989102d117cd18c84c5737cb2db75176bbf6ece908f2c5070862d7aec70b478dffcbe6a566af61a8c0f72306d2fdb06a1294fd7b681093cfda449695a1,8c132ab48d4498c5cd86768a1880e3754a55e642
207d7e4bb8fa4103780c4bb1454a9f6a770d52412a48f72a043386673a4f426ed79e3ba99a2555f1c2794ce5dd03639eb6cc314f2d46cae2b586301cfdcb1e5788e657ac8cb942b42fd70ce2815c82f788648c928a2dbcab7fc6b247b30f6d4a,5fae2be4b41e1a003865a52c11e6208030ebd819
2245101acce1b20f4fbc51a5a95a01e49e99253eeae3500542a3c41d623e578881bae0e5429e895b70e51039e689a287f3bd9a8cd509c16fe04dcabf6891a51a3c1503eb0378e13f241d8aae84ffbe8479a5f8ed705b50b6c9fe2bec4b44fe2e,9c70d3489866a147bbdbf64150824b4c213ad775
66c71ab43f961684620d9e09d3f18740001a9e15f51ba8ff0d79ac2b242fccb725048882696220ae31ed16acb24bccd6b1db1e4cb9ce6d3e706a2251a835283c16818419414ae3c2c6ab40c44274cf5ae1e1a1c89b041986ecc0489dcff900d7,27435798793183f513cdb91ccb84364d916bc6d2
925334740ef0b2c9bd8cd7d36b9b053b6f0e687f0edfb31c1db91394c7ae5f0be434450534714ab3dd3fb0eb5acdfcadfc2256459f4ca66b558aad06fe87054cba22dbcadd8bd9fe23152c99bbfab207a03cfcd20d4285e82bdc0932856f189b,19bf1cf1e44b2f9cad1b771e3f62dd2ce149f25b
19ba005868311b77c6c12e7d0cf1ebefd2b3731b79fca540c47b3bf935ed784d3de1213b503543fecaec9564f5f3db8a79911dcc9835077ce3740dee0b8a2bb50615e9a528bd6b290cc26d50d8065e1e17d0e4ccdc792cdd7e92f96e34f2be6f,64a4d0ec97151e2d86eac0e323be53ad64f1db95
e8012fa9d008deb4557965ddb5893a3384fdb6c3d293bb75dc707e51bb3ca379e4d7281c4406f78f5203d9ff5e6c7558f83365c9d7b4958e845d36a4d76c554864af565fd59d675354e93d3cdf56d0ce6117b7770fb030e5f45bd7e16d982836,0bb26052ea506acadf8d2a5b15971cc692c5015d
c3acc6e3af0ddbc6d9609939869c8e93ecb8e2791bfdfc6bcb036cc5329ef990013d794b2f8c5270ff02293f7ec593093d6e7e43106935b97062778d51b050320037ffe44be467813b8691590979ef4afa691fd1b2eaca5027ea3e98f330c6ef,18ed5746670f18f1f05240c9d1a3f8dcb734481e
1a57317287156bdc73a3be432682783bfd99f3d6bbf9c297d34be28240f7460a74c7f8932c5b57a43f7687be232d96020ce2c66626bb07341a0c0c238d9a20ff41595c797e64f782510d1f2b4cf932c4d9abab7dbc873b09257bf1b0bd7d610a,6615aa9ddfdf4b600d1163746b285ba8ff359cd0
f6e014b191836874e0643023afeb836cdf05fa7ee13a125f536cff7b802a3756138bdfe6e3e52b0a831352c38631e72dfbd1b98c8bd67c22ebe386482169dec802b34877f48f918a8f30109fda2bf9d9bfccd6e02e3b3293922e7574afb1ca2f,ea8e4165759733b0629384d75eff045ba29a8904
41139d7ec0412fcb06f158cbf32f795912c72597993ef52aa73fffaf3ba77527d72664e98b50f214617313c316e7888f9f18baae2db784c6d526836e43d7c1c182e1a268e561632163ef66d75037f3e137f617e3b6b28cac5de4b41d067d066c,d264c62a4705b56fba28691d27b3f2bd719d3572
62b41c6a8c0ea7d10e0cf66b748c3c44b26e3b0eda39d663741584cecf2f70ba6e7831515b2525bc02dd25600346c073a3a5584d54d7d87d52beefce96b579e26408e3722ba2e589f221247fe916953dd24508e88ea023fc0e0ca0244bd83e9c,858b68dfcc66a6a83650461e11d7215bc3494542
557ef1f3591f99808368837feef5d15b2ddcccc2f6bd8017cb9625ca0a21ba78cf188cdb20d694f732fa0e7ca06fcaacac52801ff3a630b1573f6b87ed7b6aa773947ad32280c4ce93cbb318cc2315058da0c4b2227f018e8385441e7d81fb59,6ef703af6b24817bfdc668fb091cd2cf0c79ae74
fc8ed75bc1d0911ddf5af2b8ecda86c7e5e92fcce1df2a698ce46213a41b8466afc603e2458cb63b772af005112863660f9c2d3a6e894fc680533312b0008b5fe49d78abfec25150715025df192d805d7c38494529a6db65c3f6de69896c544f,5ee0cb03db99452c4f825a46435c11d09e0536d2
0335509ff273bc0012e53f19e9dba71b898b5827348c7b1a6e2e6a53484a0b910d387e8db49682ee425b7b0e68712f0e34a42554254347e3ab46d7f918ff4df518bc9f9af1003a3381ca095f9701ef7163ceb14763b6d9935278f1e833fcfed5,295fca406d0c69b76db656cea91067d4e80f8709
c13058f063a507d23c70c0d70527ef4aa39541a88b2740336707874ffe03cfcb9b33b2cd90640aefd7a34ed3a1074b25b8ca7120662787c823ed9e01a14969ee8c147d624a103be6603d6a6f724ccc4eebf7f421a3603f0361fcb91695146975,ee0478b6cca486a89c4b6b6844f3a314a940cc44
7d5c3f90fc9ee70808e882a20e2902f346d307d944f15940d6a465f3395533a8ecf61e6cbc91f61e95c6b752c7e9feb70bfdefe9344e89d56941953f3ca30a9d6e151cea4602913990348d4f7444acf8af365223e40926d9fe18265a8f26db59,0f4c21b7638dff7ed0dea2c90c6ed040b26febf8
c6b287b78ac5bf8e1d0b81e59b5d5732b0a22145c40ad160188f04222305fc090a195ba744986efadb1d947720db8a6d938ed8a5d5f69fd839efe0199390a5a3045e12a36ead610053c492e5aeba30848b44109ea4fcb7626255c419181b8f77,c9956c314b107c28c7f02e9f9602d031b43c8373
0c103db5e823698a1a06a782319e9af2f7a79e6b9cf1aaea05c63fd57e117844697995cf38ea20af79e5b11df245c5d2ecfdba3ae775acb677ad5162456e44a30b4681ee58ccfe791f9da705917c8daffb373176055e9b0db6728903329d1079,0a4f95b73f7204dc7b7caec41108366551ba0690
15e47560dd3eb8fc1fa4ad199978fe0869ec42a628ec953610cd9bc2c26e810e824bb2718cbcfa8cad8719d599ba15ab57d265298a3c7c76ec9f2371e163eab14f5bda118b1d6027905ccac4db27bcc48058456ac48e50b4ac8707211347fce2,23d6e64990183c40ffc641d9df8077ed76afc245
bf38dc801640ec71bb74e292490a94ed89b96a16a85651e8a0cc9fa4339e47f6dbf3d4fca49a866f166e7371b46d9dfdd95c4eb78aeb8f8738549b80edfbfeeb9c036950e9690400409eb119e7e635311fcb9c26fde5a1515fed7450fb4631ce,a8667cc85b8d9f1c41702fda4a01ea27d828357e
eaaed0002e776f97b40e64f900322b5026f8f903baae6b2e1810460265030ece7c67577e8a04d45b91c3a5b9f4e2c1d869d51030b2ac85c62e2c795ea2334c037decefc9beef0a89ed88571eddc4b1c4204d3b4fa6b3761e12dc7f3298a20174,4110ed7875439ccd3dfdc31760e76875a7bb71c1
55949411dafd8c74448dc6ad93afd1bacc511067cd46f0ee63138b885940bd5a193cd09b5f658b4cf7167469ade25b436edad2dd93d7e8e5d33c0aaa19975bfbbf8a6ccd054630ffd2cdade3f3c08f8060c6b4ae5dcbe77f8711006f663eec1d,86c802262aa8218100b075c7e29f5621a54da8fc
8bd8c762509c811877525598b97ce262cd09d11277e6fa514d5b3c90ea5611bc4c4e09e22289354bf46d364f6345a5a5862a7f23c6539525fbf480cbe310afa8d0ecc4d7495d2e29a2baf939d93c137d1f9f7dd97e55de84d209be27a60d8653,56453ab1f3e80a06fbddbac1a0f67b9f5b4b103f
98e1aa4fc9ef9d122ccbfa6d7cbf16c19a92a1ef7b93dda2531d678549cfb6b2b94a216243b22f5399f5db4bdc1dfb64455530422c1153162d9d29ed9d761a7cf93d0f51620c39c560b92a38b79e6818b69de876b223a275513a098275b8f4c1,27b5762afa9c339c95e0763caa1ee8f755c7f009
a14186e11d56549b156a4d5eba3c118a34428684e9248dee3c716a8d0ea6d1a54a220dafb86befb6588954777a79bc30cbebf84f1779818eb1555de362cb8ec4bff5799ffd06482b3276e02db362510530f6e7927cc280703e14bdece48f6958,771eae0d6280a792dcd967c428f4b4c92f8c180e
cae14a70a658d00bc5eaa10dd61364663ead2d6dbb573f35d87d3be2e14704490c0247411a1d7573d71e5e3bd528ced4df90bb375d00837db0d0e6ca2a2f7fd9350689615fb42a72de40075142cffbeb2ea8c7907db7edd39eed419a2392c456,d4e43aaf05c08601e9b2613b554df096f6eb2157
7e6be31d46a6159709ac3698be4626004e8cfa96355ad2d0c3084b699e27eb4a2890a4524a222d0f348b02ef02fd95faaebe7b0df7f8dd013a25ac0256b2bb4a12a39a33913801b7b50105c53677849bf676a228dd66d50fa6e2151f9b34c32d,cf521dc4d4c9f7a5981d78c761ff7170598e5138
b778fc7c62d6c4828c158dce436e522eca57f2dd8bf714a6854d687bd4eec035f38025f2515ba36584cc1463099ea56040d763ab0354143e09e5e4500cbbca87716ecce324aee0ac08a5d497de9f6d92677fb876d8af8f2a9af43f954a482882,4e3e16f8d7ba9204ca2c731a8161be7c5e624c68
d6cee3a8bd11f6fbe579a00cf52616e8ba89a71d727a65eeadc4112bed5d807175fd52f55d1855c331bbdc24e5b5076528c309753bc4424f2bf15cda7cd4cf779adfa8a725771135bd87efd05a8544afd0fe6b3dc9da592a0b69c7e22aa0a51c,5bf270048cfbbf5b8fbe570bbdc1e7152d59d5b3
5c06b3db2cb6eb6ce5c4344d4ce91e7ee239ae3b04371a91cfdd5430527f1387e93c8e06c6361e7ca954a70841d484d282987a5036773441e8525015d8287848b561b4d852d12dba4f6a2fe79f76a8e68be6f3d357e445c5edfd75182e850ec4,5375beda3fa361b626a58135423c414d4093b11c
770c18494a3c4a092a71663a8efedcc78687e17cbdbc3581258e503e0ac0d2346bc5e80cd072d1f65de8b5e2f912db31bf4f31e5848630c5ee5f196c6bc530de29ea48a44e0b4466198e8c8fdda55b41684575c5cfba56e1d4bcc9f7c294e4ce,17e2d341a9dfab80d7f17a02bee25d457174cc1f
2849089797ab584742f13e79de6fc79e13eb20f0b188fdce993a2ef8a711998560daacbb9bbb356c64433f611c80da9f274eabc555bd1702cc4328fec5584646e98947106191e5c0c6552fe42235bfd448fc00e50896f65ae4505ec17413fcaa,28046a928eeb4d60970587d5d33a91a2308a9491
1bca26b92d656fbdd78ccdaf78ea23caff7e270b2d8d86ba2ed29f10682614de5cff21087b38ef7dadd2fe973212b2242dd8ccb1e4588f1c18faf7927f71155aa944ec0a573cc33999846c766a65fda9109ad8627721d97e607ee45edd952e25,7c115b3fb7a3e3d752f6bef481a2e961f2b6b3b9
3846d2a4b1a5dfb265e9e518e7423ad5e80fcc6755777d46425948ea78c692415b5e08913b6e898cce07874ede20edbac78d16a73df438055f34d9a45c199b67db53725f056773769a9eae11bca208fa6c87af1bb809203a4e2bc48ccd3ac777,0407c2913fc95b5f33fd05e15b849f7f7d37d226
767c021b655bd3fae9e3e621a5e1ea6d67442e82b19a01edcc06edf7ca0f7bf3b7dea77fe03c60dabb09cf87789d3a4fbe303a320034b41523dd619942fef826747689c45a5998e69bd44b5b0d83d1cdfcc34c9432beb6349bc0f5a028b4106d,9e55a82cec7fd3a5742b81eb92927120cd39ac8f
0a6a32037743c817f84786e30b29a2942c98d3f97baaa86c14f1c98d379e231aca66e06e7653eb53e57dd756623d6f75d8f3196279034c9de189e91fc1903a7f2bfcc167080edbc608d3648622ae0f2c1e2e62231fbdd01020e9db9d6ff198e2,c38f732d8ec0bd43fd2219d1317de61d241ef23e
13cfe87d1b190c1d7648b3bbb29f5044701fdc8d7bfebe1bf8cd3e3621b9d41922b79d9886838c4b35cefd1dcdf7fc1a349326781110b3ee6e095ae340098a2779b64a08542b0e954b4511c8288506e509b81780b93d4c5ecab2ac4a8e0ef22b,9a5bc76d53326babe1235b904c99d3c0213b72a4
c7e9b42a9b65fd23a5e1d64554118f82bcadbb2532c45a1703b2fa2519ed98f3c7fb5390dbb62eb2398533694e5861ea24c7b558c49eff2122c29451768349904d14b0c9706126bbc66600733dc4ee8a7b6bf4077ddaf7d1dd94c60733a37a18,17517bdfc880852d1e61d20197c1df38484b8934
6755f624ed7922daa25d63c0d93ee5f999c59b22833be58e803233b8bc133809b8554a60be908fb3f11afd6691a76b3d363b62fea155ec345966c84f85243283e086fc93ee837773aa592a0b751addaad5c5f9f8d3ed1c2d7d9558a82b0bbc93,3c322e538e6356a7e7c4ab127a59c5352d2bddcf
f0a0d8c743babb75981a5cd1f895f2916336f8adb52d5a90ad95dffec4058d374c99006b120e39b006556944167233e309386aa0b1cd6b8f38138cbfbf99a096441bba442ee68c037b3b8f07c2d4439d2816c60fdc6c10f641377f27e976b717,8c2a78c345bd7f8e22e5c0eb9eeedc9c54d80b8b
04e56c1532986ccedd06f4a1b1ec65c52998041244f1006ee6f8b94d000ad9e71a28b6d0bc1a01b9146395c2c580251e07b65bdb121e9adea7d66e4e0cc7dc1ea52383ac79190613af4d47d7c5809c3bdfd295b197bab5f44abf50f7d792efbe,d50716acda407101174eb281fd49d94f6ebfa4eb
c3037150c5db4fbeedf600747de19d2a55f516b108258c8129e67c4e7a81c7846ce45ec97143228c932d39a515a46fa7d0c3ecbfd58ce4c7443f8168154eb26290f30f2d5e2ab434531b7e9eaa8e2b401d183c0b0c8b6ea4afcd253dc4eb3e83,04f0d3769429f53008c9b3c9fe6e39b60d990e26
a7a238c47b4f8bfdfd18a4a47deb67624c28bb8f0eda4e6079033e249e669b344bf33ede1eae68878707e147cbe5a746e00390391dcd89d7a1fe8ad4d2657d031a0f3eda2a4a6442890b7d617f12f205d90671620a95264cfdc7551f4b8aa7e9,ef0ff5b5507f0fedfcb928eb346ed62ae625348f
370a08221d17bbece785c6db70cc244687186a8884a566b55870956ffd04a4ede7d20ff669da0624d6246602bad9a3a7cdac16fd8689ccdc82b58f4f9143a8e85c1ff08b0f84678bb2cde17699fe4d31397c5fee0aad211ebe935e7be06178e6,b65cdad246809d5bff977567894bb7172deb5e8a
cbc6711a03c14736cac4ab17bb3ad92060ef282b722899996450843eeac5805badb03b2608fd5f2ca40d2914531424ff5f117990345c780c1f9ddd7ee0860f18fe8b7d7c30a8424109371522751af501eb69b275a7dce477cbef6491a5101c36,d0e0bc879f4d48c9c4fd2612ed79812493268385
7fb5e2e4466c848efbf2ec922877b8607250adc7a6af3972be2c53e9f0da7c0e67031bae55f7e27139e0ab01c95a3b2480566f48480e15ad3d78c7fd6699089f882f2c660dad1b4bf230c0597e9222b47baab8fb1920efa11ac7f58b911a6a14,4d3b989b049220644aaf91531f9b7e8d2cf3cc98
599d07778fd61d3382aedcf10158713c073a73c096e1352d7ad2fbdae66bd3cdcd59d2915b7e4badb33aaed9f27b22d169474727337cb0732c995c11877af5bab3bc96de6dfbbcf7628b188968be5f02117f886e935780460a5d4a4f68bdec58,62df61d7667e25f998c3ec3d6cd577f8b8f1c930
052ae7355b5f18025adcda1d8abcae72a46c4f09a2d00e315ebe60e0d387358c5535b21d10337b6fcaf9d5590bb2c46a749792fc1bd2a90f93bf0f7520c7b778cd6b6d82f9115e538012837a155df7132ecc25a680ac70fc502f6590dabcdecc,a156b1d26ae8eacf9da212b89b8e248cc5bde9f0
38e44b7a827676f12fcf7a587e975d41f8f9655f3d09fb6edf248f3b6384c718f432fd0d426999f36b24993edb25974ffce04f3e5b5bac0f559df996460b57a6c39809db84372f189337ad9955baf867ef534d0caeffb53d91e7d00ca9730ff4,64a2a8285f815329c7b35f1333f407cb187f6d85
1d74662635e084cf37e145ee4f3799358ec2897a1526f6ac0f9af5763ec8342490f8de822ab4dc1a2bb1f4043cf26386346c5437c117b769d0186a1b695d545a44b812c5e408ee1510788bc28ea10b38f885391bfcae387310e99cf3f3309032,14b583a7343b2c1137a76c0879c91b2bc38e9426
1cfd232898e5b2000bcae51735d78cb370395de3de1b615ab05c903fa27432a82b7c6ad79e7826a7a17977795532adc6390e5819d7050b2265a40ad220b84b3c71f900e75341cee7ed433c371a0cabd31355622bf0aa213b51f9efa0303781de,09c0d62de62825451308f19de182795e3dc90225
8376696fe89df108b9c674089352505907d15c06f73eaf42aa367f4ca66a39d2a61d1e76602f10ffe8af87d068f5a38af8c473492a1ca506e523e0080eef808c6067b85785ca551d7aefe278d2438554c7179b7fd1019cb907370e95f80c9709,faf576bf73402751fd69f72e0962ef0cd4deec36
c0ab49e9d1549ad991ac20c16c98586c4f999b6a8ade11d672ca1bfa86a201097a4cccc13f81014af4bf22bcb3ed027d5f2d602702447ea37ec3787d0b1b383e62c5af5c08903f55413062a91787d707046751f901c248506fded3bab4b976bf,9df04b1daa0a7d63e0da94e0c7b97afa11948c7d
f1d4dfbf68ffa610b02e37588ce54271cd191de7cf8efef6ab6beb85f19198b70268072b1045267a1125f4a7b9545bc1b7b739401e92692f9cef0d31ed932dfa3e8f8d1fcc118502f4c3c96c47c57393ab4c21af8125419970d6189a0a68e6ef,b049c4a933361c2452caf0fc7bd69232dfab6baa
5714ede1c5caeb45970e43cf26a7c10fecdd6acb3f91b06f6a351448806f18bda3e1ae76704a22db5694a198d1dcf52bb75130b5e582bfb560808dff27c4abdf806cab26d7f09275319efe0ddf946e476556537e230b90fa1b15921e38b1f267,5bef6ccfa3127716b8ed60c082d5c6397757548f
59b1d2562d9bb8c99264bd64fa44efea124c6fdbc5eecb2517a0fc0acab7d3e6f70723597b85588a7697172c84eb7fe466de6d20fc0edf742741c86ff14aef903f1a8043b5616322878ff74dc2a1bcb80bcf5a909ec824fb8fb1d0ae6ab119c5,4f67b9c35ce6e0f24fdced3e05250e7440f90ee4
c8d86aede0b202755233ee58d25d660790b1fdf4fd2fe2e58a3971a502fcc9f9a13accf721d78891b3d336986ef0df4a0e2e3c40ee6c706d175652b859bd9ef09d6ee58f497a0796c907ce343aa61577134c12ee65e06889494925a7efc1f42b,d2a5fb7a41069d8f2253c26b02a51f39c1ba5557
4eff1027a8f97fc7b72dc37b0a91ac2d8adcdbe853f6d65c7c7badc1d3825c270be06b2591e0f89cd0d89667ea654d425ca5ae3088575e28db45c4f7f215267b20e070d9511b4b3c31f65fdb2d140e671cfdcaa71ee5c4c1bf6038e49cbfccf9,f8483615067962a0ce6eb5ef540b3d4e7b62c9b0
d23e67421c6147d9fa727dd095ea291befc8dcb31b9cd070c0c706fb09e7a85b9af086918536b568a49fa1c516e894853191912fe7900da56c1c2b2f2faa594fa60fc5e2ffb5189d28e70cdcee3685dc2282339ef9d504fa4bf2322ed95e9c6c,0ef69d0faf93b9e29fae9b84b9b27bfe126b73f3
161a67c91d74192e76a6da5402eb82d46182a770310428d079457b5ee614600605c2edc8df11dbdbf820dacaf5ddfef87ff79e2fa2d0c4cd595f450e2217098381c1bdc888a5b413d67d0017040576de9f35547d947b0d1105182e54050e6479,7cb96be8142bb3f31037b2a609fac2b6ec1e84a1
d64836d6ab1634cc495008124acfc3b7cd0c72b63a15c7b3ca9a387a626816dc54bb2d8a41d9509cf333332da528e8df3ff92e5e1789ce91260a19c36b635b7841f4c3a73770f58a74c7a8e0fed07b41a02acdecb95884b5e85ef332902b1e90,45dd2e9da3bcd5d43fe8665f5c13538f535a8684
899c1eb5aaffbb35cf73803fa22de0b767f1c8673800ef66c149fcfcf49ef64ae501428018eccdf87748279fbe82a00c7607a104490010ecf1ecefc2746404bfb3de52899b579fa09bb1ce69a6da603e2604f2099ae4305b81949e827c3d3e83,b258c331e6354130c16f4c5256a666ae8cc9e563
75094c4bc0fdf2218795716764cba8285cbfc501c799807949bb4d7faf4af768554be926e0e2d2da2167b4209e3eb5052837cf0321554ccf1ff271f8bfd1bb3e2fec8414239943a78e7ee465e24baeb7a7b5536670218666334ad59adfda1fc5,2676939ff361ad68f495fb5d832a6d063fea355c
12afe7104c52fc724102f9bb1060842848a5d81a1b5e89e102883800f5bd3aa3e8b256ef97cbcd075a398f809925951fe06024f47798eebdb439cceea4a125969d60ac1e289bc290813f07a96c7c529ba53323831a05b90b9ad988f38d2be7e8,48d8a3641d4bf16bed81ec80769910255d3e0a4c
e336cbc2ed15e14ae78fce2c6e93fa281127926e2acdb4a7a322069156abbd70919e15fec8b7bf23dd51f11e20c36ced12ddcb7f51d645aa653c280b1fd7bdcfbb67fa86ce7c675f23b9bb74601b328d315ee3b0ca4a8f296951354812d0a141,593787498eb120e44fa27091d12dfe6ccf6df9a7
0cbb28e78c1e40f5869431e53e08f937d2e1b36e4c5e27d14893e40618a26a7f93ec1be21281568f1abc37b55f69418ec01d79f21e00b79cb494c95d50cd1d024af03be5d3ec723c96f23231509a4ca28ba5b379c3be214692df8928f8207326,637c9c012b4125c0ed331405c1c1bfe5b70ff95a
520e7b7b3ae1edff1b2409258582b3dc645178b2e086406652034c25ffe2286e2690f18b73922b63f30c1f2b072e95a8afc22246f44c66100aea67eae7c3fc2f284d65f37b6c938fa79b71921ca034e42263345932e57b53a7b31377c5b2c1c0,85925f899fd12d1b946172757878e09cf9296c1a
45f7f2bf326cdea821f7d51986288487ea6021412e27ac369f59129e36dcf736441de5c9349e5fe21f585f0fa686d86c4225f758d57e341d90e0a0650d6b37fb533484468756a76bbfc99d36f53eca4c756cf1a4bdf01781a03e15c67b76ee74,2ebe4df1972b2110ec8b730fed9b42c74688b4c8
d5557e147981dbbf583bd66e62652e6bbbbcd3c560e16db8ed19e2a9bac16fe90286de0b53470b4f425bff62989e57528e2542ec5850e7791693dee35d308cad3decc9a92c826ce689c11961c0d85d093e181387e7ad83bdc98850982a5191b5,b642221092888e2213eb1149b169f05ceb7b2f69
278d8592901d86b946e5d42f0e512ed9f6052592f5265952db570b08912863f6a187ac396e4f835b36bca5ee54573a9f5f82a3a24e573e90433ef159b10ddfbb3806ecc569fcae2084415ad11502afbc46308dcee2e6991e68932663a3c9f11a,19902eabd1962de501c8ed0b4482d9f52c65a4fd
06c06c486a77df7af5afb5a53ba1bbb77b21c024f34d7bd6334d9b02d20c56bee7cf722be611ce80d05d79c61dd3020eb17f6eb9f1219719fe3d1b3d6f078a7b2c924ba68534aebc0e3adb69f750b7e339613512322ae0c851a8141e6515b211,46a30f854d2262647176f9ca943c611672205576
fa80f09489de2c711dddad4b201fa59c6c07b20882149ce9923152fa5c949c74bb715931e825e5d4736f6e2732f66f062b72186f27c867e2fcb8c9f433792d92986cfb7c9c5d57281a1d92beadc4385fdc70e80d7e6e85e703e23cf4b2ac0a17,a2998434b11f4257511e07835695cdf8dcb6c5e3
dc103da4adcbb5b125d78b3549a4ac88a1e78efd3cd68a0c3386281b161be470776278ac8f0f8002d8a1533b4305ad5d7fdb481ed4863dbd76efc395de9b003a9074c02ddc586f13ec97c3fa55c63531c4755f1c2d25624458c6b62cda7cc42d,7e967cf03e8c25fa99147ca7f1ab623be66f63c6
ea424046dd11a0fc5fc8478db529e8b3d83512a31edaaa8b7591205ca9bea01ee9ff3338cd5d1ea1e1006a53d294c508dd16bbfdacbe3ab37071d56a0d877f8621c244a542644f2472aa01bf010a16da59d178b5f43199785974b44202166af2,6fde54d07cfebc878793ae80165aa7ad27301a5e
da1761fad4eca5f262676ec5d57d67bd9607c0f84612385b46bf966bffbdac61c51128a963eec9dd12fe08c08848a237424e134725d583d22c4e49f59178cd24d90cb41b1ac8725b4c1987b843be5805b516f343937f8d0ebb5ba0ba54954728,062efd2e272c8b156674dc71ff3a1b81b3206532
a7168c079bde0f3b051317ae38cbbcf447965358d6ad8b4980e94aac7d4c4e0e796f4f8ff34b2832acc2582e1b96149a03c15bc49315801cf793c704e0376b5db45dd2563015b02ba0a6ef48577fa211b8cd0d6ac628511ff1d6be9a5766a179,76ef0bb5422fbd1ff55dd9254ab5c4f61750b565
4a9ac4ef0ec690c69b98ad6a6c3ef05b74874620bf6eda4b2889d7d4a9e4971f48d43de3859ba07370b5224cc6e316239639a90e2d9d488b511ab3c9ae84aae28fec3b839116305a6ebfdb48e2b902ffa7c7fc30d2a390b60786f3c229443507,dcbed1f5255209da09767c85e022dd1087f45d78
f895a2c680fa2ff071be94eeb80b3c7e06960c070c973c3ba9e7e3dcdc52c282317d391b6519dbfc112dde409363c7acb5e79ee56ec137cc104442ad7df2aeba7dd8f41f16e859b566c8a8051918f3e2d5b87e1204c738b66498f1452e373703,7198a71307fc11f6fa2cd7a1a6521d8f99f47a74
353916d5cfde3cca737b306c3a930f7e3867ace1a8472303abc95bbb50bcd159ca0189bcd060e041579b709de1b222cf834abaee93a429b8a5fe57cf88b8ab4156ba49a4ecfbbc8ad69fc7fb59e57dc5a803dc147f703cf3998855c66dd8d253,d15c58bd664833c2bfdb31b6145cfc70b015f27b
4e681178c506734a651282a644bb0f8085a927814e87e63f0fb0667b2f57286c7da9678bd8b1128fd7e055503181cb6623032dd5a0cbd524e18f1bed4a5e4f4840bcfd2e8789bc568188bd02a586d9eb8abfeb043af70a2e426575e8d0a90549,4efd330d05d5a435d4c0bcb1ffc33578ad9dcd27
3d4e8c499b4ecb0f0d54dd93bdf0fd8ebfc5294fb4a3f2186eb2d7c240ed9a0ffba4df1b2e989b752bf7950a3d25fe4515ad7eeb553c32c6fc8e4130a8f59a3e6dab2a18b53d62df3db807e92e598af9bd463538892e2417588a9e15b16bd72d,b09283d9d35b864d0b3abdbb60abd76c0528b61b
d9bdc874c09336f26a747eecfea8c29b0460d3b6d35fb88a3501a0eb745a42dc04de20600cba21641c64c56e288473e93722d76fbbc7e416dc99b9d3099975b5b6573d43bf8e404cfd5708d52ad057be2d09d49a258ec7d71a92ca0b569953fc,82193327b775cbdfa84abd230bfa80e5fb4c7425
ab0c2a3e57e56920dbbd62120067df354f5084be0b33f4b29937d6b7a9d8c5eaf85a20f1d61af1dbb3e41155e4cff243d22a6a86430894d4fd7d7a156bdc48758a66023433760ab98bb72b698dad06bc3c6774c300ba521ce56aeedacee8062c,4d8fdd048bffe59a3bf2f3690c5fae503987405e
66c48c0a5264847f160a9b27f9fc7c80b08f6cde105d6574daaeba00515e9c9dfe8ab46fe6ca6c199de0c7a70a2dfe1d7678dd5a7980c666f8e67c4cc542b1e4f332d5af6460a2d5e1f012e3454caad1e011f4328163f790166f8e1057cb8acc,77f5804c0479ada2bf999ff9dccf0f7146ac5262
d922d00910db421fd1fd674f0423a14bd92f7b15e2d4662c916632b851b539980711ee432cc7a42e312609c18d4228c75d65a37e37b8f640dcdc62eaa3dd30b19eba7a7a2cfa5573f2548d3c7cad8530ac4a0c53be169972df14c6e2f837ba43,e507d51365f8c274153645e3e2967555bd5e637c
c5c7a453776c4fef3e7e99b6ebda6ac90c34f97736c6668c3de91e43058a4bf88b0e92ece2b1da855296b30cf9399973492841ccbbffc31cb19829d6f3043364d5cbf5024f37f28aead4963b2e0860578a6e79853046cc79645e1c54d6892597,a94e0d1ae3b435b12b1eee92db1283b8c767a6a0
a6a23b6013b4d793ec8251b5090bcee1622270263aedcfc0d1bab7647111764f481554d3396d3fb9fe3db69d6493691f32201d318f044189b6cf23beaf8c33e4713e326032222451aa1affa59866e60e618036d76f14e78096f23b73a02323c6,7fdc2c2c30f1f985276e9db0adcb1f7f929581ad
26cc9009348eddc02a9218b8e1b2ae8f5a1fc459421b9cc6805e9dce2ae3fbf3f6c1c893e7a28057b9d239c7d6ec518274cdeec3478bd3584f411c64d4d036bf3cf9e4cba74ae4a4ead5f2b7bbab5141689715087d6c684f3a81048043de32c1,77dd89d7181d47358516d36e5298934bd76ef209
3ae7d86be3a3ce5090979768fdf803c147d1ab86c30b6edcf5b4a4afc8232a0e98e85a35881764eb91d4cda938605829b99f0850d91300836ee0715e00d0ecc0accfecc17c67f06fa81fa68accfd5489df868c6e49a31993e78fc3a0c7e35e13,ed2beed057390f4fa4aa964c495fb1c61ce71229
e9714583c13b91d4eb4d880b20bc6b4a5b650b8f51229d34ba3f7bc1220257e6b4ff6196fd53b9103e23d911d8c67710efa9581a5b4fb46fc1814ee35a7066b71f280ed43e28ede204cf47898891f49a8ce80d4991ab37bb1e471d6079973242,74698b298c471187381411e61d9252bc24cde81a
9b2a60bb4d7bcd4fd39d5dd24ab597709f658c5f414cfa50ad194b506b345fc11a1770fc713265a28c9a9139e133675803edf6d04785b480e0ef0e9185146ef4f0f43a83e2f1693099d35b14cf464e0dbc675557c3746c774f16747f4d832143,136f793fd12bebf8cd1f556d926db5fca5fb585a
fe8f7d56e3783136bee41e8d1fe4a6d136071afc6b162a364765233be6af0fee4062e2593d630813b94310da3fd51b8628ac8f7897ae99cf4034d5ed785503595146a3f3a4d6b59829a35f3fcb60bb6612d59bd531429a0a54e017b1c166d081,e28c273afa7a6ef0fa222feb4f8eb19f13f5eff6
87de6ed61989838894fd7c55e32bb8a3a626b79aa3584dd63be42845e8590169f48b71a84e5cb5fa058d255ef325102249ab7566136b7e620562343d1136b0f1e5859293ba597b840178dd4efee346ca9f5af8312e5fc9329b3e9b4d4d26c876,5b23c1f0547c30c2851a544b74b23d975a9fcb5e
b6c449327e937d6b2d606fd9aa23d5512f5d0f641350084e5ba61a6f23c14d15e6677fd3cfe3c183cc6d242d6586045773d4a5aff4be7dca14326856c40294d4df2afdca5e0557c4ba53c33f54e3d82629f8d5d7bfa6ccb2907d46a06c54838d,be4a1f0630a4fa17c0b6338fb155b4d631ee8403
c4d8dee3fd540069d85969f4ecac0301a4f79e32c1e0b72b2965c7fa67aeed54df7c431e8476718c81acb2b31885c732734146ac5beb3f23f55942e1217c2f1d2364f01b9f0e874a53d24353fc2fa2e7c79910f3d949b05cf5bfe37a28e6a794,1a432ca5630226d887d2cbc544ede1077f151611
c7c2bd7d03650d5485becd509df920a63292d9819d6fb5a9fa0dbf9a661121d5cec259df844c3eaae0b142f8fd5cd9573167ded5aef974d44e8e6804060082a346dc4a3ea1038e776212f7cb20e9375233f71bab1fb99a5c03704abe3cc2e779,4ed40cd09742205ee8e1635ab3b7251dc1250db9
d856521b8e2ebe7b2161c8c16cd6f7b85e613019eb0e1cd2c3c394d34b958f534454f144f2bfac13740d3c4dec50e1cfa5a809ba510511809a7d48c3c6d5433c12beee4677724aa890c19102fde866c3a6a4639c3d09d54876f66bd8248da4de,16311614e3113a46c76c129744df1505c2c841e1
e689d6a75c4cab398176cdad12e86c5ea8c44d71569d27737bae244b1496cd85f6a2228bf08f6ff25513de698d81e2de7e310980f489df295422ff052843888b92edaef39577fefdb6ed4d087f57ccf035c73412ef3b27f2485bc06b4d0ceb66,c3be0c140886c2d6e9df783e4f4e40a5d6a7e4b7
f1d0ffe4303df051bced7e970c5d11eb81ab7b9703bb6399a9f97be4b61273ab79e751e2836c573d98b35f548c3663eddf0499b9600753bc7514371affbf0adcc546bb7b2fe2f355277e01cb9eed526118f0aeedbd09f7fafb3893c8190aa527,84832c9bf54019a9e5bd49dcba6445fc412e6aa8
a036d6440f1137c390dfd3cd0b4a34e0eccfffb066d9bae296618751db6de0fbcb59b778618db610ed2950094d04a1fc5bfbfe9ca84e35acf5b4e9388e6d1e937f37aaef112334bcef9f278247346a7fc05d6acded3fc978793699638ee552e1,c10b8790c0ac6fcbd1dd3e38f143ea14f2d8584e
6ae7fbfb0cd3c5b0ac4f82d9ae0fd4db1b125c71aa800b48e2e8871bcdb0df2e2d072126a7af8ffc9fbf4d8fec4661088089f2230f481913606f1a9d71cd7b3eecbf56dd75b3b7720d885675af91a1f3d5a976d5b82b0b7c71fda221a9cde39f,c30cdcc62bc70724b560678431f4a8b6eeab1c28
5c2294e08396396ed7616ec49b98a40e4f5ab1da84135be3ece5fcc03880d0f81a1047e24bb4fe53a3ed5e82e5cc29edfa6f333a697447e5f560402ab8559e0d2e30f41090cba6b5cc212ab435f394a50f4b61976a5845696f2c8dce76785f5f,18a58e7c30e0563d7c88ac5fe8e361e1b46f10fe
8793bb7f8af9b1e30953316cf1d5a530b81b3a87676609afc784ec845c53658df98f5dbabcb1b786e060d853f68cd3a8b99df32e4b9171013bc22fad8b21211eedc0f0765fe0d2458e3b82addda25825b0edf7b3e27a681f98fb6e920d09328b,89e8b3675a671c9b5baf62c27a648218b848bc49
9cb91e917dcd9b9f814fe1228d8a9c112631216993e415dbb4ef2982f50dd4b9a83fd39ab3cfb281f05e3251f3d9fd78b950157653ebf247977007a30c75ed7e1551103c5556ec89c688e5c4f48693071f0a42b714760e98767edcdb3cddb894,5574c6455d59287a277917f13ca8386c93796f3e
6a2ee445e6abd85b9defe96a0452d5331a47c6c8936cc0bf9a61774d7d04a5a5cd35de2896c1f4312bb144a4d16c8472b59459b4d7a2f8ae550c8250ccff0134308644b0500cf51ea68c0ec0be5247db323ce26340b7fc2090456ff74ef52a56,041bf3fb9990cecd70eea0dff786f5d9906f6a66
1e4bfdbe2a6a2d9913604cc9705c02418c13a200d7ac522d9801aef11f8b3d9f869bd638b75dedc57e52f7c3894649604640867d26fa7a52d244781f70161ada35f80af6c0179fdda8dedcacee7db0f5cbe55a3c95c82c382806679e43b355c8,2ce29cf468a4cfdd79fd6b5908a7011acaeb9ca4
e5be9950fe63648f8b1fc83d03baa109eb8849ee71257541da0e654efce2e7fd8497b62a2d641830b8775ef266071d9a4cbb9194d1de71e77278bf29220e6829eb33ef3f731fd4a468398932590691c95cd88ff3d93af0d67b992af59668e250,440fdacdedd0acfb8dde305fab3d8548b3352b51
b3da6af934d1e39ee18979c4fc8b37a2e8b5f931a439ae143b2d5a37fd4bf5b3d7c1f51b2393f4ac528a6cebf0680bd36a4d9290f0eeafae4ff4d2b6a1e95dac499a21b522d03e88f7624958b1e9ce0b84fe1b9ff93b546630cb782d0e075f41,6c018ebd89673c5f1afaababc5e05590457a7135
a982236446dfe5a8ae666ab8a3c760c1d520ca4fd53e47d42bbeecd48595568bb7be1fcf764e6d900f3d4cede27679acdf76765f8ad635077987e0937e40a0d8dfb8d1f5fcc78ccfe7d522b07fd118043f04b7ac9c12a4ee0b8b0f8b8a1f0e82,5477ec620c01e203edcad72246c5bfc077a34aff
072355847f90250548f767ab1d277a8d13ecb273b18b67374c0db72fa2971efbf3b940cf682dfb645f23029dbeb981a54e1126d9ad69d2f4d32627c3f894dc6846da8ab57ea5d69b33f4ac45e3b3217e9c1a045bac78228198cc7cbac5325e1b,fc224a3721662f607e165fd650d8afd43994fc61
992ed1113b701f71a67ec628fa036078534bbcf3c0b2223408858f322fea7ebfa8748ab70df4929e2b680a7097939064084535710cabaf464301424fbd800dd3787950c5222abc6abae8049a116eded616caea993a715355799fdd8358fc5278,0e83da75df869ea120349fa203c578d7d8b37935
1c5aec20a4364c3c07bcfa2801b14c31ae46970703f31707774514ab23bdfe55dd2d4512b004d7db477dc11494159af06bd4b97df395e95196ce933717a7588fa853f8d23f25f2e1f7647c018e9e78b4d0721f78da5b06dfd789901b389f83a6,6ea91363738c3db9dd73b220c241c76cb6b3322f
2cd70dd13d2a117cc4141f6bc1cc5a547346462e4604d859bc031fb2f04b18433fffb188bd6aa6ca7a0c8a890cc8372066fb6224b11afb70221e84f8bda362276bb2c26aa1b67094d06938a5e3adccab49f049be2a932dcefa13083e5175fe23,cfcf5146efbf59faa0c54bc499467a62c1727a1b
b22c37751a9a9dc3ce566b6f0db8e39c23d890f1a3454ad47e7f8d4fae58f71136b33a52c493fc17b2205ea518674779cf069207964eb92ea29251a5fca04671e8a83fe257c93a5bb62ec831142126fa502b12e451e8a4dc35030df09bc6172c,770ee58f21d3d9feff0d4d77afdd2c7b71b8d116
c6c33016bd3f39f63c495442791f8cd1263bb7cfe8b580e6263a945534446a714a572c8b243c0b21643c0a67e60f49e24344c7d08307f9824391dc7a0d583cc5115f0b86e73dcc1f19fdbfda5a8eff1bd4d50f3655688d0d206e40211853a192,77749d2044f6f256d8a6606cdd275db222cb0775
dcd184bd319b9b87919f3fa23a85fbabc949191a8385ae48955a84798d68e844151beae8cd171254df34b84854fb1ee3d46e375bf220a43fe0d474a67cf894afd708faeff63b04edba47ed9280c45d87e1fe4d47a3a9b1c28439a89401dcbe24,c15c7028527e4630cc3542b36559df140c9ddcf1
c084f41572b02a06131fcf5ce6efba37f7f86f278298ac40df88cbe1d391be97ebec1f6c05806c20795d91cbb1e67a9d094118a890b250ca63fdfbfb57829dd4738462101fd38ac170387e640028b778caf614c50d9ea5ffd5296f156bc5f182,45b1169b25f3bfa97046cd838f6abc7c4b8b6b1c
380550e1e3f9af5c3ad358c4128bd437b9dcf362f141e890fe9bdc2ebfcde0be891141c8545f21d0323bd8e29e1699df68b5999c9b49be4b59270e33b3043e6d67f6e35d26676480e440ef8769fed8cc1f4dd25ba8137236673e45c5a90100a6,4079860f71eecbfa4b714128f07718622835ffa5
fe20b7e8846d1979309420c7613fa0a1af7656444ea5d7f1098cd575329f44dcad4ecb7de674f8f635236ad305b569012fc85c1f05a355a7c9b60cd1df8d5eff55244a63b7d18a49ff34d0bca6fe6a150aa0253c578dc801869c0e5b1b0a86d0,f371fededac581757a312bb81405b1b010fe81f0
1bac3de14907ddd0fa81718fc7e3428a05391397c01ffdf4bc59b9f461d8a53a261ee46c0ab58661cd0d50730e72c9a3d7105a818d57c8484287f28f48b313cd57666f7b7dd4d8ee43bb1b732348cec98466a5537f3a527ac2cc16f85d188f1b,b2cb9c5860c53ae8b1e79049404e7f2a7a08c9c8
a6233777f7de3bf5b1eee3efb37a9205e0aef48753a1bcc4b3da87f8f9896beae0412151979bd642007aba4a01bff46d02a445e4205c2622604d21c6e8f2f16a615fe313b5209e424b5d6339a71b262f97d4614fbbf87145785849132398e06e,475b7a3598c0fec46e5794faea10dee75aa7be7d
dbf0681a2abc09beb364b18529adf120f2e07ec4a1072089d066292101b47a9998fa706ae375f812d18471e8392064861908f6145048aa636e56985fc47a3286f30cac2fc55b2e73da5807945b08cc765b683c6b3a1a768ed6c76ebc0eb841ff,be966ef44b20a04e94cc1f1dd8bdf1f6be1a0f3a
bc7b893a267259595ed09d677eafef0fc52ab3a3e16b41cff1efbf514ed8931f1c971df6c57977a346bfd8f65624f379fe22e80db0469f8a8fda69ec69f99440621a3246102d47e8240f02b03c6884bfaf1cdb89e49b3a3a831512d81218e503,71b6939499865fd2c2ed97de21ae876333b678b6
e02da40699b7f76d17c5954bda354832cee087c88f3a717f1ffda976ccc001313393c4f5d32722e379fbe8a555b04aa8c389ec033fa189aaa08fbef368e6e48c546632b8126aa89cfbe2af790ef8ac898f0849fad07ce5f7f650fc8db63d811e,432545bd3dfcb2c7c2cceb949846fff52d3e68eb
20a851580ff3e1c5bdd09ef0d647b51db3297d66199a6dc9d47242b42bedcf58b76d2e3144dbcabd8c1df414efede0d654128102e251260f133903a37f01c876f1f0535ff71ce2828367333d9c8c01da42e6015878b9d6659159f6f2a5ed576d,61b0ac7969f1ce5ee6931cfd5586177f6e172388
9b54ee2bea02fb12c57da4f5e6d750864f1330e1f0694e0d2f223fc54657e32e91596407b001ee76eb2ab4545301f30c9f6b49acf6da71dbf3d37ebed174a253f39c5eb6e78fd615539059fbd40be2ce91d4e217184627a2cde05077a0356f0e,ab27f735609fcd3b5cadd71b326ec046f9c6fa1d
78fda914dff51df8602563aede3524c10b00006bce9d8e97f9c129b7d8215968518eec98024e96810d21e39477df925a41ab84a13e2f97adf7ef6ce445f5e98d66566660b83aeafc56a92e10cfe57bbc7a7e54d9d1fe4890c07e14804c420bd0,a2de4e0c0e7d70f7b45be0fc76351186f01f743d
97d7aee683f25ffd720a0d1d058b9177793090cce5cadaa0fc0a1a167a561501a3a58cc521895e2598a9f63ea96c5fb850355d0df51c70e667771ded2237b245d56ee27de7a18d89343f33977bd2a8531d2c93b180a1897bf86ae997db5bcdd9,50171201da3f1137dd607e90500b53a7f3ef9221
fb82e03c564fb1e1f3d798198eb541999af69301e7c1fc20a4da15771740856d0761322a8c65619a3d4d043acd05a88583643317467131aa16880be05d72f2e9ea74342d02cabf28a34cae29999371fb215be3ff7b302b2219e9ded633f04cf4,2041f1f4b0e133dfc21cd8d94bb19a5266223571
211f8784cfaeff044d373dcb9791ea0ecb0a8e1db35bc1ffbb12f7660425d2f0cea3b8e92e3ea16ec61dab0b9e4069e7d4239e648e03b7817d8dac6f63e9eca0f2f56bf6fe66eda8af58eb0c3b088cd76b7b62c8ac438ba32699987ab4de2b7c,0118590ebc5dfe368356dc9bfb170f62316d07b1
5d920e3c680de35d38aeafbc85813345b12173ffc9f7ba828622a0a0db4ed5afc797d64b0e3883e94b60e8d9dc5fdd172f7eba90975d9baa6ccb7c58da33d0e394a37bcddff74fd98b2cf188bb42072b00cc69f99e392e7df0f1296b513497c9,8e926c1b2ff28b379ea437ef98fe3978c5d94feb
cf15a7dad96cb4de2a14dac2ac9c42ccbad0bc62b312edd972188d4be154cfbbfe90705911d80c96e80d54f2a5306dc43e4ceb177b055772d0ac56a6a08ce251d57c861313c9babb01006c5c19ff3ca763189582a525f366d24d4cc42430a585,6ed2c9d9af3be0e0bce3b7008f6c574a3e310613
60507b50648655ace70e0d4f9245400b951fdb57632d1c2532eb5d47b918c67c633bb7b91247a69a0219bf82c1137db26d09ea18ab793a13a1eaea407d686fbf1a287896b4e329f1418b6e7f52cfd9892c83bb0bb75cbf0d3dc40e33f804587f,e27c450ad7d018e8b7fb1797bf75a6d0aeba7a5e
40c939b025dc7b52e9143b5b20651850dc62d3a27e4f71d2998496dc3dbf510d77aff55a3648f23d2eb3f2288eb3d55c13ad1b88e1ed9c0c220e59cc8ec3b523afdc72fdf5fc868b3a4cc93d7d164f0a36e5432484183d4ab7a85e8e14285197,535231a580f47e05fb658352b43cf123cb320a79
b3bb55c813062c9db014c368d9af048d3e24850bf009b1384d092641da53108dc037b430c49cb241e920cdf70d9883359d3ef315e7cc2623167858a3add8b628f346a04ca0d853802ef4ddf13b4d63b84510ec47cbdb49e9050755006b8a1317,0e23f6a903b489661f94d23f3d97d91406118be9
1732d581e81c93402ae137908e185cad0e7c0f805c34aa6ef1855c96797098e25a672821006387a8d6aecc656f3fd82b08cc6c17657aa14a635f66b63f81eff7966a84ba27fb344c98d55066dd0b2308160c6ffc38d148356cd14046cc3dd7fb,b1ee6e95363037df096a307be360ab4548b04e3f
2248af0604329c40b9c3493d4a802cc4f7842f3acb627245cd1a2461fb0f5882ddc09afc57d70b90416df0e800a856f4f44762ab36ffa294b5c61a6066acb1be78170d0da3b796f8a7a32627565dae44ef79a60781a51ac4db8eb38e7b661f54,e8f41eb32043252a92cfa51fe62ac98fa9445cc6
b6490b0b9412f7170bf071a0ef736dc4a9092cc110daf6ec2156d2f378013b63e6488bdf33965e6d5bc3fe9b8723a92e565cf18b6443a85c9f92704a257c702429feb08bee83b6532d047c10bfe96a23bb6f96ebd787d62bda431933faed97af,3897122d9c00c3d498234831d6af05d2f741a1d2
1a3edfc5cf58a405de3c51759d536cfa0b6cc80bcd58377947b5235e351453fa55b732226e6b2b2bd30a9fe6deb3fc68f28615694590fa07a476e1caa5fe0e7d7fe7fdfbdb61c370a589571fbf273728f50abf9b46ab570097cec67c3eeca1e3,ac88c1b0a52447e27ad9a95db976a802cb51a9ff
0e72d840bf43b5a7203ef344ae548f629cc01b6d747394af74c2caeacbfe93d5766821c0ff16b2aea0e50c20b45b166d6bccde3ae83b9862140d739d50e403cee82ef1e80db64f04507727bf3aafdb52b226021effc183f1d93bed61c4f7672e,d8e6de1823ed3cb4fb86b849c58d4a4b3c50f001
2776b11d6f8da445fa4c5fa297a8eec191d34369523a93a8db820848a24306609b79735bd63403f92a953a05c1f791495b20dda754f8fe7a5e58e951785fba38478199aa5c55912da9e69f61591f8da515eb43b70e767c20d604780b8318193f,488e02d6a4d8f62ac644300a75472cf8554da595
a5b76cfdaf25b4bb01c8b0e49510990c8db9f2db4c5cfc3a7e8750d0b208dfd346768ede01374f0075d1b293bc5d660e05ba6dee28ace2534abf8c696ad82b71b1618c3d465ba593b8409752e3305068e1a4f9bb8ba6fbc452503b753495491b,f9c2ad2065725778cd42bf1e050c7257b92f51a4
186d72ff6d76cf25c3e1f7d23e52219674bc8b6e0bbb56929524bdc2bbf220cb8d568127330ff898c70fc380d0ce1105b2c0d259fc0df51334cb6a1dabd1db9e96a1982c797ef32c335da57c235378802eed22e8e9b5fd670701a1297fcd543f,a2e4ce1656b9bee19eb536fb31ad96c49b3b4a27
801b01c530ac4b78eef4fa35153a80ade092679dedcea46a3f89698b7b5ffa6df1b6a7f7211c87171f0a8fbd8b24187863b72e356d19bc98e8717f8010cc1b221bcea659c7a2c7a052d4cc9978292f28a03a115d58ab499ef343061c866b41ef,a31fcab7151277d456738f4ae88fc762194a0461
882740c0b82ded2efdb709ffaa0413954817d7ac7895ba516d812649c17a8239f53cce91f09803823e811629f61adf1b636e6454eea2abc8353ac469601efe7dc93a1cfabcf9aa6925f1942f5defe145fea5d5ad35a312b03ceeef2cedb16ea7,91946c8fe4be1f4300f354c24c50460a4371cd74
7628a7282b59283d4998b2d210319c7d3a019c5f715b57e3cfd76adcaa53d76c84dcddaf22350832e0893ff26117b325e2f4ec33d04ad877cfc191145cafb1c4d9d9ade8a2637ad16341916515a71e3549143f47d29408b2145acf1f8901ca93,fa97dbc9233e9816efc9505762bf8744284045b2
ce6bedfc47beeeaf7c763ead9e0cc53122f1ced2e8685a5b0ad261e9925726d39e9ec0f85b2bdaa2ea78594f083ee517ae2e28eba31b006b531c62d796a623b976c3719418ea1aa9b96102e344451ddc9678010057a10f79a50843368ca7a9e6,013d88869f4a3208504c4e5721b9c05caa72cdbe
246d248cb7aedcb2bba53ce09d920f6d128833f95c32a664a743f39a4c9926af7bd33ae35beeac1cc532002d4236c78cf36f48fc7f273968ff0409d87143e74d68966cc881d78354b78f6760a26d38011a696e2820bee3cbc503b6c45cb8b1c9,1732fe9755ff9ed2b76ccce388540a384f0c0ea7
393b02bed7738f51ece90b82bab1e580a3d9ac11b9ce02b23ea6e18bfff7326e7d9be10561e5a81e4e18d2fdcd582330c66c0ee8e452bff0647c248d2d0f5dc93fa62115517d579e9f9d4d3cf37bc7a78d966a5995230cd341d248a26971f4d4,fe541c8157a470f53c53d25fc838b9b4756d6c3b
6b43676723855ebba1e34a7c9508093905166f796345526475811607f065edbb197b249a3e19266a79d03a1a4903b15dcc3d423a2bb94467a4a670cb54f8c8722dcfe4a42a3d0a84be28ae398369544cc06d7ac30f662702345679bb418ecd7e,53de8bbeef1bbf3c5b9356f9bb7d8a83004cea17
6f0fd17fa2c5698705291f8bb7ea2715b569219458ced3a3dba30bca544e99dd0ab92254dfb36a932136bc84845ffa7f96ffb7c3a95288d9cad433ea2710aca0fab57bc9627ed2eee094f9f1e1f932fd1402de93c6871bfcd3e4e92335af6ac0,3fd3f40d5ed43ce14706bcc0a0e6a94c0b5b44b2
daf1b387f014f525e81226143234a49cae669ace51b492101083337c0bcb70a777e55d0fc83bfe56e7b419ed498a2804d3fb53361daa9cc43ee5adb7e988b4db8bb436c85ade30a28a52c1680fa49b992a0c6e07b4d824c60898814604f19bc7,1e0dd99b4f916e905c2dba614dcd9613338c1f5e
9cfebac2686418bcb51314cf2174d9d54e5838f5d53fc39f5e7d59d908cc79177cd1876de0ed82b42117cd571016fb50ebecdd7ae2534df7b1d8493e5cae9fc660c3cc512ac9a4440eeb767b0e24b932e8e9660f450ad8f13b18757de19eaa3b,b5f490468a56b9db65642bd3a2d680efb49b1979
d35af79479ce44a14231f52d9e63522bf0f915e29fbc752d03a9acd455210060874587296a22313cc81e346866ac4d1f1c5962a23b61cb8d1ceb8fb89ce9793c294a90412ce4cfb9ffe4eff080e576b2aa85def501dbd81cb13ed7c9787759d6,998b6ecaf214b7312657444bb2697dd2cadb4a99
90cf8fdbee5b525c2dc09d8542136b8753da79b88a446e299ecbad10dc7eeaa9da3a98af704c36380db5984b1d3ef4ac416e8c0cd9c59d004dab564e3680233e256f4ca968db2b60ea311103272eb131fe458afe3efb9c480921ad0dddd26b5f,5f5142c1f467e64c11cb6d5e5e65df9eb500f077
b5fb7a6f151308f4c1418855b34cea0850b351ec219607200e367442c894372bd751e431fff0b430b946c39498964d5022ba2c5690a5c6184b1814a463ebf69541509fe69aed1557efdad77aef405b397a0ea6db7c6ce5fa400e3cf729694168,773892d48f9b805197e3e475636ecd46a966a8b6
daea0c02db2ac88fd470dc28c93963fadc6e9de53f9d8f4fbead601dc74a5eddf8c91e9922744b1570735221936d0ecdc7d8604ade0a8564f6af51b48b0164c0259e1a3ebe139bf07a8026fff7b82e467dbb47bc052cdbcd500b87f35dc8b9ac,f8abeb630b6dd2e49e0506d5ff1eff4f5910217b
fa30d2918cd24ff437cf91227f2a8c01c0f020ff6090aaf302746fd6cbf961c1c9f706f5abdf30074b19de98cd437ae1dd2a00824f0259f64d1ed306084fbd9e1a4bce81c646026b8d960a14d57af32846722f52015170556d6efc82ad6d2bb7,5a50af1c4f17bd7f79652d45ba8251cd62acd964
b4792b28f8da41d014c21dea3a2359d0dc90b979346dcc2f94a0df47f9377fe5f35b20a9e329469562a247f48788c8e89427d06d524ec6270daf5dbb61b41c213f41b22e113621de856c8dbd1b002dd57eb6e47ece8b5ef0caf283288d571b06,22f4f78dc03f0b56289b7776f28014a2f2883098
305cade1b7214fca92011dbf9cb9fa19ab34d40fa74bc08875b44151f654ee6b70d809256efc44d57694b6d144e1427f46b3b0adbe07f013aa3590c5af352ed3fb791c2afc77ba51124c75fc956bb131b9445a8057310f215b237a5a0b50e152,3eba5a491037f978c2fb9d1316ed8f22fea251d8
e594f65535fe6bf8f0a35d5a4812a3a38d6c9c2981d82a5278298ea66e85739cb5d5da390de1990704fa717a7baa1902b5c3fb712ddb0d48e6db840f1ce13d74096a2844ef71c92ee4dda98aa31c22f2c3097b4546eb739827285be8b988c8de,68dca7b0d253c6c38dc55078d2aac40065ef016a
64ef56c61bab27a7fd3ddaf41412be297ad3f44fa0e34ecdfd25e9a202f0c9216406090f50a93dbd94c0ca4979b594d65ef73d6e9f5c0f96a478381e3c08932ebfbcad2de7d0f04bd45e19f4197f46d1a8ab34289641cd3f4d7f360ecbb8a7d3,74c0d199815fc36b79df0ee9392864babf05d953
8ba4b4b41bc1a05ab34f87063925af54b35c484b42e072c8f12c7f94218b4fc9f4667db2e9b184ee2ec33006320ec854f788892df4111a099d8b940f54fdca4d2ecdbf5f56ad55d8049c5590657f0d93b8798ed6c9d005b3712b2811fa858896,eca4723a7c00b0de02d6cf258539efc57653348e
3925780e906ac597c7188223812d6ec9ee9a2c5ba734c91752879e5f63a344a82f7a8541e1730efb80c8dea96829d8d3d44bbb3480b74c5b17d9a92085007fbfaefa69a69bba27cff1c5b77382e49fecda3a64c7ddbbe342ec92840eda286754,2fd2e7df028900b64fb5ea58f4d7b459595cf5ea
fc52575cfe92b07514ca00fe573cde1cb5ae5a6d149000045924b4105b9ad9ab09596bf97046da37b936761ea5daf06b3547e7122b960e57e4f73d67432ccc7f5c97827b83307eb6f529eff570abc8e1500aa3df491b3c5478339647944fce9b,70840fca09fd7bdb2ae2f4d8d43293187753e0bd
7577ea8081e5dc7566d10eb440991b8c6bb4e2cf8633a2e5aecd5eb6fae6431b3294e911ca1aa2815fe7a1e6b3688cd1031388eb2c8af1698ed529fd40f765484e1b6e78af6d0acc8b6e45cf7dc35b0408cd87eb39461c710ba9ad73856ef062,18a87abf6ffe1bd31aee84ebda01d80ea5345007
2e1d286658ec304a7a1bb006cf060e09a01d420d42511a650d030e5a8ce87b4f84489030a018941e45fd70d5c85cff8482d1a925f8fe781355ed62ea1562ba74fd1de760c49bf8164eafacf8eb230ff5395b1fdc0c70fb834b1c7933bcde2fb4,84f73f6c507c6a4835f42de714f1e55aa39170e2
1f713ba7ff4d4baa145f7af0249d4251aec20e1dfaf5959636c0a42d3d03952aa8c142149f9ce007ee3efefbf948f5038639bf0d25a0268af2c001a24722ec4ff0e52a73b89a25a5a1a3ce6737dad4d0a384cd89f01d3031ef67a60b5535dc49,72c5cffcaadfc342fe1aa3fae42204d38f71de7c
30d6b0746b88b0e63724bebc14ef9d3c0bb8b0434880e0ab11ed0e1c9cc285b5448fd0b65fb184b06953ec4d112c327eb88cd8985e536e4c3892d874c5fbb6c55a6797d8cb738bf1cbee6b2ed3ee7fd53d7f61ed2115293381c869a99d5afdcc,d413c1e012500fd6759ec06338e90f10c7b19d42
def737d24572b1dc16a2ad49fc7748ce27dfd562c05e9c58d421d9a0cc988da5af742abf4decd42233187240520eef1f6d778947f91f9073ce014b88bc7eb47e74deefa28371bf91a1ee3444a0b7511572d84447b6f3b0a7e68f246189c6fd7d,a9d0c3ef343e866c4db6d51406026a419b4c9ce5
cb85155da2b7c9649237de54fc921d698c8441e281823d88824bd2cfaa45c578b2cd428d9177865a737dabae9737b02c67fd5b9a232c741516ffff27ba8bcc6a5513ae444594536b6d70f6673ce0e543f808898482c561e41fc6c34aebbe8ee1,45e334d457c5ebe57bf0c14995969222c57bbe23
f0d96eef23fb5ee9430e2f004158c54c95aa2a517697e4578912a0c04f2ab2a4e65d7cbdb60666b85fda5fc1565fcb531275c3251424a322dd4e8818cc27d859f2a6da804950e28741b5ebe82c07a81ba6977bacdadcdc11f1bfd892e796bddd,cea4b27468018798fc05fecd708d4b1b8464b687
8d513f9e83783133a2be6f9d91b193e5444324b746b327f48c85f2c5268e387146277b7e797ea7e76f0989e8fc59bf9217603365c35ef53b81aec00548528e548b0f79e2057e971cb381c51beac7025954639606fa1512bf93d4580a19bc60ac,b3b66c7b4234773947fc5edaf292e48197c97c7c
1e8cf9fd9c9d653e5d3ff5a8758766a78e99272ed9bdb1ddcda1a980925c069c7626bc7895af9a486f1ea1989275045a6cf5f5f0050ade72db23b6915ee21c08816f97d6288dfd17c5c8d4a77bbddbc16fd8491c5800afca3643bce0688eab1d,9c33ff4701ea9f5565792dc8fa9e964b1335d6e2
ced0ef9126e8cb4c584f248de284ea6691ae29482c206844a7639cad09b3975a237155496ea35b72b6398f4bef947af8a3c3d4b002a8cbb3c22b3cfe4808a4ce0daf0a0df60026f5f7e30717fa4ce9c1cf906b8d190e50aa1415dca8e330325d,6d8d83f3841f1242edc0f5c9c9f19a6414ccf3d0
32d1c7006f69c1154b341c73f3be57c5a55860df1b950bd4796998344bbc46e0446eb3f14860339bdc9093a1eda71835eb2b4c48632e651507632e1c3896f303a6d10340e2cc87f385091fd3bd7b2e79b255b598adc320d31f47b2914a90d9ec,260c769bea4942af77be641c0dc2fc0b671469de
e3aea2e9ef1f8d4149d3b4192af6ee8b7cd58bc14c2961ae58a32148727e00a6b89ff91ecf899acb8f1083d88a33eed5bc8f1d1a16da20af98f1c055a1ed996801ccb2e4192c071014b4ecfad98f995a9d6fbbe41fd9afb584754f43a9a10f7c,0342e56b6d1867023c16be58884a3dcac0ce848f
7ba906f9158c218e3826a8320aa944a7f315f2578f572ed2df0d17b3b8c94ebab606fb58101da193248af4381eba73b43bd7b99da045d66ecea4688cebcd549f1a59401ce4c19831854ac9b1c93eee76303a658381cc88eb1b15f68a051033ac,4408a2daef7c107632b64415545dcdce49d8d6ae
fcfcca87f0b3e31825e944e701b9f1fa37d90e726f1b74962a8ea98a49c7a415605fefb8486df00037bd0c3d6583b1da724ac592660a5068bb13cd58fd2bb30a78dda815843d928450437807b28c1d4c145dd750c52aefe37f37f9e8e2e3f049,19cbebf0d30a0151f66903f91b1cd56c56b1cf6d
b5622dd301f3db8250e726ce6900b89d74d869df2092c81dc543fac082bb6319ce078d4e708fa0ef7a5e832ee510f9623bf4c333ff3a4965e88a9cb9ce370cc58e960c09ca7bb8e3823b848c69ef38723d4bd9f0352693c4a67affd027365aa7,7a2ff2eb250e33928b55133fe65de51f0d1f72b8
9d4b362cc44dd60e390d9fdf28eb28c999e9ce3b3f29b62712c17fc93e637788afb04238d0bea101c8c4781c08f2c17a6bc8decccab81f6127623b6e0ad67fc1ae44f08d3e60d568f41c44cd945f5e42e37076ad98c5675a7840aafe8efd6214,6cc21e4950a43bd6a1a273b1d45627df53225203
7c8acf868787734bfb51cf58d456988f4a0fc1e03e4969264a7a17c07ef4e7b15c8b60ea200a970ace5e0c691e82ebb62e43661b5cf0bc606da500747aa9c070f9403338d8c3d3c512ad30ea5ae63c502f15c6e6b61ed7fff03fd763f90976ba,436275257eedb0db07caec762700df876daf8c0f
93d7cac66484c461f424e195c3ce1805d540c9db630ff5e18ffc091a0794b93332e4dc9fbc383408dfb7b74c6016e42b32f6508c2dc48968f5a31c563ba2d6012bfb023114f102d5b20d5fa0946c711081522c1704d6e709c4243aed5ac4c3e2,09cb08e59029df70e4c769a8513d4357c0eb7e99
a326719722c8b56cd82335c7ced4c0d9c81e00a566ef5f56f3c870f4c0dfc96755c8030d429e28120bd570116dc6cab45139f12ebc74f302879c2a4b2794a97c2cb1638394a7463c4d0c2d035682b671d0da0f7de72b98e9c154136ebed1d98b,d6910a1f5f78f7979f92e3677c481a0dc7f16879
1451116eccdae89ba181a711ab1251a93d2e348be8f642d201f9ec38c1338912618e59e687f259b62d3d35d55ed05cba4a21fea4c680d104a454620a85f0f4ae80e459fe1463b9f62e7a979d99756fb165ecacf3da8ce1330b3d43d6160d4620,4362ec37edaf03f5b3e180b739b34c8a2ee03bdf
18211819e7007de227f97460b9a1cca846a1b0bb091c5691f907cd895d465d6110e1e39d0e749a2959ebbda1c119c3feadb101dabb276ea4059bdfeb71961078edae28e42f7ee721b7a0214aad20b509a4d0b795c1dc2299e7494fda93669a62,4565480e9951567a7d430e7009554ec508bffa65
1cc165de04f99afd50c948d05b30182a8c371bb667dae3c6e9428fe5a10b7476004657b680ec41c36080c7af9bc62e144e61004117d34e9adffc3005ca75e427042169dfdc0c7c6f92a122bc4504672c431d747463b0ae5f71675414b6bb4c68,67680e590e45875c253033d308a45376fb2c07e0
032c17bc240b9e74c6e498ad86d7b8b222f88e490f1f0df301f18d66480dfd9431e1d8f13d8610533f366f70e098d915e27b97cefd494e9be3c7f251b08c5ade67f935f921856e59053483ccddf907c1dfd1ea7002a62ddb6f88c67102ce399b,5b5b9fb415c0a93ab0eeeb1296913b862c118cc4
85919525edd9f7a4e2618ea4833afb95b16c41eeac8b1d32259de16ede3e3e89c6821ac4a517ddd0ec606a07aad66aa1434243a66ee09d8541f8a73ff7dd047bac1f52eff30d579760bbc557a22efc6e696c6666591672b33f2db46cf5f4f33f,a26ac26852cd9834f65a674cddbe28976eeb0941
fb4b7fab0f5ff13e33ace2af062d8cdee00d2161eb53da6392b6dd9078e1ee9d61b325af599b8d98f3a9891b7fb5279f57aec1043c4f91bc42b5c25683034838871b0c3fcd007e35d7f9e87eb9f1dea1fd81b41fe0e8b0aec87e69d1abcbc9db,63f9ff20d6c41ddf27513154cee69c373b2b4624
5b403e5a24daca07279c377364f8edfab09e2bcbfd477ec4ca19cde1b7085938cb227a06f322cf95bcd20d935808b051a893535f2a065748e0525af300dde0b514c87d97e3d74247e6c8c7ed3c2f3eb3a661e924512db33a23c6424c73acfdf6,0cf7bb5ffb8f3dc94b7707b0889c1ae3ce9820e5
7f3cbc0a76a7d6e9b0a3a2d783385798986a6e1f35547055b0a47b8c20ced5702de2df957b4310635e0af2ab65685911ecae7423ca0afd3bc549fa9bd9e2b6d3f7bb601433770610077d1aa684283ac734ee572911528d0aedce255a9319c23d,662690ccf4339c9cb4d3b580dffb9bc55dd5235a
054da63b7a9580bfc48bba2b692d6db916b6ac3328a5ae607256a30bea7ee62b27240294ead1a0efc5c5f90b860e1b4e0cebdaafa25dd64e45276959ef81b6b488f5130e097c3ef27e05b4878043ad4296a72958621dcf5c252a7fa25ae7077c,563defcdc6df4abcadd6ce248badaa111efc8913
11344a00aaeb393ee41d1f7e9bcf0cb60513a9c4c3b050838cda1ed5d4f512f854f1f07c401aa7b741ed94c86c4d57bbe00559a31dc89fe438211560b9300945237c8ec6e32e2615f086dd92e0ee5320e288e63adfc709daffff2ec82cb00961,09ffc6fb4ca6e625a95c54d7d596286dc8052a02
cdd10a08b1895b95d19ce7424557e833d8d183b7482419e6e7452454477973a9e1bd56f1f39c8bafadce420843d8e8add2876d83fd11967e62adb5c79a97d5c1e3cdad04b02845874f21b002011048b92d38a23ff8e7bb350dd987705b0f9ce2,e2eec5a997eabbbd62e73387a12010d468d99adc
b0d937874396cc98808da9f9516159a9d790beea42b4237559b43f5dfb333708411419b11c27e57fa695e8d6ff76e66dcbedc710c14ea4033845f9c1993154496a4c1139c802a2fb53a506e8add030dfd4e500ac15888ee18ff450fc921a9b53,6d472b5e07aad0e1bcd4c12d19b8436237b519be
5954961eaef1c5da0271c81b020148fb0f0ad725b3ba19e4ee24f764a3f2eb3911bd03b3259bd428a8bb34c81e37bfeea7d40d56d8a2e3fdd57a6d1b25feef6104bbe43eb0b25bef7473db47ea5793c09188d17d9d3356364e56e4061c92db37,9934b37efbe64bbf0548d96b4691c0c14e140bac
2a86bef61b11661c9ab77ed219b871ecd23f25f0a54903968d5ee05c6d0955b41e8e651d48e9e9dccd1bca4f6faa57dfd9a1a70dfc8de7e6570272fc1735e7d22b95a10d4c1878a2eaef5bac8d92b0c3e9f27822969a804c0dcc3b900407e34d,9109fed4c25f5413a94e8232bd2e8be100bbe5a2
066587392d5d46416dbbe12ca4d06daec36d0ad837d0cb27314df51d1befc29c861910bff25fe926d2bcfa863780b077a77e5a77eba48548da5127805d08d3f4b31f84b3007e8fe2b28eab3d1f788a97122b87edf90a1560947a88ee8511527c,293af0711a0f6d6db0d8eefce4e00abf35d0ebd8
f37dae6a87f7b04b6b1ccf485f785f5758ea316d660a8eba297c4aafb420397913d26bbe5d501e9ec1acde01b9fa3cfaa5c3208be39fac12819fcb879adeced4bfa338195b3f131004f399e6a927bfb40498f936c12aee31bfe8f44442e0a614,1b73d1dd6d19bfe6011c417c46aa79c78f431f7a
08dd8a2c4e61d328606e3420cdfb4cd693480fe6783ac5344919425a9656408c9f145d35ab11c519201efd8e838e72b133a727634a6e4bab61f13949e0ccc62f4145e19749a0a995f3548f724d8e0e0dfe13332ee41778198a2e6392e38c46d2,b4f4f262e426289fc67401d2db7d831dd66e8d47
0309ab0707feb9ba68095b65ec01385a5afcfce3e49fe231d7291215b5df162f70b3c447b9fb3775346906f4f679c17d0fdd8409a1924c1648a8448a5b8803d27f3018abc524600114a558a667869ff855a167095fc2708b2a8766441b4c6e82,63caa37963d111362c67454dfc44aef0d4bf56fe
7114025d4e74c8cf48fabc6cae8fd672b8dbf391a863f75cc1fb572b73516bbb9865f4f99aa50671e552150f3fe8fb6c19186332c15982731f3147997a6741ae127b74fc49d314bb0cdeade912d7d396df0416dbde421cc9552450a65f144185,33da1b1a33634962e004702a9ebb9fd818af96d8
cd7cfc4bd56ea9b14fd0ae9745b4091ad1c859fc18067de8aa78ca542fbfb4156675dff433e0533d4322a0962c069b4c63bbaee8b9065759ae466a73a4420d41a9f47bab63f6f690f8cff5738e60bd8e45d06538c51130229fc9d8240d6dc67c,850faa02f7b0ce7f7c6a6a85ab4d93607ff3f30a
90275d53106c81e7b5a17560a8f1fcb7c3dc3ffa3840d814190ad625d1391a0694a4d9af011ba145430f6785b3ae0757257de0302b7800927223522de634c7a11b8dd3897feabf0694af424063115ab3c87e059c986b6c80c34bc50dbbfbb085,d616ff6991e6a076bfe659dae80f656ad5901a60
08286a7b922f8ad9f9e8403e76ded16ade91c49b0b2f9cf89413372534ede73c357c33eab0e50316951cf4b4d21058f7dae5355a78c7be5be8d164c84a0fa6a8523d75e380a1a5245f6336334b52589e5e0b2816f428ae5d1bf1d88c112e4a0d,8b667872483dd0fcb7d42cafe0fb8b4860b74475
e8bb9faafdffcbbc3aaf0a1f4692945746ab325c69d30ea4bd0a774773c913d887832acd43235c84cf6cbfbf034584a602b0199d03ac3784ed27c5c3a3398509e95551ed2c7338ef84c23e406a7725337e9a42070bf5e4cbcacee48956fa21e8,005b9c5022c755a6ebb0cac0b08e0647386f8e07
8e677755650bbef5ec2782aa342231cf2923947e4642999ea6223f72eefdbf2e1b521570c03ecd5568fd22de28e36b0860aff46930cebdf84f86ae9afcb8ea32fc42e8daf3e0368c9df5f17c6f6f43b35fe0a281673a3757f7b0c5a6c13007dd,f43dfa8a33e247a5505155ce5de265c6fcfca180
dfa79c05f8ba9e2659a22ffadf15a1ab7b901538f0eeaaee833018c1f72784b8f1ac5094d38e88db108b1dd950614cf803926b56846ee2a5294c9f3a4724e390fd110913d2d52a80039c0bb97a2020d1eb55f52d352585e24cba6b4bed6bdfd6,9ef6af45be76cb2644504e415cae439431578d33
1dafc538d32f1cd77af9274e38450052f0e7f3ff4f51638221f3490f3e1fa6b0b1d97b5b17ea8d5afa13466c3013146e4d8bf424042b3bee8e42e97e64d0a3ff813f400926628f2d950376f90e54044fb3b554df34df8d8da87af3c089f72e9c,5fa5f902b7be10d283565896e05f32622ea28049
844f35a9481eac8624fddb24752d671e3704b465e869c1066f7bc50205836f0065314df2bc556746ab364925aeac83360948218ededcbac2c9b8d307216aa6c404f9645da28c3103e5c12c0cf2fa599b29ca339c032fb577439f681529de3bee,69a79a707d01f003683376118f095cf3c9584282
d9e2e04f62909a8e31beb1af0164bdaaf5451cdad8b10903fafcc1847f971c4ef0efc82dedea1aef470f4bde8cc064d1aa1d1ae5a8269bf85ebcb7132acb189e28f8d74785d30edd1298eeb56f62e58c9e75697db01e79590ad9532c0d69aed7,b2f37ca5aef113a512d2d4cd53eedf745efbbe6f
57c7e6f07ae5f2270316dc288ea1fc4df8f285891b3324aebfb4a96fa067ef7b4008513daf26deb35d39c93c206259b2473f4ec4e7cd11ad075e9861b05ac972f34432f700dec3bf345542b8683350affd1125e34fb39d37053517bf4ea44b32,b33e382fbad7f675bb69eab179c94961bb092726
fb2904a645b1f44bf4c4b833556990f678476c7678a616b6995a04d77ec36c6b431b8484c72b1099e972fb804bee4d8b52f3ed6d996d57c42b16cee4d28cff812a9a4a39335b0e4cdb30475ac44eb44da2ac35b2cbd550f087ffd24f59c5fcaa,9a9318adfe1d2e51066c585298edc4943e153e6f
ac407bd341d63c223bfed01c63bd21f1bb7bb7ef06283ca41fb082d0c0a1c37bf8988142b7f009e1f6637b1e22ae3fbaefc2005ce0bd048595a00bc962214cec3cefa444f8e5edb33e9ca28655cab0bc069960184916eebd70eb2d8abe539373,8b75d9ba78a51b06ced2076d600535c18335160b
2521486a06f66cf670cdbce1e23ba3cb6472306b8b5b85976e6548e97ed20dfe64b3649248e3b015356f54e1f503178a843a4623e2d8c3385ed5784b22ba4f745d4587c7683d8753029dea71de886ac0f645bf522b66d7e9e6ecaa8b357b224f,28bdd54bee46fd8238ba4e15e97ff29517028fee
bc14bf11183564f0bee4371c246b3bf5b215f4440b8e3ebdb2f29b950de6a4de80b349e71e90d680b34b93626cbed770705f25a2852d33f56944ccca64ca564a653a8e7ecdb06bfa80c55fcdfe7e3a018b6f0dd1d89c5bee6e9664de9ba80009,9a2dc95fe636055b42c6e63d87dbbe0486c37421
73279c8141c8d15ea34d2618ee9c4ef3c9a575299d29def2fe1482d5a99fface36bcddf26b0ea15a16f2e011dd84d6d41d763efdc344a826f5bfacf50383a2ec8715643262ef0c223ccc89af59fc2be1135c9d73c797bcb5798ee83e76d33ce1,bad84e521d467be73bd809eaa74d627bf91188f3
1e18153719d9c8c078f448648fcbd6e12d45945f71c4f8e98909476f7f862905679f402c1428a9adad6094174b174ea02da649619def37158f14e2c07d566cf38dcab8d2864c040989533c3cc6e22fb6a495860f14e2735fac2988812634db19,ca3119b2b8b765796a2481c23116a75cb5e98054
820bb39a72f3088c64b98674c9bc59aebe75cfd085fc912c3e032bf16c9fbf674d187c4509a2676570147e4d525c330d5a349debb8153145b6f63978242ba5d8c21d37e29e65d73f6423e4b4a2536c9206e47746b1b8f4255c46fcc602a1503d,154dc7a51566e7547efc26ee565205ef59958691
82e125278ef28f93891413910c75d2a3fdcbd454c5f835a695aaa706d46a3ec784660c47c5f5f8f5e03d3ad0ec36e527aa8356d170794d411145c6011fa4ea5e7b52eea4e8e5370be0107769a62d90bdfda1c182c4fcc8de308de5cb74bb509c,dcffc00d0c17e49fcf441d7d4b3565bc69d0e339
3a3b2e8a3f33d18859cbd30363d40e7fdcaa44aa623553d42517825dec3d3039b181b2864b85bd7cade87d6795b9994f833da61beaaa86ef2c7188d730bd5deeb38eee205bbf62b3a2a3f45286ef16a4a91afe31581bef3f445cc98ddae3b238,ed2ac52ff3b629dbc24a5290e738fa8ff9b0cf82
d82f6880ba88a8377576cc395c4bbaca6255fc4075b3abdc6369eee29bd3361fd3108e5ba9397b0b52656295b66fa1ca1c6aab84786a89c38580d31c1d41c6d5c164e1a75853638ec088569132a32bf89a09133cc455344f617adcce0064ea18,2a7bcc010b995d975c3f1442e3ce52eac5790e88
1402be4a28cd778110bd87d1ca70e0a822d5a9d8adce0a51bf45621b6e52fe006ea5d68c2c40d914f361b218d43bbde1444047f4178d928d1fa398cc7c7e192b5407a9b686c8a8424b72513c8051ec7632132842fa89fa51be26f8d0124948fe,a745f5c7d3b5a4703828258ee8d770d8e05594fc
4fb051062647b3b6d46f6c62f784b92d738a461965a8ba1707c3da32d078fded09bffabf3827089be2faf0df53bbb96e43a37b8b42f47598f68d1c67cac8c2863958eaa2a3bdfa030cae8de80bd5485f8275924f8eb0eb04147a2ace411014b8,c5dc7656931534eac83cb5c5bebf2e35d63e0922
4c9dfec9ad6ebeb93d676620f528153b794d3f2122b05ffd3472f31ca33c3559a770734fd850beede0b2e9147709b949f7421b7bf9a45c22b670ae3e6abc1494acc4ef1038faa8b16dd3782ac5b5120b8edbe96451108201b05617c49e4ed38e,67b30f3abdc5e940c3564fcf13e7ea678b0d31d8
bea9edc2ebd1c40e054354b93f9efc1ad86e2c17505a3b0f77a3fb2e60f5e4676d94eb6c6ec57b7a3db9fc7edbeaf1a4d2d31d3ddc8509ed3a288a916d21796c2eed242406ac1f1bb900c29ed5f6215f040430e4cdefdb9c0c1ac8073e2cf2b0,3c81989f32f66c0b4835c5b41033ab12cf758ab0
78291ca73551adb75e4d6cc74a7ab6ad86c2af7b820aa6fb31c3acc8eb849f2a4da0ac6d134526acac3b8145034ed268a3d791047fcd1317188e52d9fad4252a2ddda5087d7e13a861637e03a41a563c4271f4c1836e912ab1de4a47d8dec42b,9bd343ad571a3d7d0a6720391f947a4259b90e91
6799f97644f0bc0844e73cc400f79934bbf40884f1612e899b039c17a0cd80c1f3e9a5c8aee1d39f5c01f90a23350d2ca3083d9aba805b9205aaa65e40504c4f869e0f9c6a467dafa55923d70addbfd239a6668f830fc0cc75da57a72c472063,295d1e253bb4ab4426dba9d1185ea670affea849
0ae4e25741e21b0fe6dab01365a11006d70e62ec3017fa8e15223281e4ea6e780d972b6ae130b8a77b6f182fdebd708da361d6723920ef11aa77551ab7e805316ec3df7cbfe8ce661fe8ddd020222d07bbb8c09dcc2c26d77f3445a58556e3ce,10415ea1f6e572f01bd23a646606fb058c9a346d
28990f5e32127896affc2ba6011e5061df124ae371990b9cd7d04adedfad375aeb924e5dc9a90a56d42cd1c1bbb822fb9b58d5bc7dbda48f62cafdb9f21ea3fa474c33e1017a036c91bc296bf9bbda1306a16dfecdcadb387c89a76c7c602acb,eb0e01e0f2fb0432211231901f99e6a18873eef0
c27a4a770377ef686ef5d7fa6be570e73652a0eedc1e82cb3bcbf1ef636b82e733dd0c66a2513c44aeff118d38bcd337bf077936d06fed6118c39267b9e528ef2cebc1834d8f7b68de325e5d2da9afdadff1f77e42e051607d386707d5d21fbb,ab16f32c49ef343bca3cf2e365b7668b75f9a166
04e677a5e3d2ab31593684222be68629752d36e90b16b7bc66346929f0b28d2a1a4d8e03268eb97e8e75cd2a8d260f1318e536a11bdc0315722f3fbc8c778dd68fae00d7b933a08b8f23046867f6d3f0db1da3e576d461c1305df8f3867508f8,2781c57a54acebc6d020ed09d1cebafc0fa83fb7
5e1a3f94def5d489e722278efbdff0af9c96106f3a5905ac346441e7abda7ca625c5025011567b4a4cf2201af99f601f4d5b26501ffc98376973630cdeec6093c2b38a85ea2bcc95b3a3f05c1c51aaa78fc5fa03f98d57627f59f7c9f512cba4,d2fc77fd924c5d5c0484ce6eee9abc3939a57cb3
34b798bccc603f5a9c7fcf5247d8ac9b2cc0882668f589a5fb5118da4fc390f6c32c80bd777b6af9682f758af56786572932cfdbd81434d3935ed32dbbac33e76b8067615d7f904ec7f0ade5aad62a5fde50e4ded8185804e86ba2740afc7843,a2f41e0e4a1e06ad765ba7dc81d423d3058cf8d7
7ef7aaddc995e8c217b75130d9e3aad27dbec4adb43b964c55d318efc8ab5046bdadc41b352a64a379157505b9ac7064c106408de5e24f154878a3dba5e98c286a79e771dbe0d353d4b75231836d681ebc8c5f6c5e27534a3b107126b36bea95,ef19ab4b86838df18e9d0d297d3b31119bf5ea2d
c2de92276babbb1c172c3664f58aac9fb611f5641801c8d210516b9f4ce0c458d21f653d74b597ddb123381a7e11cad134708ce8a9247415d538ff6479da95f4777eab1ed7b9746c46f07f1edf967d827cb1faa8e4f26ac133f1c581905b29a0,675638a5e1dfa1333d2205b289acc3e645fe18ce
31032e73a2b73041c8ed79a84cf0e62075d347264a22ae9846958b655d9d7ddbbe60a01cde63596b80f6d3c894ad26a979cb58de9850516e85c26cf1cbd774f000d785c8edd6ed44c6b3a821b5ab22c8ad01d389d548dd487b526abf3c6fe360,c2dab5dad773a69cf1e8ded65f3e300e836c9ae7
a0266d252c97137b898a72810e3d0f541c91feb7b22551b5b9a90900fe255fafa9cc5a6c3dfd60ae17fb06138cff9e1834ddbd5e0be420a2b3ef608b70a8f3eb5e92c7e14f0a00ecaef8a650c986ab31d97422b63e351b3a961f8841cd1d8be1,7ef0f2a2eebaf2b4a15648bddd5373848a8fea55
6cae93c74e10a647360f834c91511404a1e4e3fd642ae23997c3fef721566231fa616f4caf5f9cb4b8d7065067078cc7f3d7a4257d3f630937d5f6ea23eadd4747180664428fbeb81c7f47fe75b1515fcdec0d3559d7d602d7572452302142c9,9c86489e6d206a0aeed1f89e5a3b676c885b312d
944402a91d5f8c5378218113dac0415a310096178ac871cc9bbc67991c764310b9f1f46ba8a81fba53d5cd60f898a8737e6ed1c804cf7f967ab894dbdd36d54df3c693505e1b53029a74bb514de2565930ffacd0ee84513a4e5958204636684e,73a450b575c143642480d57d3ec1ab6a35fd88e1
756e1f71ba112fc4db59e8f9f8ff83d45ef7e664cb5c238a9c279642b2fafa929e46728428a61ecfe87a7431b05d91274c11c9b48d10659385b26b826e37f51075b19ee29814de975a28bd7e9bc7278113091a950e9728089f54c13a7b91000a,7dec9ae8faf3de1073e0b875f88772c8178313a0
7aa1996505cc436ca073df190b35764f695a6f5a9cf5250ae92b9f827009b2006781bc1a83370c517bf8c499181910d07b54e5e05a3eeb72b1cbeaf5fb8263c24d0c7e7cb1ca763ff40467e47e469d9e492e55e7bc99ff182ee4d9d3b99481d4,088feb19763a1f637ce2981f96d618be882c8cae
0f6e8a886cb0f6d43949951491e83c1ed31d0397bfeeaa68dc36a1fdd9c77385a92ac0c705ea518292fdf60628598f9279c47c54a5f65eb6422d5647a1d398aeaa18f4f5f18c7d4b1abf88c9d193f376b196dc1cbce441349534fe780b750f66,f7c6782e15b45c3cab078e2999e8da45fadb9649
4b1cc0a1602732616e58d6261430584ae213445f072340b100499b4f668e60cf19b7ef8f0a08f8304319af987703d701a876ababcd968f6afea7110480f719889da51feb33d16aad3acef444c75160418ea361bafec18b404b45e0f6a055ff84,9a4d43ca253987a9d5717c1520794b5970900a07
7586194a9cbb59fe0e6b80e5d8d26fb062a7ebf6895cec2a7b3f52ccb805eba55f834e80771f68b5a6990c7b4ace258fb07b4b44b57dadf7f08ba3d2cd49b9abcbd47962920db918117a9180671bfb44762abe108dd6ae2b73ab9ec924e45a8c,e78d3f734a4f807652c41d423cc6bf33b57bb882
87a85f13796664747669bf381cd8eabee5ba2debbdadd90a2434a4ee3ab6425d45c273093abdbe4ca0f513f9cd28fd0c5c2123f5a7b83a77917eaf6f422f90aa5b09045791f8babb7f35be887c326a162c75a2fe1c7179d77ffccef731c1ffe8,53bf1e998235b1b431724ff03cdf9862e6e30a31
dae0f57700f43e33a57e9367d931f7a868ba11a7f4d633632f7340bc62e0538fde542391d0e20eebcd44abaa2529bc60bade40bc18fa09973f90c6d500a8dc08970c0b05ed56b1aa8ded091f1f713950c645cd9aea851b2a79eadb04312d1fdf,d227e728ac14eeeeea96b2bfe9fdbab8f59e3b5d
adb16aa4e62c8d8f1f66d11f6234aad2cdf5d0606232de12ba56d0740f8fecfa2f5248f0420321b8c07c1e0443c1a49664b1b042ed5513124637182347c38d5bc3fa005799b37770fe4066f257e3f446d1c4aec152500f1aba6f6019fc4fe7c0,da53f5a9a2cf99a8dc0fdf9fe25f8cacbde313e6
f430a9440d1953489affb9f9604d4cad31edaddbd09b9a977bb9f1c9605537c180099eca76deeb2a68caacd7310785a8ce584138138ef23ce4ed0dd83d2d2064e5bc7ce211c78e9abd36c91102f8ed8264c8227d469ade557b420fba99eba335,5872fa27229ad0e83c5624b4c7ddedfc4f825f59
2c2871948e65362aa9d2a834362c4620a7d65384a507b3d0b98a4769eb52cb643ef32534cbf908fef9080a7cb281643b96283fbb7bc03d00294fb1c26889d9caa3607ee5c1ec620d4b04e7ce2b7bb8d30a317875f845d22ad9ba51305563399b,4c0e8bd4d4186c214e61ab9317a915fb3935758e
4deb535843de7d3be6d3b7113e25fdc858df4d00120a4c74daa2b318f1732e555422a2c06d02c64e0ecb0ecc858a85ad712090d2421d1e8fc5503e2b1b5218cbc2af3e0f35b057ac34265b7f607637973ac62fb63d9b2cd05174ca25cc7484bb,5779ae686df69d0c4adda9808f3910b65a82937d
99329187378b68fd201ac0f8eb19d9271907076bcc894ee7a57408053eae1593d737252e5567f27cdbbc2a561a91fcf0c8a76cdd480466202e1e0504af5f8213aaa4b216598274f52b00df87c718b3dcef5d3215a428885ad4735d46554847ec,81b1e31d7269ecb744458af1f77b99f9b2ffb881
a245c85f310b5f94af3c60c351b113a6589328198ccd20184641c2013038af3a9504cfe98a35b2737bbf55fa44ce0627c479890a652121b9f3dacf2d3d9575d555e27521455af32168de6087d88a1c958f6bb1f502a3816cab186a139e6eb49e,11ec9c88b5f35cfe626ef1f33364f9ff9b4507a5
c6091c89d9f24938895b803fd65d8931ed1f8de1fce3b41e030b04c777d391d8690e1de55f5b91cdb5564dcef4d7dec7bf9faacec2bcc39e6cbbf9a3347f7fc0a526d7fa1c25bbc658b865855784648aa896b8070cd9225ffc5a4de5857831dd,96f1656f838e325d8ce5cb22a0b939933e970c95
86533974d8901cb3fa718fa07c37e32b4bf8de8cbc228cff578d74a61747a0663ffb1a07a8090ddabc82ba4576717e1b93be0053caa4c84e51a91309376d6cf946887aa3787ffa3b8df67667c5b6e105c2e3f80c93e921597d092c901fc1d7aa,ffd17941beebbd4594a1c76b3ce7778f9ce0940e
cdddd3605483b669846c6a7a2de089883d22c161864f95aa500597f8ba82913ae20a02208f25e5f819b7451dbc18953a36b37ed98c96a0b2384ea930c6f51639354b9ad6f29fb7d00bef368c2d5a127a50ccb8e956f1dd92543f982337beedd1,9e791498929c52cc4dce283fd990b08aa165b415
3ed1bb17bf666081602f88e577bce6dc690a5d315bd1e2bb7274915a94fed1dd99f89ab69e09bd54fac3647bd5efcc2f1b339d396d8bf577050dfa9ce379f2c2402e30c0417e9e913e4b393466ccd211eb2b08dad5714953cada933e5e60041c,54cbaa69b880600dbaa543d0bd74d6620f7416b5
881fa435ed763f2f8cc9ecf761d9865f7c808190bcf3ae4ddaa4e2d22e1bdb67a82243ba175145ce66c9d390fceab7c6a72e107d2bfee94fe2d41a71c84f0adc6f6359c556d48b5c5f79cf9e6ab9247fa1bdefe3d6ada669af81132dba813ba5,fbed9d11d739de384db796b0e8bcc0d15384dede
39163a9b8b6eda587698b3284823cd57d4508aa4b6606ca057243b21819a9fee4ac1d67a9e98140b937b516decf12c66aa2f287c26cee998f72564a86b4060c5d5d279dcb025cb06dd2f974748be3874e39a80ab00345b5c1ff7c594eab7b4c7,238a3069d59e0bd1177afbce3359210487b91885
d4400daf353b95b5a3cc892799c98cf7330e73442537faa3ff441ed1d4a37981609297d3ce02ee98a48ac184285f5fb70541ac8350bee83067d10add48b45d697863449e14526d3f0204d7181da0d460bbb969dda93f17ea8fd5988203684726,3436d02c7da41267137c88c79711ca13f2fe95d1
df303bd071b47e04834088f0c2ba24bcdbe56be53ea23221e6c08bd11f2e8c6f1a79eab409d266be3ab2410f280d59c0f84af25f131612a109a35d86a51831f4eb23873557715aa0910a497b652caa750e25b5b649c1718f7565d5acb9e016f9,49cfd41b742047406b6e1eeb99234503425eac26
ce27ab5455110faa4cc01432df6d887351055c62bc0bff33197808cb01524be9f0a944c300f27535b2d11a98640b586ca3fa764e56938ac786ad84b0a1e7a6e9ffa5943d9873ce4fd414fd7c7ecec4d0d49e7a6adc611694df8f7bac893f5596,e080c2689b5bcc1040e5540f4482829545583b9c
7895a6c71a3d7728e862a84c93b86e7cf0386757a9069de259c41d23ce8c4c6e6dc2a1191a151930b7d51c06032f2f42d7255e63411684bde73bc1fc741a4f4e39cd5c2e8b4303749a2b8faa0eba302528c373316c1d24e17617039862dfde9a,6716fd6ff005551f0de48edcf01e2fb15c723a6a
773f28162f6efd04c63bf5b749c61966a072350deddabe5c5a47e38921667ae83f3112c173aff841cb28f57d8fb57bc1d2abce9552ba7d93011c8914e4dcf3a3d98ee1d74a94194b2424b5775e3607e2e5547e51b5299b07248f8763a6539358,50db0059b6e99e1666272414c350a8b87b63a266
49248c50dec94b1ca775eae24ee185d945730955236fd58c5a696ca9ceb4e67a8dd8d610656905777e677629774277e1a97b2a7435717dfab9b19792741b10d31a1b9fb40e28114438cbd445b15de629367042be92ea6d6e1e78bf59dd3d8ebc,3d8fe7f69aecafbed9147bfc2df573cc12fd84cf
e5907eb0db8028e59e66b229dfef11bd1e55035f2a2aa250ce64da21c1615c59b40795a58597a8a895e68d829263dff285ada8c257dcd614663a456e92b6b5c80aa010776c9316a6f1cf7aa26c540569bc493914aeae15e392a53c6c5d9df461,057a85d161935b18719b77a432d93bfcd5bbb6a4
6aedcfd93e439d16facf15a15795f1005ebf184d9bf41647d8a5d12d4ee7e1e9682b167e014282f2432dc35e46f6accd0bf24a1de5a242f433c5f31ab980a82ca60c7dca1b293df03fa6d55b1267edc6d8dae0f6b6ae4e24e6bd3bcd36613af9,71540fc2d00a3b7f185fcbf4fe6198bee810ccc9
9eb02b33a559c2d8c7982beb39fafce8640ac78db945e5e9f14fe6be98ff25249686c0b37a8a404f8fc1116a375d1fe5325fd146c3fb88924c94f4267fde29711509b86fcb6308805434a6eae3a235759d9babb673fe2220dceb01d6894bb645,44e18f1092ca537fb2aab70700b006c4271c629a
