d5b0d45222994617d2ee74d47fb07bf26fb1893a12364bbac714951e71482694,bb4823d5e63eff2dd0594e3c0f847d834ccf3d0a
54acacc0110d6503ddc2f5bec2ac36e6382cff57c9a042a3c7edaba6abdc8b52,0996978e496dbccb4df02aea1b3a969879d0758f
4e32d76820edd5a150fb95acebe1f98c6c4badf327a2a646ceb203b0dd50174c,5d5cf3005c5c8fc1eff13e912866777038c565df
da493aa8445ac62af5592aa844db48c79410e1a5ecb6b660b3417e4ac33e7867,8666041a5ecec84a34f3997d3e7c4fa50c2f82a3
45bf62ec67e6788ba3792f0958d3f90ae48132fb639b1986a4a1955c2caf32dd,72c1d7b029e1342af25e70cc31a774c86724c42a
96159742173469e98557610c2ea3d8d542d050476b0fa7b5306aa3ed9c922145,038d14560db453313642a6857183bbe4dc07a8e2
3819fe01abba1813ea62c7d7a32588f441847d03487daf09d2d64f9c722013f3,b5fd649a9220299bdc5cf15e5d59fc1d02e4c522
0be49d34f30a8886eec8281f4ea0d315ab9e9e4460c4e0e9f2bb74e054d26810,8083ece3250ad37d27c30d62ed98affd77f57b79
f7901984d09d15fb270525a2dd69276f4866e01b66eb2f7fde69ff2d405c96ad,64800730c8ae756ed29e5f0a51bce209f254db63
8b61e0e64e7489d40d5e59120466698c9830b802934d999c870c2840395cd7c8,7142bf67cb409747da47da9c73028e95bc1863c8
b1e6e1c9096a753134f2eb8253f0c919780d36e99a2d2cae4a88727285d37e8d,47f1dbec8f1891df3cf188b5ff14dcde3b8b5aea
dd34551f8b3b3a949ee5a7adef2811058c1932a7dccfc5fc2f9211a1d293d0c3,31a1e2d4ad8fff84c35fccc73d5c96654bef14fc
cc47f04c182b44619e5bd716240bfc230e84a3654d7c06c0459fb12fbda15a80,90add66a4159780490ebb24ae2feea281e16b506
c139796c685db5497a0a2080c40fedb68be863d35cfe989b17327a31d5eb7ce4,13ec7bc16b009640d6bfbc714744d968cb40a9ad
3fb0b167a995a42defaa6c95cb138be4fd8daa3fb93f2bcf26acbf7e2fb2161f,8e2aab2ba4c1a64ab50b593bdfeb2af366fcd602
621eb0612d093cdcb4b6a7c47c4c3f32eedf5d5ad317c73f24f1d42af77a187d,43c616dee9456fba2da6469d0a275fbb2f2d8d44
c382390fa2795d9e12ba1727246cb53b609d579ee59f5df4cdb6d061869d0278,80a3697006b047427852b3489100cb45f4d85072
9160137c7558b6662fcc275426b43bbc4c738d4f912452aa428d81f65a6580c9,f6b24e15c45dd3082c6f577861905be5b94d7486
26ea9fda19eef7a6700b582d2421d8958eedc00ffd1c57ebe86a5da8e74202e0ad5f29a48cd1509d881189335f7c599eb00595e6e63ccf56133c94ba0fcf0e7969c360693577153cc2890d27d3af7f779b54ad0566c542fbe475777202e72d534974fd0cdf5a96e1091008297acd03ea72bb1e2e5f1654318bbc3245763d4bd8f41301e8a640abde1b51f8de2b9646b1605cd0c1b4b4e0d5397a7e97cdd094806029a59b6d2b3a949cc2a927d46c690f02125c73f016f57c7d570f1de3e44ab935bea0fc57119ee0444bc5199d3e4b3bf1e395481bdfc54261ee4b1868484fad418724a8953ef9bf898678489e6c646babe2ff4b89986aabffd4f1782ebafeae99467daebf44f8c0a25935f1c74ecff6,9a9885711e3b8803eac13e99602e1a57d4305fc9
a0cec146888cf3a7f9e9fad3d9112edf6831f20b8bdcbea8a2626d2d5b6cb609,f6c12f85a2a2e84a19a9c75a99c9e36efcf8ee28
f0fcd36d31b35b506c84784890fe7eae4c5af03a9360fdcf7ad37bab6557095a,f6931edf1f92b3c34006fade255b25c721a5b740
307d629ef085891e56027d146e6137fd6b3103ecc4dfa8122f129fb7f537ac7a,f7b72853b583235ac7183ddff9f9bf8ef3d40094
35ec1593743d96e57f373e06586e584dad150dc49b10619e7cdd7291d11b252a,5e4e594fab9d1d7aa85e120b39bc6a41925050bd
d8711bfbfb22cb6d8fabb30d20d9dd7d98e4de1f6081aef9cd5639531f754b3a,d91a5dc5484d7d130c36639bf3c9a463714ce9d4
71fe4bf714362942ae4b5052b01a2750113607a7b93924b0ab89eefc29f8527a,82795fc79241d4fb71057a1a61f6106354cef381
0056025fb3f66527f2448b78336843a961bbfe16e464585099db411d0d82a0ca,840252ebffbe592ccbdb97bcdaffa39157c5a863
30b0d968ba33ee2138ef020af039e7c63a71c2b3d1f26dbfbf7aca5bc3ab9b11,49dcd87a430601e86a2d917ecfd454c1ab3d4e8a
561cd3dfd1f54336ce73a8903b49b689fda84a53d43d3764775e2861f96f2558,03a46624eb7d13a202affc85c48c1fbf4d8f7d57
bc23d97fce56096d9507c90c0b8adf30d382d41fa7f1a08ac031f55fc8c66c45,cb7e5a649ac8cd10bb4febe066a1d2568090024e
fe47daab32c759aa7a2199409c64cdb749cf84e9515c421fa03ae7be1af2436a,c83fbbb5a5100740cc5ae64c85e53c223809b5a1
b2f8f12c2e89e739407555f1cc424c47af0bc580eb6431e3ec36899bf12fe5d0,02a673a360d65429e24f55cb9e53ffde576fb0cc
e04346d3bcd050b589e1af7a007ee4d4f38a8e6ad6f2f185f8d62afc52760a57,0c3fb8234dc07c32910a99d0f7b645b576fdd615
f0d46fb3b79bd83a4e075ca8948ea4a08a1fc86698113ff4b3e1fc87126ad5ca,c8c2c125cc8c55cdd7563e64e68c468959f91d24
6c655079820267e735b0ba9a353338a70412ef34404f01fb487e0154f3c1eee4,aea048ed64ab3f365073352ee9fdc16c4621afbd
82d4d57f80fe088af1a8745fcd8c72a031880a51fb933dd8c476d2d5b83890e9,88b2316b80eb4508cf5642bc3b62516aac0ea36f
a842f8a37f9b99ddb1cea26eacf21a50bb8cb8f60a8bc415a92965a7cd5cb8e5,774dd9e46f36c9d0f3aa4b3a3642a4f20f518dc1
332579f9e463aefa23911cdc3605f3a677c9230e7b9f99da3a8352a95eb65c85,2aa8b0aa46835b868e36df4a4497fa7fa5a647ce
a450d97ec455bd3d2e4b31e8b0abe8c7f8f50ffbf8d04943a7a29660c1185dd2,53ccbcea3cb73d7f20b6ab53ad0d29739e661776
173780f7f448891d6de86198e6b0375997aec7f5392c31b5f943ab0d9f6d55aa,86772b959c9f289975f4676f470ab48f25eb5843
598800fa239eb6c66499ab1265888e18e3cfe7276797cb3fde264e4f976a1275,598389ed86a562968e2b62d593d087b98ac4a3f5
31de094803d169cef70b1ee19484d3d33c584a02740720fdb686cfba12f7a442,3efa1e18611c467846d4a907f14115e7fdcef525
d3bafa6b974cc514a240e711b91e90a7ecb32a4d699b4f233bb742cc61a9d1e5,51dde830429ef320ed4b014c79a1393cb694e3c0
f27c3b957b01d7dca2a2635728c0527f396d390fbf63c05a9b913a5d3006d005,12261afc248032220bd82ba0a1da224601d168e0
d64a85d465eb2b11e7a8a7fbe91b6f9286de21e478159265dbfef7fc2d71f867,35506a3d6cbc1437e2f2e7c3e43cfca21cea1ff1
6c872674c1896c9e142ecd16e505f2d76fc44e0dc92d60cfd77362afbe564e95,4e561043cf016d2929a724739899c73a6bbe8324
aaf9570e844718780638705f1751e82ba8a49cfd5fdbbfc0afcbf1b3dba5db1a,f542f23a5537140318139db58a083205c4fdf503
bebc9a983b9c3803d4be839e389e55f83261387fab735b84df943d5aec6ea4b4,de4f6aacd13687c203353675b074304529678490
197eb73b3a812590c1cb857632af1accbe098e6f05109db9ba3f9887e4f4467f,9b056a8376494679bffccff0e234893628a3dac5
f0e78cfb30473e5195247920e5eca9739d417e495e76cbf4784e301f3720b047,1bd804cdcd75533dffcba191032a8a68e6192889
0d8aa89ec3c691dff0f622f7b1026a71334345c103a9f65d0a0f6327f6280563,cb2585520c73ebbdd0da8a78e34fb8c8e1f41136
7436e085947a38312bf039738c1ba4fe0efa19357618a869fcf97ab37bbf2cd5,b5d597472a47ffae3aa4a1c13efc46090758da16
e4ad1b1cfb6257ecee8b3e7896357f341f8c00a8dfc4a5ae08cf8dd0d7b0133c,046c60b49ee82f91593ca0a4357a43b70b805d8f
0cb3e6f07ea5fcc11eaf21a743e17ed0d41fc22b82fdddca1d49eee6a49578f1,e4700620581eb605d722f3594ded20d418bb3e6a
55c412ba31f983493542b4383ad1c718a1e1ecf448d2aa4f2f545cb31a445c4b,a24ee68384ef988391f825d008c5c18695fa96cc
9dc7a0d5ba58ae6c5f505d8bc7c23c706b528eed34ec415d0dd662e92b8785d8,a6649ae20aa876b117cfbe5568937512cd019c3f
8259efb2885ea7c170974ec1acaebe6e93865f21fa1fe8a09bdf1c4d4a04fb09,e708b0d96228bb92c81ccfa21d2f22d41de05b1f
f31da33baf841c6ac07694abc4ef6f73f03e90069779a1074e067b6598089518,b9fc5d6db08b55bf70cf9487f7ebd5567a79df17
ce94deaf1c6fe3172eed21c0fcc20ae2eeb40fcd3d0b44af381d88fa39758c76,5f49bd81efff4bf0efa5aae5fb0a297d88ba0e14
6c5813333e5d1fab4b1e1c8da2abb0a6591f703a7d80db1673173ba1cb441297,bdf5811797c0f380d669c609965da80e118efed2
5f380051d0cb0d25ddb7a40179b15eb2120e97ee61c2ec1299d34b034bb7d06e,75b45334c3bf3c8b7efb35f40531b0a2659cb720
6faa0d6ed971613182c59821250fa1a6cfe7a0724d913c40157c4d2ff8e6cccf,bcedfebd2c8ce66f26bbf20224c80f46cd702511
56685a0570ff2cc3ab8ce448977b20fa0a9e6ff1d2c6ba355436093f252031c03fbbbb7f8cbb59edad687891776853496dd77a0e20b1763381610ef0bedbc364eed8fd429ea335a0607f3cdb5b519cee4a8b7e8bfc67e2934d5fed6466d064a30d7652fcbefcb942afb02745d7a26963b26deab9f033aa3659f9d75fcc2c9c6eaed5e413417e2a92ff4814c6c2011af82e94e981bdb41000db5555ad583a28b936721417ed81f2fc930fc721fe321fde40b4f690819c902907f3f2f5b28646b315bc8676eed8ae9223774081c119c1e30e4f373c259de278ea2819ae8f4c6e3763d020286521c31a93b753b7a3391082f7e8a3d9a06be7264f35fda0076c0e3cf92de29ee699c1ee3a5f5107d434bf58,f9f492ddfd773df839a9c165968e89356a820da3
5d09a5beba0d25332bce7f78dbafe758556bbc8addcf64e10b114eec832b6e66,5a4302096c6c37b64b0990286d3fc3444a318477
090a4e87bd2165039cad0454ee772edea2f6b5d4e729d08a64db4d9912b349e1,a0b56da5fc1275306e3f6b565df31a0a5356754f
45d6c6e04e290894b08d6e46dbaecc43bbc376cd54f99b35be3c7669001651f9,8e85238ec2c4c2aeb6fa3c47c345bb3764ddefcc
ec327d494f094609007435b8489678c4e778f661aafefc1c6dfb729bf6cd2a2d,4c25ece1018dae96c35c0a7727e2f47604dbfcf4
3d0567ab274d56242577a04b3a6297313dab500747541d422ca92d8f014caf7b,dbaf66d48a879781211d8562f12a6a50bf42367f
d3067f658f9faecd99fab946467808531d8c9593bf8b24e700fe16f37ab704d4,f342f132d2c99c5c1f3277e0218ad4c449223244
24320368a9ff211fbb92341baa4851597a5444bde5701fec90e9faea60be322a,4bc57d22c717cab6a2362d2ad6add2a7760eb1d1
d8d12a04abdf11d6ce029f92ae5829080f2ccf052ef4d7f3bc8dea135349de3a,4c2823e414a8325de99c12594e6b18d1a2829603
0faba6a8d8817cb8ec8f7b960edc295a8bd21c70b6caa88a7dd9156119a4c103,c11c781303b8394a0cb4cd9cbc7e1bcd62fec6a7
b870ff1245bdef213ee50560f8b81669dcd783cd19458fde3118c5b841d71f77,04210684dc7f0782e024244181aac797b3d23501
e50fb462058e6195b6cfd2ff46c181087ff511d790b68ca6e0a8ee0d77833795,9af5a8d819f51a9e47503baebc9d8ace2789028e
751c29b773be42f83423fc3788071fdaa330bf653bf9bde8afb29253eb179e4e,2542258db8e793572143b65a5556244653432243
41c55ecafa8f92d4569f36a64e3775c887145130e461a45a32da314ccfd8b158,3686f2481fa2b4fe06ab0e59d2ad8d242da53435
96629552ff36ab1898644235108874341ec2103c364ee771b9e9ab9f033c3d6b,19a2d836e49bc1f48fd3d3732115e57cc2289560
5af500894fed02909b869d18aa4145e67836d83f28d2279732df23c0d91af758,5db562fe6015f3228fbd196cffe15da0fe403c10
08587d58fee54338e4a01ca226150f717f83957b2a860fe963deb786dd23b6eb,edd36d998a5ad68e31a89757ef71ef6218545d79
ed705737e42e8e2db14dcca650ae9479953df0ae17f796b9e9fdbb1f807502f6,b48b9a34b6d9e0c0432d60b1641347da5f69b419
0b857e13b883e5f699a0b3c6115dcf449072f97c414d9809e31de830c25fa28f,6bfe9598dd75bcca053fe7f727fe5f76a0d689b3
be1380346fb37a20c9e4760ff0ec1ea30af1c50c491191bac5b3ac1eab2e4527,9eb6ba1d8625d272f2d71cec6914b0a7ecca2d34
4aec1b67dae158429e4a948a2db4664bd956322c568976e6cca58b458f64cb379ebca36b890cdf3edb778ba765619661e839e7a7200b3ec10d1016f8c86e2762919952889da68fd0f001a84df6b683a3f7e897dc79c6b7668a52c8ad31a3bafc414d574476b5e3526b7f250f18b1d51cda00258046a7363de1e5b91d5211023c98f316ecc1e89c8dabfa91d4c91fcb47949b23035275f5a7c0885fcd14a3623451d231e57e15a577d2347b0247a6c56a2e712a388260b466671ad3195b2616b8db0a3caf2e58e0c82f7524cba74c492ee15029ceb60924a763096f960dc7dd92d05bcda9773aa5e0eaeaea4f456222512d0e272127d6d48386fb2165db3679aa63c9fe3f234226875703b67104daee26,e19c2fd4fe1b403dd05109e6b5bad8fb2715f29c
a711d3d89d251876509ac55b7448f6371591dffa7e432cdbd6679826a0980669,68023181d062a47f18b8f2d02eddf42b666a8c3a
8245a08f2e1a9f02e9e7890cc699eacd0cc7eb649b9c37b7c453075588f06e3e,36d3d8f4ed32c335b115fcd6cfeab66b8ac7cbb1
1a35f89a93833f11da3c430a6f3099879486afb194e03a890d8569bfc777edef,00107c04c0da370d9fe79d1b4c796d4942f81507
84dda7a135b2af03b0e494201b1c652f21194c803e79491e80e69c1e3d96a5d8,1ca3d9f91b68b58e07d4ed4a701f9bd4b035cb79
c2ccd39b14fe4c6bf6816f9841ddd76b9772fc2c2a27918642c32a3bc84fabfe,359b1cbc190e5f7d83f641c64888b6522dcda5d4
1967328a4a4650c908a02aaefd62951e10e27f7920c70973ce8182486a2c0580,8522dec12ec52669e53111fee6c7aab315d420de
f5f4a72748ba6bd50e7d5b2cc6be4b3474ac0c82248197a4882885033559d64e,e75a187a1f4658ab5fec13dde8fb4bb2385f7cd2
f32bcefc89f1997b54061c3d764ee05318131fa2c7258974f31431434f2e7f5b,e5fa895271f32e655dbb5ab996c969ba0b1566a9
9c5844dceb2f15ebe461c5af690776f3066cc2b00680aa36e2378fc5df448f57,53ab748ded1607dbfcad16e4d66b7571f3af1f4c
1f06f442b50d33ae9ac900d447fe43cd39f981cddca19b6c0b10333e8354104c4fa931d2158bd5f3ab91c02294a365ac471ed8945ca5b99897c8428207da76b4a04efc9696859c74a77430abc15efe44038bab3307d8d42007a927c9880c81052647c19ee949f0bd6fda95fac76b5ef7e3075ee298885028f239acc944a368493870590fdbcada6a0905800ec2b4021703c73c5c6c49211778faedd49b4a69964fb03374996c756ba014ee375be4f872febfa5d297a54060d1691db4d913ec8399de013c8aebf4f13c687870d3d15da13d19f14d025d7d8432dca9f178dc3d4d24356a0c7048ce6c67beaa3deca1aed059affd1377896c8734122a81424c069b4d1872dcc05a3f9f150ba1af7dabab5c,241732ebb14ead9469ae6bc9500d4bd8e2d4333e
10a43fbff6fab18d03b5c365f8b1b2ec61959fb882a497038f4c122e07c94f21,38fd1985615c6042fc86992a902fe9669d69ccde
9d124bf6e82220f11a34c68b2f4d7c26ad19c0b83350d90c7a013dafff3b9a84,eb09da09c6e78c99a22e59e82b317cfa375f3ea9
ce470df3dcae338febd7f4fa6c69c459c60a40864c23b7e3967e424cd6941744,b8c7874066b082cb229860c1bdd5d65adcf94012
733694bc87b13c4386a19417c26d249552785da09b23cedc2e40deaf20ead6d1,5dbddc75bbcb66d08abcb82abd6405b56a2bd727
b5d3a6bf4e568ba5202d2e726844c4230d96a684ec6417ce6ea257b9accda7a0,3dcdf86865b5b54879f5d430de27f9ec124af9ef
9491f6196b38afa8429100110086f3a4c9cf961083123acda7d19cbc0b36684b,4ec18b10968e9666c5259504e3c308a9601b0391
4d35e5f7488a71f034f32b86c9793ee811af3e112ea832b7b2a1cde166198b3a,f3194d41d8cff2b09bf94cc36fd62a6983abba34
e0492352e4bf594f1f724fb4feee2d95aa466999e388c349f45ec81e8709f7de,68203ee2586e5101b5691882ea5f6216913a7e08
f3ce6eb3dd24f9407ee375eddc1e8acd6252c7907e991abcd85690a5f20e92ed,6a239475dc4a1fd97cb3a5e8d160a0e105a79daa
5f08e431a165dce4d5854dad80ab58c38c828cace908ce86255d53b9ec1a409d,fa15b38b4fefa153180776ccee98418befca111b
b44db7f649232fbbf4828127c1aee70fc581e7842c0bd2b000b0426d14dd3b8e,ef5aa3c50d617200c2d479c538e3fad5d1cc2522
7029cb31a580ccf784068ceb53ddc6dccb9df19ad41b9d1b5b46504a11687fdf,fc6a9f722f2afd313c7ba2eb96e75b9bc3171478
62b208253832246ae601c99b0388fe61c652c1f15ea12d73fef6a30eb8f0cf4d,d76294c6676ca2c6e100de8637ce0b43c7f75ecb
43743b60ee749b0f5b6b3ba693b8bf38c431754c1beebe41c1c81cc0ab796bf7,b25b9a0bee2bc402dfcb8c97a15610a85ce6077e
29d75ed40c5b9d74e5dee97504aea22478eaa9ebd93a936371bd3d01fa661a32,92efa882ebcbfcf7606f7074be38902867f3c2d3
a1a9bc8f5ccb24ddbc1c929d817f30afee1a7ffe88f5dd1424f7c5e31d688816,41adb8ffd64261fc204fc3c9b0a67b16aa08c324
79788fd203ef6cd50c851020a5befaa554022e809b753eaddb53a10248ffa592,135c409f2ef50ed1d9d7fd43336c24d397e9d371
d9b34385ccf31e47c620d310f91c8d0d68e1f328248fd7926b29677559d0c09880197aa20123671d761c95bde36970f3b84c0da2da4d420530664a54957bc75f7a16e5db870eed7943ab76316161ae62fb34a2f8f346a031a526ddfc0f684f9262fc9b4aa617f74fbab4ee267902dabeff65427c23a09163a1d7a1c349f9f5ba92c14c551b176834960282ebcd0fcc0bf07998dd08f4a061b11d461d960111bb4c109fa57dae064ec92c46e38b845acfb3bf1da986af7b1c1af92d8ca6d48a9f2b3f0e45b6dbd99685f80835d12305e3885fd994e3e5da76a9d06065e6b04ea956a1d49cee375da07541bf55aaed210cf81d372b76fd333a3cf1c60126ccc36bcd2c7f7c1f882ddc4129e41603928131,7ed8d36a599f58c458051458b7faa0ad3ae59602
2bac73326691e4881f581057efc41c928363ef49b39a91d217430eb3dc32363a,133d2969d5f099cfe65b69028ad57ead1d7f7436
51837590b88a8838eb8850afd896ce7f675f58ef9d6ca85abc6a7d09a398a692,8d95b8bfe7af9ff8197f33911e24d76a8a04a8b0
8a308e149d7cee65fe373b1c5b2e1b640636bc9cbb25c151402dbeb7c4199cd6,3d45117a056a3a3a726d855853ed995e8d5ceac3
e8c7037939cf21e873f0b24c1d885c3e0c336f0026f379e58b6c3bdfa281eb84,bd989f881c89fe2450d55a76df6fa2ac37d37beb
1b2f78a88abd087e5bb172e95bf08966f43ab787ac32a7912e8d8e0239e1eaf1,208f1d5b536cd7789d16ac3c8bbc381b7f0e0c06
fdd2d25fcfe2d6c4f89920c09556131e668e8675d0d1f3edc80e0fa64b3e18e7,94e0b56a2e72a39af583ab99b72153011723827b
e7dda38137dd883f90c5d92458c0791c50df0bed7b4bbbd7f96fdaf46a349c23,36fc2308c55fcc79c241b46264b36fc3fb4ac844
12c18dec429f44304e131e92396943d705e81be543c5e3515afd5daaa8b97ff2,954b3700aebf9858b3589758b610321e7f3b59d3
d47f7caf8a674ed4d837a81b01ff247454eedda0f93b22de541b377708523156,8584dd5da9caf68ccc14ba92e0261d25f799864a
9b491b1bfb3ec8f1c0d2e64c5335a58e6e052ea1481a54d654adcb3264a4e5b7,53919970058e69b37568cbf78f92c54e424eee0a
cb89f5517181f09bbf9fdcc17271d3d8a017dba6c17fe1c707ec236c628555a8,3654eeeb5b9e73b0e6329323a79bfe2f9373df19
591700ff01be402c28edc0b951c00b0511c877448bdc10955c96250c0505d8cc,8818ffb88cc5698f59e2fdac6ea1e10986ada2bb
207b7086c9a961f4d2a4dbf588927c1587b44b8562326dd7cb670e9315d0ae47,c1df064905229ded9a9362efc60320f6268f5018
40fd4ea79dcc999f086a4e57d3136f320364d2d5326d874211fe5c624319511c,819fd4b5a9593f4e8035784277140632a75ce816
a9e2ac2cc6b6913b96f69e4fa22bb34312c63d40b41b51a309240811d9a95cc7,78b92ace7fcd317e046386626151fbe277191530
e3689de6625c61d73311da829f20b4ba28da98f6437806ff4162df302f43110c,774a3e413bc04cc425a0aea3fed352c6dff506fd
c7089804c17c2366ba2d4f185d25d96602cf55c2873ac89753d87e7b286addf3,08620e35b8bc271014bebe34840cb1a4b1e5e3ef
0b1c1514e3ce5f002ddab86d9e1009f8ea8c569e136766b224528f589b4a624d,be7f2808e2ef5121e3b3f2ba88fafbd8f561cb93
34fad28c580b48e701766c5d960cba90f944e74352f869f20ce633d691bd3c63,623f1d1d7939d886dc7c6f74ef7fa3d8dd6d6d06
c22101c959b9171df3e4674e5be32ed3e34fbd7fdcea4e554acb45375ec718a5,6dc3e8eacfdcfb8794700fab7045f4bdd0a2e94f
c9dcc59b8bba81a317859cbbea2e8f469e5aef63c0d938be268334079e080a5e,32504498562581b887c0ad363a7999fcbaeccc3f
cfade3b9880f1a11d5b346432ac1158a43bcd566dc72cd04a2581982012255f8,84ad080ecce05e4130b57990bd2dbd545f2e3012
16f3796b001150d5f3c1217d35450a272f6ecddacdcf22f75de2d9e3404e3010,b900e76fd5112f4849d3b34b9b264fdd2c414696
197ed69edf3cf2f511dd2a63b265a4b17de4b9f5da65c5ecaf53665afb2be08e,c2daa38a44898321a1ebff0e2679a45ca88905ae
217b14b82d37bf79f94718a21b5e94c5233766cf63a61cce99522b696cbaab61,51812cbc251a76e8ca3b30b8c100174beee9aa52
5d5b9e44b2ce43747c4d408309ec7a53f65607e1e5115a38e11dddc928e204a5d3b448061ef9cef37773f4661843326432b1375ff5d16bfaf1e57a904a4d9d31df0f6f6786737fed51679fdc0eeb6ff6da9aae5e88e894bce5b2f59e41f38af114bb2437be0e072dcb3ea8c14d7238f0962db85ea9062f9e0bb98d9e83cd5e9b3a3210a0b9e0aa92356df8949f20ce8be5f3fd4451fe4d2be28862423364fbb990e83feb12380c9e58f4934c7d589731536b41472c2f35b5289c8366eaf26af2f0da389a354e3e3b84dfbbfc66a4e802bcd72e3bf24a5d5772d94fc3afe58af2831ea59c9ea2d5ad8ff28325d731095387f32be8faef264f042517de74b42efa,60f16045c30754ae0635626fda17a3fcb3b9aa9a
c0ab25c106e27ce5aca3bbe311c62cca6487d2c9775ff3845911eedf409c36d3,5bfb450efd07ebbec4791abaf61bb4d3c41f5efa
ac03aded38b06e2aa6d4ba0a7e1e2ef5e921e1e234de8b6868bb53daee1336e1,0378105c6a158a05060821eaa2f8bbee16ce25fa
b7d4814f80435fdf9490f27cfdf4304de1bf508c370cbd4dacc5978aa87180da,842ef8a4ad6d9cce3da0a487a072b8cc474cbbce
3db14f223ae7c238ca34b5658ca013f762ec5c6175415229e095a17b09afc90b,5c89610071a73a90016bd6b9e7894bfe7007b56c
24692f1d51fcf34d8c06ea5d04c8c66f3516166b4c4266d4001ca5530e8306b0,e18c137a80db19cfec6114c06b7639859367c28e
9bac2fd849a17008fe901de8e507ebe6418b23378a3f4cdda13fc43923f89543,89c4081179397a73435cd9c12483b30c99d6aa35
396abba1c7bafd2a6aae7b7a417fd8f3066e6156ca5d7d5d952f60f0c35810aed4973c9a318c4d0e362e8e897e82ede08dd18aef9b9b549820c15f7bcd9c86ae3a0e43f9107bb65ecff26b917b0e73d53373b28a36c93ebbfebbc7fdc04d4da2dc72a1d2f2b49c9cbd361d7933de2fbc3510dcbb6783ef7859b80588aa58aa1a1094fcaff7f5805de0c99e5a0ee87ee494a35f2893274c29fd60fead0f6dec17be1ad7674a427dfdf51da4a2d31aa793fa475713bc873e4a88db72cce63d6f911085670548095cd69e279a63525e6c99cf257c69126228df5cee0edfe29af161d91d698ef16c69e108ca2d5399ce49b65e7e606a32be059922c27c8ebb2ba970dfd4c718a0e1275e4e32e58c7593088a,583170ed6f507866c9ade8d3baad352e7ee82c71
e18ab94f0d7ebb6f05af3000250245da4a5f37ec59ae86b6ea60f6ed0d25d3cb,1cc878cd87a362feb4b5fa861a0ed3f80f99c20d
ca223e12d7ed3868a775a929e572bd13c6764d7fd50b4ea7b7d90185ee199e69,975d9c1dd6a7b1b43e09d442ae4d90af13b130fb
c2f2a62c3ce9eb9bb6f75393ddb80660913e6f8a1470acd9e247e0113df6cf79,1a1fd7fcd4ceb958c89d7fff162d0297c18ea84a
3d06122ec01f2a8b3416536a876f8c3401098fdf3c144c60aa37c6cc0499ffb9,ed7a83b931c1f50a43daf7e64e76f3c51962c2db
507a6b50407d71799366b853c44f914c5e55fb8929af7baa4e6206600a740039,81e5be5eefecfbbbe3de95032d4c15fe8635132a
98c922e88984dbef63fa1958644bca07eba52efb5d6dfb59334d28b6b563f9ae,747fd2ca9a44de7e253eb5c59ba42993cc0442f5
2fe267a96adc0fb840484e98b3f0ef149f9ef8614516fc919f3666b2a55df9c6,3be81cfe97013286675e1ee3a9d51e9a1f7ea491
6a4190daa2801a03051a55d8b72327025b24b27914682c191739da2387c69bd4,f9b2f4c44c6b9a56cccbc281fe5c85cd567a4e93
9314e3a1d074bb542a9bf535eaf29cc3164bd25ce2b8733a5e53fb7e5741e2d8,5ad617668ee44854701e192826bcc04cc07dfe46
0fb5a24bdd8333508939e154e054a3dcb9a0c229320f5ba8c99f9fa15e4c5451,fb6c772dc12350b7ab19a76151232c4165f97ef2
91b996f8e98509fcb9e7f5c2a87142dc7bac13b164f9ccc3d3a0a3cecbfa3dd2,424ad43abe58a60098778e0be5a1cc953349e489
7d3c65a39d4a53c9228a9e7542cc430a8dc2fd02b768f4ce368bdf6b96b430fb,76a9c7f70ad1720f6bb69b7d291f47253512ee48
994f0a79712aad0353a60b0a0ce7eefb7ffff696b9dbfd6c788bb18d12f7a863,544aa39f2a0b39e755911523d285f2c5e09f4abc
82f4f604fd3251ca791fc2c296bdf84ec12a78c14a8010a8324e030d669bdc3d,39ef66a1bc8e5c386ded6c86d3147f717547f9f9
f07aec31626052108c0fea3958ce43caba3ef7bd7bc54cae8112ab0940463e87,6eb5cfe631726a14487cd4c137ebf6feffdb72b9
c36136503e2422a9281fa0dc4e31e5de59cfcdbd2e7d9afbe00f58bb5221c705,d08b2fd0a2a72208eebb82f2154699597f5dd310
9fa53e842e993eb79b4130e344e655ae9ee93f3baf99d93644b2dac90f900a29,16fff0b2abe128a1bef99950fc44a0db0f94d7f4
507655b3e951c4211dfc6470980d23cf8c14e68bf48b633116d173b77597ab2d,140f924581a91466fe9070988401fb277544eac9
790a9cc8f7b824eac42133a0445ac3dd6c6046ddc2c80f7807d78b24c65d507a,3b71e43aff5f25a795983d30ed0f329a7068eb56
7948a08571d38adfda26bc962aa573ad344528eef4c4de15b86a1278bd9e2a33,1b28f9c6c8b4f8c22c25244ee26d0294f9faf981
f403d2e96454da179e2d0b830fccfa487435670719405b038b31433afe5639e4,3bce2f76a2724b8b1904f8decb28f04f5619f043
58910164e1ebfd28ba18928417b314cf8bd4c9a919f7b4485219b524a92130ee,241fb12e0394cec38417a7366c358352d549eb28
db6de127f5afc8bc8e1b143fb85e0a1cfe63750148f83e30213fc982db86c0f5,aa889eb9dcf08b321be9ccda6fefffefeb956b9f
9d0d7fc8d3597cb9d37974ddf6570282eebebdcc59e2121037b8f23d06b2ded6,691b44ad25f66f0473cc0a52d742ec66033de95e
22b29b5fbb135990518f95231b6af289d776eb4db1a68a4b58ff17117d949797,4edb394c73d1275b4915b6ce3f6cc2958164ef42
ceafa85726cb123f8b835fdacdbb6e56def83b8a81ec203cd3dc47f8a8313ff5,7a2c256af50fd55b74c7211314c11fac1a50f0f8
c7329b785e765e6830686f1e385f4e53ea6133eb2fcf1a5a31fa2c1532b081a6,2329d0b6ddfbedb92c7bbdcb9585da03176ecf1b
0cd4a605297c70954507b6101af827ede14dd2e52b3308dc4a2003bc1bb21a1f,f6e70cab15df8fc26c852f1b472e82bcf7251d3f
e246b3f3da7aac6b605ac183ab2dab3dca5f3149a86dc1222bfc6d32083fc138,e9ad01f366b88873c01873b925f6f47c052ee1b5
6c4c1d5442987793e9abda1fcc8beede9e01d57ff9ea6acbf1520f1da02a8432,e2353b54cd7178ab5a12ea61ddf1440470c3fe21
734e314950d0f9432279bfe49cbf20ca7f59842fb38a325e1eced54903320a4e,5d8ec9d829223fe0c7d8a40c5ac8cb81272de53b
ccb1431f1c125c9d8e1e75611d146e8dac60336165ec45174a67814a560b1711,118b97843a317c7cbd122083d8ee9b76846240c3
f2aa23dea182b8dedcc65f67304de7e6caab2713f04aebace1efc33545d71f9b,11fd646004407d1e90d64d640ce0e016290fcab7
404ba84b1f3ee4a13b549e321f9ceb437345c6fa935acb6227a6e1985cde00041eed6604f6df6fea15e8dd5465807fad38220000024f2e09702cf8ef5c80a01232403efaaf492aaa20b00c64b8bf980c851d5e1e1221611ddf91f73a77429babb31d67db7db0dad4af71322d43b60a3dd3bb66719b567c1f7c136d8eb96edc52d5adde3220590866d31dc0b4a1f5551a1f07cfa11c6d34cf2ee507e132cc89037239ff962163117d6d128aea2ea4e343c7fd536b862bce94529044053be5192b651dd5faaaee2319593c69923660486d4a8102aab5e36502101d2663d03469c1b64366cc7ef87c4c9faee9a9a91a49081ce47a37434df496e38dc4fb22321fe44da6d9d9f885abf833de41cf3614416c,86b33ffefe237db41711c272d738b94b1e758a82
17dfbbded49f1b9654efd5eba45803584f6d11457aa524d75e1e909ea41e03c2,afbb8e9d27982607b5d23d2f65bb081968992af2
944599ee3b3abdcd9bab720d6f5ecc8424f4f06a8b944ac4311b708d6d88fd2f,893117407285a4b774c1d639343b2aa9d99f2db9
9f18e550a91124bce21bbe8fdae14c8733d9e46dd6e59ef7089b3ece30d732e9,c04c2846ea6cbb72e22543961537d84b6cbcebfa
779c2ad64385e99180542abfcd0445b3096299c699a12237653515b07c31b55b,7d675c7c6e558fa8f25ac3efd396dad915ac3fe3
71efb685535ebacea33c8268c18c6f702f6f11acaff8537f1bc1160076452612,561f6cf1d4d25a4ed1a783aa276308ce300f6818
7350f8bcb6e700a02f96f67b3f4402a474179e6d08a2d02323fa2aed190481c4,704259f6fb98c5b91c9712a268e35fc898681c80
2d0bcadd055114fbf53a65c375c25476f2d094e5eb8acdc3b868756e07ce307237f5649e50beffa8f7008f35a17573fb0fa62bb9a30a07b6db473177543cce2f1af6402d1734f21887b6cc953d2a72c225ea3f2504abd9832349974af6b75bc92f6263d2384f1d86a5a9ab47f1c156e0e561626839323ada26acb3baa7e4a138f2b3fbbab16bdf776a1aa5d7ad893d2383bef0ca5b306156050351b04bab6b26d2c6374b9a19893959d851f79847b9fd26ea5e5787a7c10b2eb5ad00e6f6113ec5a410af613f83d3a591823f2998b7de7fa305597269322a7e3aaed83fce1a83f7efcaaa4ac8ddba0882d6349803debbe191c2cf0c20725b7180a80f61759d2a64e53bcf3e1801d0fea288bc247e388e,9cf63f55fb0212ff71e474876bbb66736993f5ea
cd4da0ed35c2a97fd18779542dfa1ba4165108f13ea6822878cec09288099a53,3f8c4bdb71f366c78d927863cee595c1c90c8f48
776b5a9dfdb1a695fdb24ee888f407d84a60dd29706395beb085af23f0fdb594,aae1e54d182ac8076bdeee800e69d34faff297e8
87d0ee2e866645a56adca2f9a7f93c1f05c609669d62f18c2deeb51ad84c3933,01c7729be39e558e87376c05ee582852648dc565
0e68a9444ae58fec9c3b02ac7ac75b86927c7d957b68fbf252ded9c16c5484b5,c3083794fb3fafbf44f8cca8526813d430d5b67d
7643f4c311facfb49b3cc24e79a80dc763b7bc8ac00c44e8e49b095c73017d80,18108de856d5d8718e4027da38adad2030e00c71
a0fea77b9fb83e16058c896674d27214158cb23dd5cf35dcfbdbba6a8a09f19b,b78879912f1561fb1f963a7437142cb59d4ee372
08f7d3aac112f67e1e9748fc5c4a585e708818a3b673753391d316a83a708fdc,1ed037e3f61eec7199bf5ef417bd734dadbe7c0e
b428114c7874c2f148722cfac723ce6d0ccd9193b03aa651933585a4ab7cd1e5,248ad751a93b7908c959a800b5fc7fe06c1f3e7b
7b2f8b4d875b180e03ba107cc1765d95701085fc56021ead0071b9150f7636de,cede0af2df4b98121696c18e8e51506169afefa5
d2198c02c674ab279c95f9ee76d094b31d9fa4f9e7ef5cfe2fdc9db9309c0f76,d6fd4f9189227fa5430c02790aeba53bd4a883bb
dc4ed089df3b34c49f0def4a744c33dbc9170ca2d793a97e4bac3a636f96188f,a62770660767c6bbd61e7b5fcf225ef52a91acbb
e0fc43de72a8b4905f0dd9d1f2ac1b335be11e85feec15ab3bdd0c5d6421da92,fe1012aaea0e506ec7ee6861d9708629ffac1e55
7f72360f50188a534ebe1be51d858de30b6c07185d3fafb7a616220c1b7c48d5,d2c44533c249ef00e254bed1667c5a6f9f11bffb
a963e8fb1a24846b905828cee467c18fcff2f5f63d63b6f28a11aca5db16b461,4c156485b76de4c9204d567e77c836ed2059d5d0
b47b573e659fed4a53fffca0fb68cdf1428063018b37df90944b754f4ae13248,27cbc6b8d14482a2050cf1fc874c366d6215e18a
997db103aad87746c2a5a816d1ad12abc4dd30ef68c6c82f94d63e99742c5ae9,7a16266d53abe0a745f0c96b5ab234c446c5a01b
babb11a72499c388bf689a7392a10ebb0ae0f06b9dba2f87cca52fae60d1b836,98f519a45873a9ac7046725584febe8b0583c530
6fa2905947b727a061e90c773bad19fa673351a657adf082b8ccbb68ae4ec1c0,f98881d658e5c46ef1d323646f242e232f34017c
5a15ad9fd6a47e82ccac331d9528ff6e0b548ee24b918ada37eb73277fba9ee9,26f810b854cac9f8eb5fef3a8ab208fea29ff7b2
7f202304b7c749994cc007766ebe519f9fb694f1ee355acff686a52347394900,9647c82047134760398cce034fa6808d7855155b
32b2c4ab90aa0ba451492406d634a3c15d6c9609f102250e8fac346377330755,95c09ab7807fa6dc8e675b540a46586e82de8bd2
aa01fbefb1276bdb07f7016629da544013ce7b48daeb884791d576566a0fc01c,a62314072ecf1dd2335e8784bb3244cbec3cc3c7
643e4bd3bfab74afedd63c6e8a018b9940c1c1a8b01744c653ac21343779f67d,dd78177806e2572039e8ca6b20c2b1d35fd59dbe
b0394fa8b4fb8696c81537d1596f84e44885fd04706af0f7c5eed1e00ceec6c57759fda40e8dafa813b521674dd16097db26af0c3418af1891b99350645ab6bb492994ff1d9759a15df4aedfb27379a750c3d315f53ba5b354c330a6836ccb889f3870461b249f624aaead46d8b2d35277a9186c77aea231529d0511e90de9c5037a25ab51ab430ed47d1f7b035674b2f63c72ede0133f86a136b93cc8332b798f664a81de9fe5aa116fc65a50fb205e9cc6a468fc58ffb8371299a5fdd3127b33ec9d5718a0ad43d8401cea12db9ee128b052c1ebde63174426b62f68eb332b744a5ffe4d8b8eacec8594cea350dcdf51d2d6d2c15ab4efcdc157a1bcf4cefa00ee967815664500fb8f295dfca2ccc9,cb94784827447d11881626a37d9faf08fc787dc3
fcae0a80cb0e99ca708e9950a813d996f3d02e49256bb1b487c517dd20159387,ce92bfda961167b8dba9ef3d168977e2005540d4
ec32999343b606c93b0309cd0b29d3f12e28a88ff552a64c2edf765bfd8418c0,f2f9713e3dbf889e7a93848d800e033fa4887d6f
472c95c6eaed0a0c381105952d7fdd22f28e376ef88abfaa054ab86ae6bd7a83,003eb73e034a964178215539439d0daace5b4bab
526f56f7860027efa7fd719354cb7bcd2dc9efc5b0ea7046e810d6b0b2212baa,f723be0f424feba42ba0a8e1c38243a7e908b253
351f12662ccafe9c2997cbadf06b4556fc3985c46bdb9fd0ac6913980540cfea,70432d8be128f65f9d5b99e916c16a251e9bde57
08c7d7d69b91a215c253acdb6c749650f07b35968a86ec08a447057eebf0ed06,c91cab1d3a10c3b5c1386979601ca49c60e1081e
ccdb94576844b1753b0ef7f1ad9bc5335e86609cedb4d1fc288e427f8fe0e8be,f6f67f92e5d2bf34fb33dff5fe67ea50ea6bf94c
a768968d5d492c3ec9a4178e7ab5e60ee6dff9f8380a26b940a7466c7279c3bb,dc992c8cd1352bd43c0f2b83453cd52b97f94656
7600a0d9ca99266c8050634eb5b72e687dc1afb198d85367c294b8ff1840cae0,4f00b7189e6bada7161b70263bdc50e4e42105ff
e6fdb7b20d7b26ae0507e798b60a3374272b61a646dc535cfdf19bc27f8ffd2d,de22f371bf6a7db4a8e06526ddebaa617d0ca9ae
83c8a76505d106de71378d8ac497e5572f414ab1c22e57eed07778ba6c288d57,87ca28155948d279847885d661f8f65877d526be
6ff26bd6ce9101e52e840db8a9023eccbdf72322152d096101665c9d1e9f2889,3c6b6e68719a5b0a73cf380051f7b9c79f1e3d93
1b1b1218624572133c758c48129a439a2ae134c227f492009f83712ac042bb2b6f1bc4ca32f6b5c659db8cbec8cb9f98c6acf3fc2d7cadc84afb781e1e4399149e3f7cd93023f5abca9246c8ab8b66c638cd9d212d581ade11004b684e2f175af0d90fb008440875e5cad1629f603a3248b6484d62d6bf9d8ce49dcfb67560b8be07fb52f3a1d4f5213be7b8d1f3461e2b2bf5575f325ba35ef91ab29fe55b6dc697c17df1830f981405528991cc50f025ca389cc4627f5445a4657a9a77be56ac19de8a9b5deeca3df9420c7bce3b0d3d54958a27bc00ccec9ee981d955596e09ea2a832e817fe0feb021830f8480382aca26096fe8e1b6e71ad607dc35b4f0b385ae1d88e5b7505209f74e8aa4a912,898ef24c174fc8f6c25abdec943ea814185f3002
3d6d8a34e9b63f94ee2b092dcab80616979276f63fd93c42c6b91d192aa95705,9f38ae71bbf25f05b2fddcf347c7b610803e8bc0
ea16d8bd4f2526f24af5301935ab632c79707bb83155451d7a6de961cb857d0e,2050c9eb3532a35483643d7ea8828d3149a13f1b
9f127c78024741e6b56f420d98ac789649ee57f38364e96a37e1a75caf83a95e,cce0634a7d0bbeca861ff36f34ee17e713b26152
1d048aa72bdcfb38b8574e96fcb38760d1842e77d0f435bc24e6f5ae2c0171d5,57257689047e65c2fbbbbe3850a450df82c16190
f10931933ad7872f857cff1bb6dab64db3460fe7736619d4048e9738a3115754,27d7c9b578b0985acec5c5b296e94e0f0955d106
d7763780ea895ac91bbbee20467888ab33466f133fb3a903b4188cec0c54d2f9,121e0d8abfa34e1fedcd8e8868f280e13b5de1ff
072ee99e14272fd9423ed46f02df1adbf0b3422b153967bfc3b50661c7b230f0,ec48dc707c4aab4881c2547ad43d1681eb36a580
db6907b0d84bb577b58a9de02fd0bd4fa4e24b7e9e3e436602727c7f4c432ac7,45a84e9d2f026db3daf0ca49c40c6a4c01926912
ffb1cf5b2cf9ff3e4d5ebd33686ac934282b57ca69d09b4ae68fbf7ea1a5ee4e,60b6362fa4cd6938f347e2228cca53ec05a7ab69
8015479e4594a34df311d84b437abad490785f0d750d9f4d588e8ff7b204c880,633ab701ba76a52d541d944c18d1dcac3088c4be
9a93903095bded756e8cf57662769b268fa0aef8080336dd5124534870d23258,2d006509bbebd3b918e2adb065973762973d8a5f
7f70d1f2f729231187fe6a3ff698915fdf10ea1cdb2b3e4973fc807e7334a4db,bdf66c98806cafe4cb7c3461202dd7cb3cc1f74a
ae6b5a1bffee2d08765d1b4e8d59bb787633148881b852aaa65f52d8b99747ff,b962367989e1a4a092ceb5d23b0ff444998ce3f6
4d9cd0dfde54707ed2d2c36baef57163318dcb6f2aab72b08dd26b5dedd394ec,02a0bcd0a3397beb878f6337a9bc241e37083796
7bf796a56cf28f0b4669e9d0e05eb276afafaa4700b2a6ebb2ce5a0f9581e400,65e389110d4f1f679b6ec3630a9e390ef1e61304
ee8d4f191bde005cb1d91c7e4c10f1af7cc398c131b2da64b796bf18d8f761fb,4077bdf2968bba4c348ceb1eb8fe32cd00112d13
5b9528f2b189bfca7a69e18fd0672474a0cb7d0931c8e402361b5806c667cedc767f3c5b217505918393485c677cc85b747ebde7b223a025157846d59b76c274a14c7f634ef6f8b1df0a6bd29cdbafcefcf31e23d861890c48bddaa656acf0505beb5dcb372e5247fb34fac0c2418238accc2f16b8bac297ca2942cf752b28442a1da912d1832d9fda424bd69318a97bd9d47a9d9b228c160cedbe0dec37b5bff67425c4de89a20545735695999bbb0d7a41a2b69302331537699d20f0a0599572f2afac305402ca0be2cd1f95e71c3f17c882cf86d7ed6c7795efed16cfffab4d28c410b5d59da1328e3d890d28545eab895fdb6e8529bc7c345fab63a6aac597a7134796ccb27c8705c9c29c1d1ad4,684a3ac076b9c48ef6a78722663081df0f29f093
417e1a2320e87bc693cfb4343422a82ce821156e8edacc8f2d5130514160da8e,d5be85afa9a2421f7a2223de80862b8e66aca314
709aa6f90f70c4f55bf2a16ada4241d19bfda1454ad17c05a2de8f6471f81849,777c78892c3ec310d93483b453df147dea9ffe91
085d3ae87fe88140bd8a4e311f44bbafa024c6f7418913dc831a03457a8344a5,67429f0fb0ad64e09fceb024ac755391e48f81f9
4e5b93ee6ad22ff50d530b971bed9700bbaed8ae3a071ea9d9ca4935a6b70e78c02acdd7da6961225b9e4107e8b16c3e85829c32d74403adbf53e6e59c505369b9af0cb8bdc34eb52742c59a941bdd5fd7ffd9e8a4f460c188a7ea78fe2b2c9124a9fd37d6e4b379e92271a0a82b7c4f3f6329bb7d73336996e37237e234ebecc1a907279ecb96e802834a5fc053143bed46582cfb260a5b4d6904e40642eff623ff84be7f613779b6b02927e88903250aedf9f1ba2159ba618cd701010c36142909ed0c837d3e4b564bcf943ce9770aea5f879db4d9e36e25eb8616887439f8aff9ea53d735b28c85d9219882eef0b3f7b432c24134176f566bb8075f99f8c2deadd788d489144ac716091cac0b5cd5,aca76dd755eb2944079bec16657f6ff9c1d0fa17
4b8cb8c936ba623a2bdcb33b7fe39f76c79e18ef5cee63092b72783faa67b138,0f6d4e369ff1f10d438ffc37303d31d8a596249c
176d2533558abedbdf80f30bc1207c4f635fdd247ce97ee0a129620bd5ffa3d2,37240f024e6a5a5a3dada9ba4cf70c55f525c17e
9560389bf024bfded99ba382cd0e7c1c6a1a6978c606435e1e95174738ca0a65,6e64dd20599c5c4802f55735abe9cddcec0b3cc1
3bdaf7d06dd6a3533146c4441acdd35e9abf2c24e8ed84e839e815a1da479553,2cb5566c671060503bc706b5c37f921128cde764
4adcd429b41f32036ed931359ec79ee5c00031640b08ad6bda396832e5a21cdd,d75e5545913f0488b7ff9a3e46523b62acdff684
3d2f8535eaab10dfe35be33a18b0f4ca8cceed3283600e9ea24370369dc7568f,f79f4f12573ec28da3bf1b5033cc95c5faefbcb8
e7944aa361ac8fc28debecdb2a8acd8caacf95b0ecda7887a288177c0def2a57,f3b5a2a5445437a4591a664061ff62aaeb2589e0
a90ec627eafcf265ad723865634148c5cfcaf75836b61a55da879f024b10497952454c70b94254a7730cfc851ca24ec2423fa492adf857b5a1debfc4545390c5b66087a9907e792b3b3d18eebd892b9c091ed0f8f11e88f394e14a48031fa82f35723715ffc31805760d91e4080f61d0e3c8dcbe4aff90af6e485869a61c40c659fd35c5e44fb484f3e96af613ad8e3ac4c3198d927702d3ee9e880836a4ecd7402eba6ba83242082921b83e201eb1c8daeba9a55ab3feb550c32ecdc874dce3a4026c5fb4e0f753c07606ae73443f66944e438783f1b5a8365a33adb97e450eb66399f9a9b59a532e0c8cf20f8f5a7770e7607368dc5bacec2f7ec8d813d59a29efad78ca41db79e9229ec46d740343,7eb8e47a02daa499f8263171952875b95ffc2121
e70f3e726441abedaec1275851f2da1bad5441436aeadb6450f0aa2340a8aec8,6597cdbf0f5e3d9bc912567f2f1ee23aa6f873c6
2925e8f0639c32272be170a3143ac2f21b2e0703bb564550285ea81a76c64d2d,27b0daf352a4a774856b92335138368a332865cd
79f5325db04b0c601cd523c9f40081246a3bbf345237827800f8f86fe43b3d69,18dc44a6d23d8d0cd1949855bc30c4173d4c51b9
d1f048cc2f0178f741417139435e6f4c83814223a4321d30353edc5f5afb252b,6ec725e601fb15b5ef7586f7722b0b66963e7008
cf8d5e379987bab6bc11b5ab837e3387b8028c7d8687d7be9ce20a62389b8a2a,cb41344535bfdbfb2327cc8a10009492ecdfe206
cb3d1a81bec7aa4dfeb0ef833b79eca3e612cb288f3ba8d05cf0c5ff064f33bb,06cd283b547edf099c5641e3e51c7b921ac483b6
25ffe2a5f852379113ee9172b6e06ecd74b05774abb06e8e73aabfeef00afaca,ee97a7a64b336e47e40f6c0f219efa9756271caf
45a8d6b3c1b20b1e63546689b9c610901034427553669a381d431502045c79e9,b33670f47989292b49eceb22a40a239a029f2a07
3c0e690bf0afb1a8f79164695090a4bb16a25fdef31051cd2b65f7e84bb05419,53b186b0ded311551cf59d9fe917c9ab22fc2651
3f39156042921bd447033e644c2d7ad06598c6a9f67e4c0a76227f8d82517250,69350173142cb8d735241b9d814aed7a13f953d9
1be26419a53e907cefa5f589aa0e3439d760a5e2dbf0871ee4247aa772104aed,20fbdbcad8608934b7273d3df32454e2184e6350
91a11e635a3b2b6135757527c02db3d69b6d164b27add058bc06ebee91e5f415,caf3cf7b97ab9cfd824b1db83044c9f5d95e16b0
2d03fef1cae86d292eee4a7bda3a23cb6d9b422b0b8292d527c64f2de1db7b28,0dc177c62df19ccbc22d90446c9683c2fc7ac19a
bfc65a0286b05902e308793dc2eb54d1deaf6a0774a938484c35b2280b1d77da,fff5e7f8d1b22f435b7fcaba2795c37ac0d81dd1
9425b6800bb576596a299582963489e06a641ee372c6fbb1931afa116185bf0b,0fec51f4815a56fd5deb97ebff963be5a8f1cc87
1b9ede14b2a04f74a3bf70409a73ba9fe46cc434a79d77a4729c59650c1364e7,462a83e19355b76117e9fb8b882e7f1cd2caaceb
ca17ebdc9e8b6b37d1dc278f1290619f6c7039aadb02787e62c40cb0192e8c3e,c9bc13f99b3cf94727a3aa87775f8cb311d4a32c
741258e193c4f4c2903dd7cb7a134013d2175094ec1c765e72ab797d4b2dd790aa1440e65af4d69055ff9e1afc86855042ec965f8b7228a5fe59c573d61089213d7221e85c9b20ff3773cb428f3d84d7b0a24f8939dfafbd272a48d0570fc1d7ffd16f6863afdcead2159d942feb55ff642248e4d3f90b35a01abe7af68b6a89817e1bb66daa82002c32ab4960b067ec96a8dc889743df79ffd421fb85a186063d06dcf46e411064aa08c4538333ebbdab951ffcc9a13b3043add85401f5105f6eedc326852f33c04aba0f7d7993badc557c14928838301efddb09e39cb4d3666c4435a61fa67b8d9728f946a1ae1c75b452fd14a163d6b5767c677147ad47aa8ce815bb78c15e73daadd56684911aec,b33aec59555e1c3cc64fc45440726bbbc30586af
0fe60ddca5b30a91a8397de58b1007b5ef803e2527b257dfa3508ee810ab2c27,12734f161eae5009d668973dbd8784810a34ed25
ccdc87a5f94d821aefa78b934f071727f79c23a11b4b8b2241acf44b02f51970,a878d98cba37b6892ac86c61fe761df094770888
bc99da47d69d80c1d6f0518e328914c76c42e4587449ba97cebac3579d4b7f03,a3bd4c2ee97bd724dde59655ff4afa039719427a
e8c6e500438ed607607ad5eb06f02436eff5a38bf5766237570c181b95e95817,d0c6668d51591a0f5a33d7bb968133ec8565fbf1
b10f50e3c949cd29877bab28b6f52dc5317fee2566db318ff9a038e41fea8c7f,cfce50fa49559eddca15882f8039c7f5e91f3a66
bc1de1d97f8914ec6d94ef53c2b7ef5e6e701796e51ab4ff83f018d7770bf9ca,c66fc953650c28ed7c85f2c27758697432a487c9
402cef5dcc240b57e9457dfeabc1d83fe3b8d82531bf9e2d7951dcd9ee1e1524,dcb6fc948c55561978b50b3ab948d353f1ced725
fd5d8d40bbee70c86f7089dc0192122b51af6053ce310202cd86c6cd02936b4e,48adcae49c79fd6be6599b3579e6a29f86df9f26
2071d0c1237912a623f71b77e1d70048177d217fd12b63cc2f773bc1402f6703,034c9bc8f88857ccbb55958e29aa9634fe20e4cb
990b8d842eeeb53d45e3c69f83e87276936f3321e906e33fe787914bdcb1ebdc,5135ed736e7218178909319a3870afad050ec9dc
60994c2c6ae93c50a07367fc88e7d8929d4ff8ce976c4bd3cd94966f51f424f2,717da5b7736b60a78a11886617caec0e592b4df1
54a0e30e2b671fd5f6b767f1a1260653ca9304bb1441cf7a4346853dca7648b1,a4ebd9bd0c7398c905a02d249db222fd4f09aae7
021be1aa7ec6f5647f34b1c078496dfaa5c8bd91ed80b9659117b6e4151c57e2,731dd1fe126d9f46eb51adb5b750b52f19a8c500
3fd58794a6407ec3e578da45b62d04082074a56653512e5f626d3ac5e068dd44,b3917f6addb1ed5d2da0411f549ecb49a11aafc8
c147749c9cf8bc86ac2027481622113ba6d1edd295e0dd58e220d75debc9f921,ba8c8aed44ad6448c3f5420b8261a074a45f9ab5
ee5fa6dbcf4b412b1da7f6e98e57d8b181bc9273115406d8b0829cfd5bb861c6,e931ed1f697bf4bf18618d0d5778b6ab0d58dfeb
bbd1c0e39a74090ae2b3634c2b9a9b39b97e85bafae7e438a496303f387e1f2e,697eb8c733d36eaa1bf5a5a9b1adc04fbd039bec
872085b21c2f6d31046a094da49a7d407f2f5da6cca2613385e490cf8a1a88ab,d194c49e077512c2f0ad9971c6c30b37251cc4be
c3f12289a21521365b081dbd10e1ae261e2825b934f3ae20b491d89074c21a30,d7f81f4b035de591c6bd7b59aba3a34e86a19fe2
90a0b7aa1f9cd5a5149e7a1e7acb0b72a16ec00ecac880b100af3329df0a53ac,99779350ec8bb8494eabac3a346cd5655ef19e1e
e2d658cda8200633e5e636eded66d5f4ae3887b16aff78fbf9f92411b72501d8,18ae937e63a4f249f3be8243ecce8bcca7a6ebc8
494f27feb6b193e59f6dcac562cb2b369bbec6eb78c69309a39e1155f089cf09,38fd6555ecee736f8643e2c31ec6c62d976c40bb
3cb044c8338f294fccb0197e25126b5100629f1b74d1baeedf7658806f50074d,1f9e96a59d1c9c8498a7f1dd8f9059ce104728f9
0377276aca468ddd10eb4c07913dd86730903a619748f291f8291d18c0a318ec,fcc4cadef3f856b66a9480ccaa5ff4b833d2ce3d
0a250c2cdc4c56fb055000befe844db32e74a6bf775a23b7b002d90357f85cc5,90e86f3f677bcf99796fbfe9ecabd0d5dc080777
51b7fb03f1ba6f4f99bea9368a11bd57c1f66e6f404e36fe1bef93b6315a56d9,c237bdf1d7a51d3bbdcc1a41943ddc6342ca5221
91a04786dc6f266c1b76de425139f578ef30c5ee3356d60d07948b2ff8c67b37,0e523167458bea5a02b05445c3263efb62e66011
18f80c0921cbbe1b955dd51cfaf65663a3ef81440cf2781cecab3e86d28638ee,745c9bd2eb5c3c15a920ca1e73a0c3658d5cab8a
0e9d988815efe7e2c78cd8b2ddd820039e8ff7ce4042e2a274c80c7f8e89902f,0f8aaf8f0108527e44b99ac2a758770cd259de30
50413c0ae443621796614c2677a679521a114d8f45a7efa02a763477209cf1d6,d8f7da40c9f0a70fd7e286266440b24d29373b47
da3f9fbc79cc83cd07f8a9f89b6f752ab220e5361e4f3feb6ead7e716c2bc8f4,d2480be068d4bb72fcc75676237bcd99c611c69e
3c403fdf14443e5966f10818630516dc56b732cc85dff66e40942cdb78b91a2e,5ad1f1f539abb8f31d8254fa0dfe88067fa5961c
